launch_h3.sh: GC plugin missing in /usr/lib/habanatools/habana_plugins; using /opt/habanalabs/habana_plugins
[h3] plan: {
  "workflow": "t2va",
  "bucket_res": "r480",
  "canvas": [
    864,
    480
  ],
  "duration_frames": 124,
  "T_lat": 37,
  "audio_latents": 207,
  "rows_per_frame": 405,
  "fl2va_extra_rows": 0,
  "text_budget": 512,
  "expected_packed_seq": 15911,
  "steps": 2,
  "seed": 42,
  "device_map": {
    "te": "cpu",
    "dit": "hpu",
    "vae": "hpu",
    "audio": "hpu"
  }
}
[h3] workdir: /root/src/h3/hpu_port/workdir/t2va
Loading weights:   0%|          | 0/1058 [00:00<?, ?it/s]Loading weights:  30%|███       | 322/1058 [00:00<00:00, 3200.40it/s]Loading weights:  61%|██████    | 643/1058 [00:00<00:00, 3022.41it/s]Loading weights:  89%|████████▉ | 946/1058 [00:00<00:00, 3013.73it/s]Loading weights: 100%|██████████| 1058/1058 [00:00<00:00, 3039.60it/s]
Loading checkpoint shards:   0%|          | 0/14 [00:00<?, ?it/s]Loading checkpoint shards:  71%|███████▏  | 10/14 [00:00<00:00, 97.68it/s]Loading checkpoint shards: 100%|██████████| 14/14 [00:00<00:00, 97.67it/s]
Loading checkpoint shards:   0%|          | 0/3 [00:00<?, ?it/s]Loading checkpoint shards: 100%|██████████| 3/3 [00:00<00:00, 37.74it/s]
/root/src/h3/.venv/lib/python3.12/site-packages/torch/nn/utils/weight_norm.py:144: FutureWarning: `torch.nn.utils.weight_norm` is deprecated in favor of `torch.nn.utils.parametrizations.weight_norm`.
  WeightNorm.apply(module, name, dim)
============================= HPU PT BRIDGE CONFIGURATION ON RANK = 0 ============= 
 PT_HPU_LAZY_MODE = 1
 PT_HPU_RECIPE_CACHE_CONFIG = /root/src/h3/hpu_port/.recipe_cache,false,8192,false
 PT_HPU_MAX_COMPOUND_OP_SIZE = 256
 PT_HPU_LAZY_ACC_PAR_MODE = 1
 PT_HPU_ENABLE_REFINE_DYNAMIC_SHAPES = 0
 PT_HPU_EAGER_PIPELINE_ENABLE = 1
 PT_HPU_EAGER_COLLECTIVE_PIPELINE_ENABLE = 1
 PT_HPU_ENABLE_LAZY_COLLECTIVES = 0
---------------------------: System Configuration :---------------------------
Num CPU Cores : 128
CPU RAM       : 125 GB
------------------------------------------------------------------------------
Attention backends are an experimental feature and the API may be subject to change.
Attention backends are an experimental feature and the API may be subject to change.
[h3] placed transformer on hpu
[h3] placed vae on hpu
[h3] placed audio_vae on hpu
[h3] attention backend: habana_fused_sdpa (DiT + video VAE)
[h3] rope cache installed on transformer.rope
[h3] graphs OFF: eager lazy mode with post-call mark_step
[h3] block logging installed (12 block classes; H3_LOG_BLOCKS=0 to disable)
[h3:block] > SequentialPipelineBlocks
  [h3:block] > MiniMaxH3TextEncoderStep
[h3] embed cache hit: /root/src/h3/hpu_port/.ecache/0be639c56afc729bbdfd0553cfcdb827514604c2bc47bd7cba02687153a0c4ff.pt
  [h3:block] < MiniMaxH3TextEncoderStep: 0.010s
  [h3:block] > MiniMaxH3NoKeyframeAnchorsStep
  [h3:block] < MiniMaxH3NoKeyframeAnchorsStep: 0.000s
  [h3:block] > MiniMaxH3PrepareLayoutStep
  [h3:block] < MiniMaxH3PrepareLayoutStep: 0.003s
  [h3:block] > MiniMaxH3PrepareLatentsStep
  [h3:block] < MiniMaxH3PrepareLatentsStep: 0.013s
  [h3:block] > MiniMaxH3SetTimestepsStep
  [h3:block] < MiniMaxH3SetTimestepsStep: 0.002s
  [h3:block] > MiniMaxH3DenoiseStep
  0%|          | 0/1 [00:00<?, ?it/s]    [h3:block] > MiniMaxH3LoopDenoiser i=0 t=0.0000
    [h3:block] ! MiniMaxH3LoopDenoiser i=0 t=0.0000: HPU sync FAILED after 0.258s: RuntimeError: [Rank:0] Habana exception raised from ValidateSyncInputTensors at hpu_lazy_tensors.cpp:871
    [h3:block] ! MiniMaxH3LoopDenoiser i=0 t=0.0000: FAILED after 0.258s: RuntimeError: [Rank:0] FATAL ERROR :: MODULE:PT_BRIDGE Exception in Launch thread...
Check $HABANA_LOGS/ for details[Rank:0] FATAL ERROR :: MODULE:PT_LAZY Error, ValidateSyncInputTensors tensor_data is empty. Tensorid:4787 QueueStatus: ThreadPool m_tasks size: 1 irValue:id_25431_0/attn/hpu__input Uniqueid: 4787 Strided Params Has Value: 0 Failing Graph: IR {
   %id_64512_47/prim__constant Unique ID:0 = n15323_prim::constant{} , scope=47, value=1
   %id_6064_hpu__input Unique ID:1210 = n1211_hpu::input{} 
   %id_6054_hpu__input Unique ID:1208 = n1209_hpu::input{} 
   %id_64466_47/prim__constant Unique ID:0 = n15309_prim::constant{} , scope=47, value=1
   %id_25431_0/attn/hpu__input Unique ID:4787 = n5320_hpu::input{} , scope=0/attn
   %id_64463_47/prim__constant Unique ID:0 = n15307_prim::constant{} , scope=47, value=0
   %id_6084_hpu__input Unique ID:1214 = n1215_hpu::input{} 
   %id_6074_hpu__input Unique ID:1212 = n1213_hpu::input{} 
   %id_63925_47/adaln_proj/prim__constant Unique ID:0 = n15122_prim::constant{} , scope=47/adaln_proj, value=15
   %id_25429_0/attn/hpu__input Unique ID:4784 = n5319_hpu::input{} , scope=0/attn
   %id_63916_47/adaln_proj/aten__silu Unique ID:9959 = n15119_aten::silu{id_25429_0/attn/hpu__input Uniqueid: 4784 } , scope=47/adaln_proj
   %id_63923_47/adaln_proj/hpu__cast Unique ID:9960 = n15123_hpu::cast{id_63916_47/adaln_proj/aten__silu id_63925_47/adaln_proj/prim__constant } , scope=47/adaln_proj
   %id_63928_47/adaln_proj/linear/aten__linear Unique ID:9961 = n15124_aten::linear{id_63923_47/adaln_proj/hpu__cast id_6074_hpu__input Uniqueid: 1212 id_6084_hpu__input Uniqueid: 1214 } , scope=47/adaln_proj/linear
   %id_63932_47/aten__view Unique ID:9962 = n15306_aten::view{id_63928_47/adaln_proj/linear/aten__linear } , scope=47, View Size = [3, 32256]
   %id_63944_47/aten__slice Unique ID:9966 = n15305_aten::slice{id_63932_47/aten__view } , scope=47, dim=-1, start=16128, end=21504, step=1
   %id_64454_47/aten__index_select Unique ID:10057 = n15308_aten::index_select{id_63944_47/aten__slice id_64463_47/prim__constant id_25431_0/attn/hpu__input Uniqueid: 4787 } , scope=47
   %id_64449_47/prim__constant Unique ID:0 = n15302_prim::constant{} , scope=47, value=1
   %id_64446_47/prim__constant Unique ID:0 = n15300_prim::constant{} , scope=47, value=15
   %id_24725_0/hpu__input Unique ID:4806 = n5207_hpu::input{} , scope=0
   %id_64440_47/hpu__cast Unique ID:4611686018427388000 = n15301_hpu::cast{id_24725_0/hpu__input Uniqueid: 4806 id_64446_47/prim__constant } , scope=47
   %id_64434_47/prim__constant Unique ID:0 = n15297_prim::constant{} , scope=47, value=0
   %id_63932_47/aten__view Unique ID:9962 = n15296_aten::view{id_63928_47/adaln_proj/linear/aten__linear } , scope=47, View Size = [3, 32256]
   %id_63947_47/aten__slice Unique ID:9967 = n15295_aten::slice{id_63932_47/aten__view } , scope=47, dim=-1, start=21504, end=26880, step=1
   %id_64429_47/aten__index_select Unique ID:10054 = n15298_aten::index_select{id_63947_47/aten__slice id_64434_47/prim__constant id_25431_0/attn/hpu__input Uniqueid: 4787 } , scope=47
   %id_64437_47/hpu__add Unique ID:10055 = n15303_hpu::add{id_64429_47/aten__index_select id_64440_47/hpu__cast id_64449_47/prim__constant } , scope=47
   %id_64426_47/norm2/prim__constant Unique ID:0 = n15293_prim::constant{} , scope=47/norm2, value=15
   %id_6044_hpu__input Unique ID:1206 = n1207_hpu::input{} 
   %id_64406_47/norm2/prim__constant Unique ID:0 = n15286_prim::constant{} , scope=47/norm2, value=1
   %id_23854_token_refiner/0/norm1/hpu__input Unique ID:4645 = n4916_hpu::input{} , scope=token_refiner/0/norm1
   %id_64403_47/norm2/prim__constant Unique ID:0 = n15284_prim::constant{} , scope=47/norm2, value=True
   %id_64397_47/norm2/prim__constant Unique ID:0 = n15282_prim::constant{} , scope=47/norm2, value=2
   %id_64391_47/prim__constant Unique ID:0 = n15280_prim::constant{} , scope=47, value=6
   %id_64383_47/prim__constant Unique ID:0 = n15276_prim::constant{} , scope=47, value=1
   %id_6034_hpu__input Unique ID:1204 = n1205_hpu::input{} 
   %id_64356_47/attn/prim__constant Unique ID:0 = n15266_prim::constant{} , scope=47/attn, value=0
   %id_64344_47/attn/prim__constant Unique ID:0 = n15263_prim::constant{} , scope=47/attn, value=False
   %id_64340_47/attn/prim__constant Unique ID:0 = n15262_prim::constant{} , scope=47/attn, value=0.088388347648318433
   %id_64337_47/attn/prim__constant Unique ID:0 = n15261_prim::constant{} , scope=47/attn, value=0.
   %id_6004_hpu__input Unique ID:1198 = n1199_hpu::input{} 
   %id_64033_47/prim__constant Unique ID:0 = n15156_prim::constant{} , scope=47, value=1
   %id_64030_47/prim__constant Unique ID:0 = n15154_prim::constant{} , scope=47, value=0
   %id_63932_47/aten__view Unique ID:9962 = n15153_aten::view{id_63928_47/adaln_proj/linear/aten__linear } , scope=47, View Size = [3, 32256]
   %id_63935_47/aten__slice Unique ID:9963 = n15152_aten::slice{id_63932_47/aten__view } , scope=47, dim=-1, start=0, end=5376, step=1
   %id_64019_47/aten__index_select Unique ID:9979 = n15155_aten::index_select{id_63935_47/aten__slice id_64030_47/prim__constant id_25431_0/attn/hpu__input Uniqueid: 4787 } , scope=47
   %id_64016_47/prim__constant Unique ID:0 = n15149_prim::constant{} , scope=47, value=1
   %id_64013_47/prim__constant Unique ID:0 = n15147_prim::constant{} , scope=47, value=15
   %id_64007_47/hpu__cast Unique ID:4611686018427387999 = n15148_hpu::cast{id_24725_0/hpu__input Uniqueid: 4806 id_64013_47/prim__constant } , scope=47
   %id_64001_47/prim__constant Unique ID:0 = n15144_prim::constant{} , scope=47, value=0
   %id_63932_47/aten__view Unique ID:9962 = n15143_aten::view{id_63928_47/adaln_proj/linear/aten__linear } , scope=47, View Size = [3, 32256]
   %id_63938_47/aten__slice Unique ID:9964 = n15142_aten::slice{id_63932_47/aten__view } , scope=47, dim=-1, start=5376, end=10752, step=1
   %id_63996_47/aten__index_select Unique ID:9976 = n15145_aten::index_select{id_63938_47/aten__slice id_64001_47/prim__constant id_25431_0/attn/hpu__input Uniqueid: 4787 } , scope=47
   %id_64004_47/hpu__add Unique ID:9977 = n15150_hpu::add{id_63996_47/aten__index_select id_64007_47/hpu__cast id_64016_47/prim__constant } , scope=47
   %id_63993_47/norm1/prim__constant Unique ID:0 = n15140_prim::constant{} , scope=47/norm1, value=15
   %id_5974_hpu__input Unique ID:1192 = n1193_hpu::input{} 
   %id_63973_47/norm1/prim__constant Unique ID:0 = n15133_prim::constant{} , scope=47/norm1, value=1
   %id_63970_47/norm1/prim__constant Unique ID:0 = n15131_prim::constant{} , scope=47/norm1, value=True
   %id_63964_47/norm1/prim__constant Unique ID:0 = n15129_prim::constant{} , scope=47/norm1, value=2
   %id_63958_47/adaln_proj/linear/prim__constant Unique ID:0 = n15127_prim::constant{} , scope=47/adaln_proj/linear, value=6
   %id_63913_46/prim__constant Unique ID:0 = n15117_prim::constant{} , scope=46, value=1
   %id_5944_hpu__input Unique ID:1186 = n1187_hpu::input{} 
   %id_5934_hpu__input Unique ID:1184 = n1185_hpu::input{} 
   %id_63863_46/prim__constant Unique ID:0 = n15103_prim::constant{} , scope=46, value=1
   %id_63860_46/prim__constant Unique ID:0 = n15101_prim::constant{} , scope=46, value=0
   %id_63625_46/attn/hpu__input Unique ID:9851 = n15020_hpu::input{} , scope=46/attn
   %id_63641_46/aten__view Unique ID:9852 = n15100_aten::view{id_63625_46/attn/hpu__input Uniqueid: 9851 } , scope=46, View Size = [3, 32256]
   %id_62847_46/aten__slice Unique ID:9856 = n15099_aten::slice{id_63641_46/aten__view } , scope=46, dim=-1, start=16128, end=21504, step=1
   %id_63848_46/aten__index_select Unique ID:9947 = n15102_aten::index_select{id_62847_46/aten__slice id_63860_46/prim__constant id_25431_0/attn/hpu__input Uniqueid: 4787 } , scope=46
   %id_63846_46/prim__constant Unique ID:0 = n15096_prim::constant{} , scope=46, value=1
   %id_63843_46/prim__constant Unique ID:0 = n15094_prim::constant{} , scope=46, value=15
   %id_63837_46/hpu__cast Unique ID:4611686018427387998 = n15095_hpu::cast{id_24725_0/hpu__input Uniqueid: 4806 id_63843_46/prim__constant } , scope=46
   %id_63831_46/prim__constant Unique ID:0 = n15091_prim::constant{} , scope=46, value=0
   %id_63641_46/aten__view Unique ID:9852 = n15090_aten::view{id_63625_46/attn/hpu__input Uniqueid: 9851 } , scope=46, View Size = [3, 32256]
   %id_62850_46/aten__slice Unique ID:9857 = n15089_aten::slice{id_63641_46/aten__view } , scope=46, dim=-1, start=21504, end=26880, step=1
   %id_63826_46/aten__index_select Unique ID:9944 = n15092_aten::index_select{id_62850_46/aten__slice id_63831_46/prim__constant id_25431_0/attn/hpu__input Uniqueid: 4787 } , scope=46
   %id_63834_46/hpu__add Unique ID:9945 = n15097_hpu::add{id_63826_46/aten__index_select id_63837_46/hpu__cast id_63846_46/prim__constant } , scope=46
   %id_63823_46/norm2/prim__constant Unique ID:0 = n15087_prim::constant{} , scope=46/norm2, value=15
   %id_5924_hpu__input Unique ID:1182 = n1183_hpu::input{} 
   %id_63803_46/norm2/prim__constant Unique ID:0 = n15080_prim::constant{} , scope=46/norm2, value=1
   %id_63800_46/norm2/prim__constant Unique ID:0 = n15078_prim::constant{} , scope=46/norm2, value=True
   %id_63794_46/norm2/prim__constant Unique ID:0 = n15076_prim::constant{} , scope=46/norm2, value=2
   %id_63788_46/prim__constant Unique ID:0 = n15074_prim::constant{} , scope=46, value=6
   %id_63780_46/prim__constant Unique ID:0 = n15070_prim::constant{} , scope=46, value=1
   %id_5914_hpu__input Unique ID:1180 = n1181_hpu::input{} 
   %id_63751_46/attn/prim__constant Unique ID:0 = n15060_prim::constant{} , scope=46/attn, value=0
   %id_63740_46/attn/prim__constant Unique ID:0 = n15057_prim::constant{} , scope=46/attn, value=False
   %id_63736_46/attn/prim__constant Unique ID:0 = n15056_prim::constant{} , scope=46/attn, value=0.088388347648318433
   %id_63734_46/attn/prim__constant Unique ID:0 = n15055_prim::constant{} , scope=46/attn, value=0.
   %id_63629_46/attn/hpu__input Unique ID:9873 = n15022_hpu::input{} , scope=46/attn
   %id_62957_46/attn/aten__view Unique ID:9876 = n15054_aten::view{id_63629_46/attn/hpu__input Uniqueid: 9873 } , scope=46/attn, View Size = [1, 15911, 56, 128]
   %id_63718_46/attn/aten__transpose Unique ID:9925 = n15053_aten::transpose{id_62957_46/attn/aten__view } , scope=46/attn, dim0=1, dim1=2
   %id_63709_46/attn/prim__constant Unique ID:0 = n15049_prim::constant{} , scope=46/attn, value=-1
   %id_63631_46/attn/hpu__input Unique ID:9890 = n15023_hpu::input{} , scope=46/attn
   %id_63137_46/attn/aten__slice Unique ID:9908 = n15047_aten::slice{id_63631_46/attn/hpu__input Uniqueid: 9890 } , scope=46/attn, dim=3, start=96, end=9223372036854775807, step=1
   %id_63700_46/attn/prim__constant Unique ID:0 = n15045_prim::constant{} , scope=46/attn, value=1
   %id_63637_46/attn/hpu__input Unique ID:9912 = n15026_hpu::input{} , scope=46/attn
   %id_63159_46/attn/aten__unsqueeze Unique ID:9913 = n15043_aten::unsqueeze{id_63637_46/attn/hpu__input Uniqueid: 9912 } , scope=46/attn
   %id_63659_46/attn/aten__unsqueeze Unique ID:9914 = n15042_aten::unsqueeze{id_63159_46/attn/aten__unsqueeze } , scope=46/attn
   %id_63681_46/attn/prim__constant Unique ID:0 = n15036_prim::constant{} , scope=46/attn, value=-1
   %id_63133_46/attn/aten__slice Unique ID:9907 = n15034_aten::slice{id_63631_46/attn/hpu__input Uniqueid: 9890 } , scope=46/attn, dim=3, start=0, end=96, step=1
   %id_63662_46/attn/aten__slice Unique ID:9915 = n15033_aten::slice{id_63133_46/attn/aten__slice } , scope=46/attn, dim=-1, start=0, end=48, step=1
   %id_63133_46/attn/aten__slice Unique ID:9907 = n15031_aten::slice{id_63631_46/attn/hpu__input Uniqueid: 9890 } , scope=46/attn, dim=3, start=0, end=96, step=1
   %id_63665_46/attn/aten__slice Unique ID:9916 = n15030_aten::slice{id_63133_46/attn/aten__slice } , scope=46/attn, dim=-1, start=48, end=96, step=1
   %id_63668_46/attn/aten__neg Unique ID:9917 = n15032_aten::neg{id_63665_46/attn/aten__slice } , scope=46/attn
   %id_63679_46/attn/prim__ListConstruct Unique ID:0 = n15035_prim::ListConstruct{id_63668_46/attn/aten__neg id_63662_46/attn/aten__slice } , scope=46/attn
   %id_63673_46/attn/aten__cat Unique ID:9918 = n15037_aten::cat{id_63679_46/attn/prim__ListConstruct id_63681_46/attn/prim__constant } , scope=46/attn
   %id_63688_46/attn/aten__mul Unique ID:9920 = n15044_aten::mul{id_63673_46/attn/aten__cat id_63659_46/attn/aten__unsqueeze } , scope=46/attn
   %id_63635_46/attn/hpu__input Unique ID:9909 = n15025_hpu::input{} , scope=46/attn
   %id_63145_46/attn/aten__unsqueeze Unique ID:9910 = n15040_aten::unsqueeze{id_63635_46/attn/hpu__input Uniqueid: 9909 } , scope=46/attn
   %id_63151_46/attn/aten__unsqueeze Unique ID:9911 = n15039_aten::unsqueeze{id_63145_46/attn/aten__unsqueeze } , scope=46/attn
   %id_63133_46/attn/aten__slice Unique ID:9907 = n15038_aten::slice{id_63631_46/attn/hpu__input Uniqueid: 9890 } , scope=46/attn, dim=3, start=0, end=96, step=1
   %id_63684_46/attn/aten__mul Unique ID:9919 = n15041_aten::mul{id_63133_46/attn/aten__slice id_63151_46/attn/aten__unsqueeze } , scope=46/attn
   %id_63697_46/attn/hpu__add Unique ID:9921 = n15046_hpu::add{id_63684_46/attn/aten__mul id_63688_46/attn/aten__mul id_63700_46/attn/prim__constant } , scope=46/attn
   %id_63707_46/attn/prim__ListConstruct Unique ID:0 = n15048_prim::ListConstruct{id_63697_46/attn/hpu__add id_63137_46/attn/aten__slice } , scope=46/attn
   %id_63703_46/attn/aten__cat Unique ID:9922 = n15050_aten::cat{id_63707_46/attn/prim__ListConstruct id_63709_46/attn/prim__constant } , scope=46/attn
   %id_63715_46/attn/aten__transpose Unique ID:9924 = n15052_aten::transpose{id_63703_46/attn/aten__cat } , scope=46/attn, dim0=1, dim1=2
   %id_63633_46/attn/hpu__input Unique ID:9906 = n15024_hpu::input{} , scope=46/attn
   %id_63712_46/attn/aten__transpose Unique ID:9923 = n15051_aten::transpose{id_63633_46/attn/hpu__input Uniqueid: 9906 } , scope=46/attn, dim0=1, dim1=2
   %id_63721_46/attn/hpu__sdpa_fwd Unique ID:9926, %id_63724_46/attn/hpu__sdpa_fwd Unique ID:9927, %id_63727_46/attn/hpu__sdpa_fwd Unique ID:9928 = n15058_hpu::sdpa_fwd{id_63712_46/attn/aten__transpose id_63715_46/attn/aten__transpose id_63718_46/attn/aten__transpose id_63734_46/attn/prim__constant id_63736_46/attn/prim__constant id_63740_46/attn/prim__constant } @9=left, @8=None, @7=fast, @3=None, scope=46/attn
   %id_63738_46/attn/aten__transpose Unique ID:9929 = n15059_aten::transpose{id_63721_46/attn/hpu__sdpa_fwd } , scope=46/attn, dim0=1, dim1=2
   %id_63746_46/attn/aten__clone Unique ID:9930 = n15061_aten::clone{id_63738_46/attn/aten__transpose id_63751_46/attn/prim__constant } , scope=46/attn
   %id_63750_46/attn/0/aten__view Unique ID:9931 = n15062_aten::view{id_63746_46/attn/aten__clone } , scope=46/attn/0, View Size = [1, 15911, 7168]
   %id_63756_46/attn/0/aten__linear Unique ID:9932 = n15063_aten::linear{id_63750_46/attn/0/aten__view id_5914_hpu__input Uniqueid: 1180 } @2=None, scope=46/attn/0
   %id_63761_46/aten__view Unique ID:9933 = n15068_aten::view{id_63756_46/attn/0/aten__linear } , scope=46, View Size = [1, 15911, 5376]
   %id_63769_46/prim__constant Unique ID:0 = n15066_prim::constant{} , scope=46, value=0
   %id_63641_46/aten__view Unique ID:9852 = n15065_aten::view{id_63625_46/attn/hpu__input Uniqueid: 9851 } , scope=46, View Size = [3, 32256]
   %id_62844_46/aten__slice Unique ID:9855 = n15064_aten::slice{id_63641_46/aten__view } , scope=46, dim=-1, start=10752, end=16128, step=1
   %id_63764_46/aten__index_select Unique ID:9934 = n15067_aten::index_select{id_62844_46/aten__slice id_63769_46/prim__constant id_25431_0/attn/hpu__input Uniqueid: 4787 } , scope=46
   %id_63772_46/aten__mul Unique ID:9935 = n15069_aten::mul{id_63764_46/aten__index_select id_63761_46/aten__view } , scope=46
   %id_63623_46/attn/hpu__input Unique ID:9848 = n15019_hpu::input{} , scope=46/attn
   %id_63777_46/hpu__add Unique ID:9936 = n15071_hpu::add{id_63623_46/attn/hpu__input Uniqueid: 9848 id_63772_46/aten__mul id_63780_46/prim__constant } , scope=46
   %id_63786_46/hpu__cast Unique ID:9937 = n15075_hpu::cast{id_63777_46/hpu__add id_63788_46/prim__constant } , scope=46
   %id_63791_46/norm2/aten__pow Unique ID:9938 = n15077_aten::pow{id_63786_46/hpu__cast id_63794_46/norm2/prim__constant } , scope=46/norm2
   %id_63797_46/norm2/aten__mean Unique ID:9939 = n15079_aten::mean{id_63791_46/norm2/aten__pow id_63800_46/norm2/prim__constant } @3=None, @1=[2], scope=46/norm2
   %id_63797_46/norm2/hpu__add_ Unique ID:9939 = n15081_hpu::add_{id_63797_46/norm2/aten__mean id_23854_token_refiner/0/norm1/hpu__input Uniqueid: 4645 id_63803_46/norm2/prim__constant } , scope=46/norm2
   %id_63806_46/norm2/aten__rsqrt Unique ID:9940 = n15082_aten::rsqrt{id_63797_46/norm2/hpu__add_ } , scope=46/norm2
   %id_63810_46/norm2/aten__mul Unique ID:9941 = n15083_aten::mul{id_63786_46/hpu__cast id_63806_46/norm2/aten__rsqrt } , scope=46/norm2
   %id_63814_46/norm2/aten__mul Unique ID:9942 = n15084_aten::mul{id_63810_46/norm2/aten__mul id_5924_hpu__input Uniqueid: 1182 } , scope=46/norm2
   %id_63821_46/norm2/hpu__cast Unique ID:9943 = n15088_hpu::cast{id_63814_46/norm2/aten__mul id_63823_46/norm2/prim__constant } , scope=46/norm2
   %id_63840_46/aten__mul Unique ID:9946 = n15098_aten::mul{id_63821_46/norm2/hpu__cast id_63834_46/hpu__add } , scope=46
   %id_63857_46/hpu__add Unique ID:9948 = n15104_hpu::add{id_63840_46/aten__mul id_63848_46/aten__index_select id_63863_46/prim__constant } , scope=46
   %id_63866_46/ff/0/proj/aten__linear Unique ID:9949 = n15105_aten::linear{id_63857_46/hpu__add id_5934_hpu__input Uniqueid: 1184 } @2=None, scope=46/ff/0/proj
   %id_63873_46/ff/0/activation/aten__slice Unique ID:9951 = n15106_aten::slice{id_63866_46/ff/0/proj/aten__linear } , scope=46/ff/0/activation, dim=-1, start=14336, end=28672, step=1
   %id_63876_46/ff/0/activation/aten__silu Unique ID:9952 = n15107_aten::silu{id_63873_46/ff/0/activation/aten__slice } , scope=46/ff/0/activation
   %id_63870_46/ff/0/aten__slice Unique ID:9950 = n15108_aten::slice{id_63866_46/ff/0/proj/aten__linear } , scope=46/ff/0, dim=-1, start=0, end=14336, step=1
   %id_63881_46/ff/0/aten__mul Unique ID:9953 = n15109_aten::mul{id_63870_46/ff/0/aten__slice id_63876_46/ff/0/activation/aten__silu } , scope=46/ff/0
   %id_63886_46/ff/2/aten__view Unique ID:9954 = n15110_aten::view{id_63881_46/ff/0/aten__mul } , scope=46/ff/2, View Size = [1, 15911, 14336]
   %id_63889_46/ff/2/aten__linear Unique ID:9955 = n15111_aten::linear{id_63886_46/ff/2/aten__view id_5944_hpu__input Uniqueid: 1186 } @2=None, scope=46/ff/2
   %id_63902_46/prim__constant Unique ID:0 = n15114_prim::constant{} , scope=46, value=0
   %id_63641_46/aten__view Unique ID:9852 = n15113_aten::view{id_63625_46/attn/hpu__input Uniqueid: 9851 } , scope=46, View Size = [3, 32256]
   %id_62853_46/aten__slice Unique ID:9858 = n15112_aten::slice{id_63641_46/aten__view } , scope=46, dim=-1, start=26880, end=32256, step=1
   %id_63894_46/aten__index_select Unique ID:9956 = n15115_aten::index_select{id_62853_46/aten__slice id_63902_46/prim__constant id_25431_0/attn/hpu__input Uniqueid: 4787 } , scope=46
   %id_63898_46/aten__mul Unique ID:9957 = n15116_aten::mul{id_63894_46/aten__index_select id_63889_46/ff/2/aten__linear } , scope=46
   %id_63906_46/hpu__add Unique ID:9958 = n15118_hpu::add{id_63777_46/hpu__add id_63898_46/aten__mul id_63913_46/prim__constant } , scope=46
   %id_63956_47/adaln_proj/linear/hpu__cast Unique ID:9969 = n15128_hpu::cast{id_63906_46/hpu__add id_63958_47/adaln_proj/linear/prim__constant } , scope=47/adaln_proj/linear
   %id_63961_47/norm1/aten__pow Unique ID:9970 = n15130_aten::pow{id_63956_47/adaln_proj/linear/hpu__cast id_63964_47/norm1/prim__constant } , scope=47/norm1
   %id_63967_47/norm1/aten__mean Unique ID:9971 = n15132_aten::mean{id_63961_47/norm1/aten__pow id_63970_47/norm1/prim__constant } @3=None, @1=[2], scope=47/norm1
   %id_63967_47/norm1/hpu__add_ Unique ID:9971 = n15134_hpu::add_{id_63967_47/norm1/aten__mean id_23854_token_refiner/0/norm1/hpu__input Uniqueid: 4645 id_63973_47/norm1/prim__constant } , scope=47/norm1
   %id_63976_47/norm1/aten__rsqrt Unique ID:9972 = n15135_aten::rsqrt{id_63967_47/norm1/hpu__add_ } , scope=47/norm1
   %id_63980_47/norm1/aten__mul Unique ID:9973 = n15136_aten::mul{id_63956_47/adaln_proj/linear/hpu__cast id_63976_47/norm1/aten__rsqrt } , scope=47/norm1
   %id_63984_47/norm1/aten__mul Unique ID:9974 = n15137_aten::mul{id_63980_47/norm1/aten__mul id_5974_hpu__input Uniqueid: 1192 } , scope=47/norm1
   %id_63991_47/norm1/hpu__cast Unique ID:9975 = n15141_hpu::cast{id_63984_47/norm1/aten__mul id_63993_47/norm1/prim__constant } , scope=47/norm1
   %id_64010_47/aten__mul Unique ID:9978 = n15151_aten::mul{id_63991_47/norm1/hpu__cast id_64004_47/hpu__add } , scope=47
   %id_64025_47/hpu__add Unique ID:9980 = n15157_hpu::add{id_64010_47/aten__mul id_64019_47/aten__index_select id_64033_47/prim__constant } , scope=47
   %id_64044_47/attn/to_v/aten__linear Unique ID:9983 = n15160_aten::linear{id_64025_47/hpu__add id_6004_hpu__input Uniqueid: 1198 } @2=None, scope=47/attn/to_v
   %id_64054_47/attn/aten__view Unique ID:9986 = n15260_aten::view{id_64044_47/attn/to_v/aten__linear } , scope=47/attn, View Size = [1, 15911, 56, 128]
   %id_64321_47/attn/aten__transpose Unique ID:10035 = n15259_aten::transpose{id_64054_47/attn/aten__view } , scope=47/attn, dim0=1, dim1=2
   %id_64312_47/attn/prim__constant Unique ID:0 = n15255_prim::constant{} , scope=47/attn, value=-1
   %id_64144_47/attn/norm_k/prim__constant Unique ID:0 = n15197_prim::constant{} , scope=47/attn/norm_k, value=15
   %id_6024_hpu__input Unique ID:1202 = n1203_hpu::input{} 
   %id_64124_47/attn/norm_k/prim__constant Unique ID:0 = n15190_prim::constant{} , scope=47/attn/norm_k, value=1
   %id_64121_47/attn/norm_k/prim__constant Unique ID:0 = n15188_prim::constant{} , scope=47/attn/norm_k, value=True
   %id_64115_47/attn/norm_k/prim__constant Unique ID:0 = n15186_prim::constant{} , scope=47/attn/norm_k, value=2
   %id_64112_47/attn/norm_q/prim__constant Unique ID:0 = n15184_prim::constant{} , scope=47/attn/norm_q, value=6
   %id_5994_hpu__input Unique ID:1196 = n1197_hpu::input{} 
   %id_64040_47/attn/to_k/aten__linear Unique ID:9982 = n15159_aten::linear{id_64025_47/hpu__add id_5994_hpu__input Uniqueid: 1196 } @2=None, scope=47/attn/to_k
   %id_64051_47/attn/norm_q/aten__view Unique ID:9985 = n15183_aten::view{id_64040_47/attn/to_k/aten__linear } , scope=47/attn/norm_q, View Size = [1, 15911, 56, 128]
   %id_64105_47/attn/norm_q/hpu__cast Unique ID:9994 = n15185_hpu::cast{id_64051_47/attn/norm_q/aten__view id_64112_47/attn/norm_q/prim__constant } , scope=47/attn/norm_q
   %id_64108_47/attn/norm_k/aten__pow Unique ID:9995 = n15187_aten::pow{id_64105_47/attn/norm_q/hpu__cast id_64115_47/attn/norm_k/prim__constant } , scope=47/attn/norm_k
   %id_64118_47/attn/norm_k/aten__mean Unique ID:9996 = n15189_aten::mean{id_64108_47/attn/norm_k/aten__pow id_64121_47/attn/norm_k/prim__constant } @3=None, @1=[3], scope=47/attn/norm_k
   %id_64118_47/attn/norm_k/hpu__add_ Unique ID:9996 = n15191_hpu::add_{id_64118_47/attn/norm_k/aten__mean id_23854_token_refiner/0/norm1/hpu__input Uniqueid: 4645 id_64124_47/attn/norm_k/prim__constant } , scope=47/attn/norm_k
   %id_64127_47/attn/norm_k/aten__rsqrt Unique ID:9997 = n15192_aten::rsqrt{id_64118_47/attn/norm_k/hpu__add_ } , scope=47/attn/norm_k
   %id_64131_47/attn/norm_k/aten__mul Unique ID:9998 = n15193_aten::mul{id_64105_47/attn/norm_q/hpu__cast id_64127_47/attn/norm_k/aten__rsqrt } , scope=47/attn/norm_k
   %id_64135_47/attn/norm_k/aten__mul Unique ID:9999 = n15194_aten::mul{id_64131_47/attn/norm_k/aten__mul id_6024_hpu__input Uniqueid: 1202 } , scope=47/attn/norm_k
   %id_64142_47/attn/norm_k/hpu__cast Unique ID:10000 = n15198_hpu::cast{id_64135_47/attn/norm_k/aten__mul id_64144_47/attn/norm_k/prim__constant } , scope=47/attn/norm_k
   %id_64234_47/attn/aten__slice Unique ID:10018 = n15253_aten::slice{id_64142_47/attn/norm_k/hpu__cast } , scope=47/attn, dim=3, start=96, end=9223372036854775807, step=1
   %id_64303_47/attn/prim__constant Unique ID:0 = n15251_prim::constant{} , scope=47/attn, value=1
   %id_64259_47/attn/prim__constant Unique ID:0 = n15234_prim::constant{} , scope=47/attn, value=15
   %id_25419_0/attn/hpu__input Unique ID:4638 = n5314_hpu::input{} , scope=0/attn
   %id_64254_47/attn/hpu__cast Unique ID:10022 = n15235_hpu::cast{id_25419_0/attn/hpu__input Uniqueid: 4638 id_64259_47/attn/prim__constant } , scope=47/attn
   %id_64256_47/attn/aten__unsqueeze Unique ID:10023 = n15249_aten::unsqueeze{id_64254_47/attn/hpu__cast } , scope=47/attn
   %id_64262_47/attn/aten__unsqueeze Unique ID:10024 = n15248_aten::unsqueeze{id_64256_47/attn/aten__unsqueeze } , scope=47/attn
   %id_64284_47/attn/prim__constant Unique ID:0 = n15242_prim::constant{} , scope=47/attn, value=-1
   %id_64231_47/attn/aten__slice Unique ID:10017 = n15240_aten::slice{id_64142_47/attn/norm_k/hpu__cast } , scope=47/attn, dim=3, start=0, end=96, step=1
   %id_64265_47/attn/aten__slice Unique ID:10025 = n15239_aten::slice{id_64231_47/attn/aten__slice } , scope=47/attn, dim=-1, start=0, end=48, step=1
   %id_64231_47/attn/aten__slice Unique ID:10017 = n15237_aten::slice{id_64142_47/attn/norm_k/hpu__cast } , scope=47/attn, dim=3, start=0, end=96, step=1
   %id_64268_47/attn/aten__slice Unique ID:10026 = n15236_aten::slice{id_64231_47/attn/aten__slice } , scope=47/attn, dim=-1, start=48, end=96, step=1
   %id_64271_47/attn/aten__neg Unique ID:10027 = n15238_aten::neg{id_64268_47/attn/aten__slice } , scope=47/attn
   %id_64282_47/attn/prim__ListConstruct Unique ID:0 = n15241_prim::ListConstruct{id_64271_47/attn/aten__neg id_64265_47/attn/aten__slice } , scope=47/attn
   %id_64277_47/attn/aten__cat Unique ID:10028 = n15243_aten::cat{id_64282_47/attn/prim__ListConstruct id_64284_47/attn/prim__constant } , scope=47/attn
   %id_64294_47/attn/aten__mul Unique ID:10030 = n15250_aten::mul{id_64277_47/attn/aten__cat id_64262_47/attn/aten__unsqueeze } , scope=47/attn
   %id_64243_47/attn/prim__constant Unique ID:0 = n15230_prim::constant{} , scope=47/attn, value=15
   %id_25417_0/attn/hpu__input Unique ID:4637 = n5313_hpu::input{} , scope=0/attn
   %id_64240_47/attn/hpu__cast Unique ID:10019 = n15231_hpu::cast{id_25417_0/attn/hpu__input Uniqueid: 4637 id_64243_47/attn/prim__constant } , scope=47/attn
   %id_64242_47/attn/aten__unsqueeze Unique ID:10020 = n15246_aten::unsqueeze{id_64240_47/attn/hpu__cast } , scope=47/attn
   %id_64248_47/attn/aten__unsqueeze Unique ID:10021 = n15245_aten::unsqueeze{id_64242_47/attn/aten__unsqueeze } , scope=47/attn
   %id_64231_47/attn/aten__slice Unique ID:10017 = n15244_aten::slice{id_64142_47/attn/norm_k/hpu__cast } , scope=47/attn, dim=3, start=0, end=96, step=1
   %id_64285_47/attn/aten__mul Unique ID:10029 = n15247_aten::mul{id_64231_47/attn/aten__slice id_64248_47/attn/aten__unsqueeze } , scope=47/attn
   %id_64300_47/attn/hpu__add Unique ID:10031 = n15252_hpu::add{id_64285_47/attn/aten__mul id_64294_47/attn/aten__mul id_64303_47/attn/prim__constant } , scope=47/attn
   %id_64310_47/attn/prim__ListConstruct Unique ID:0 = n15254_prim::ListConstruct{id_64300_47/attn/hpu__add id_64234_47/attn/aten__slice } , scope=47/attn
   %id_64306_47/attn/aten__cat Unique ID:10032 = n15256_aten::cat{id_64310_47/attn/prim__ListConstruct id_64312_47/attn/prim__constant } , scope=47/attn
   %id_64318_47/attn/aten__transpose Unique ID:10034 = n15258_aten::transpose{id_64306_47/attn/aten__cat } , scope=47/attn, dim0=1, dim1=2
   %id_64228_47/attn/prim__constant Unique ID:0 = n15226_prim::constant{} , scope=47/attn, value=-1
   %id_64099_47/attn/norm_q/prim__constant Unique ID:0 = n15178_prim::constant{} , scope=47/attn/norm_q, value=15
   %id_6014_hpu__input Unique ID:1200 = n1201_hpu::input{} 
   %id_64079_47/attn/norm_q/prim__constant Unique ID:0 = n15171_prim::constant{} , scope=47/attn/norm_q, value=1
   %id_64076_47/attn/norm_q/prim__constant Unique ID:0 = n15169_prim::constant{} , scope=47/attn/norm_q, value=True
   %id_64070_47/attn/norm_q/prim__constant Unique ID:0 = n15167_prim::constant{} , scope=47/attn/norm_q, value=2
   %id_64067_47/attn/to_v/prim__constant Unique ID:0 = n15165_prim::constant{} , scope=47/attn/to_v, value=6
   %id_5984_hpu__input Unique ID:1194 = n1195_hpu::input{} 
   %id_64036_47/attn/to_q/aten__linear Unique ID:9981 = n15158_aten::linear{id_64025_47/hpu__add id_5984_hpu__input Uniqueid: 1194 } @2=None, scope=47/attn/to_q
   %id_64048_47/attn/to_v/aten__view Unique ID:9984 = n15164_aten::view{id_64036_47/attn/to_q/aten__linear } , scope=47/attn/to_v, View Size = [1, 15911, 56, 128]
   %id_64060_47/attn/to_v/hpu__cast Unique ID:9987 = n15166_hpu::cast{id_64048_47/attn/to_v/aten__view id_64067_47/attn/to_v/prim__constant } , scope=47/attn/to_v
   %id_64063_47/attn/norm_q/aten__pow Unique ID:9988 = n15168_aten::pow{id_64060_47/attn/to_v/hpu__cast id_64070_47/attn/norm_q/prim__constant } , scope=47/attn/norm_q
   %id_64073_47/attn/norm_q/aten__mean Unique ID:9989 = n15170_aten::mean{id_64063_47/attn/norm_q/aten__pow id_64076_47/attn/norm_q/prim__constant } @3=None, @1=[3], scope=47/attn/norm_q
   %id_64073_47/attn/norm_q/hpu__add_ Unique ID:9989 = n15172_hpu::add_{id_64073_47/attn/norm_q/aten__mean id_23854_token_refiner/0/norm1/hpu__input Uniqueid: 4645 id_64079_47/attn/norm_q/prim__constant } , scope=47/attn/norm_q
   %id_64082_47/attn/norm_q/aten__rsqrt Unique ID:9990 = n15173_aten::rsqrt{id_64073_47/attn/norm_q/hpu__add_ } , scope=47/attn/norm_q
   %id_64086_47/attn/norm_q/aten__mul Unique ID:9991 = n15174_aten::mul{id_64060_47/attn/to_v/hpu__cast id_64082_47/attn/norm_q/aten__rsqrt } , scope=47/attn/norm_q
   %id_64090_47/attn/norm_q/aten__mul Unique ID:9992 = n15175_aten::mul{id_64086_47/attn/norm_q/aten__mul id_6014_hpu__input Uniqueid: 1200 } , scope=47/attn/norm_q
   %id_64097_47/attn/norm_q/hpu__cast Unique ID:9993 = n15179_hpu::cast{id_64090_47/attn/norm_q/aten__mul id_64099_47/attn/norm_q/prim__constant } , scope=47/attn/norm_q
   %id_64150_47/attn/aten__slice Unique ID:10002 = n15224_aten::slice{id_64097_47/attn/norm_q/hpu__cast } , scope=47/attn, dim=3, start=96, end=9223372036854775807, step=1
   %id_64219_47/attn/prim__constant Unique ID:0 = n15222_prim::constant{} , scope=47/attn, value=1
   %id_64174_47/attn/norm_k/prim__constant Unique ID:0 = n15205_prim::constant{} , scope=47/attn/norm_k, value=15
   %id_64170_47/attn/norm_k/hpu__cast Unique ID:10006 = n15206_hpu::cast{id_25419_0/attn/hpu__input Uniqueid: 4638 id_64174_47/attn/norm_k/prim__constant } , scope=47/attn/norm_k
   %id_64172_47/attn/aten__unsqueeze Unique ID:10007 = n15220_aten::unsqueeze{id_64170_47/attn/norm_k/hpu__cast } , scope=47/attn
   %id_64178_47/attn/aten__unsqueeze Unique ID:10008 = n15219_aten::unsqueeze{id_64172_47/attn/aten__unsqueeze } , scope=47/attn
   %id_64200_47/attn/prim__constant Unique ID:0 = n15213_prim::constant{} , scope=47/attn, value=-1
   %id_64147_47/attn/aten__slice Unique ID:10001 = n15211_aten::slice{id_64097_47/attn/norm_q/hpu__cast } , scope=47/attn, dim=3, start=0, end=96, step=1
   %id_64181_47/attn/aten__slice Unique ID:10009 = n15210_aten::slice{id_64147_47/attn/aten__slice } , scope=47/attn, dim=-1, start=0, end=48, step=1
   %id_64147_47/attn/aten__slice Unique ID:10001 = n15208_aten::slice{id_64097_47/attn/norm_q/hpu__cast } , scope=47/attn, dim=3, start=0, end=96, step=1
   %id_64184_47/attn/aten__slice Unique ID:10010 = n15207_aten::slice{id_64147_47/attn/aten__slice } , scope=47/attn, dim=-1, start=48, end=96, step=1
   %id_64187_47/attn/aten__neg Unique ID:10011 = n15209_aten::neg{id_64184_47/attn/aten__slice } , scope=47/attn
   %id_64198_47/attn/prim__ListConstruct Unique ID:0 = n15212_prim::ListConstruct{id_64187_47/attn/aten__neg id_64181_47/attn/aten__slice } , scope=47/attn
   %id_64193_47/attn/aten__cat Unique ID:10012 = n15214_aten::cat{id_64198_47/attn/prim__ListConstruct id_64200_47/attn/prim__constant } , scope=47/attn
   %id_64207_47/attn/aten__mul Unique ID:10014 = n15221_aten::mul{id_64193_47/attn/aten__cat id_64178_47/attn/aten__unsqueeze } , scope=47/attn
   %id_64158_47/attn/norm_k/prim__constant Unique ID:0 = n15201_prim::constant{} , scope=47/attn/norm_k, value=15
   %id_64156_47/attn/norm_k/hpu__cast Unique ID:10003 = n15202_hpu::cast{id_25417_0/attn/hpu__input Uniqueid: 4637 id_64158_47/attn/norm_k/prim__constant } , scope=47/attn/norm_k
   %id_64161_47/attn/aten__unsqueeze Unique ID:10004 = n15217_aten::unsqueeze{id_64156_47/attn/norm_k/hpu__cast } , scope=47/attn
   %id_64164_47/attn/aten__unsqueeze Unique ID:10005 = n15216_aten::unsqueeze{id_64161_47/attn/aten__unsqueeze } , scope=47/attn
   %id_64147_47/attn/aten__slice Unique ID:10001 = n15215_aten::slice{id_64097_47/attn/norm_q/hpu__cast } , scope=47/attn, dim=3, start=0, end=96, step=1
   %id_64203_47/attn/aten__mul Unique ID:10013 = n15218_aten::mul{id_64147_47/attn/aten__slice id_64164_47/attn/aten__unsqueeze } , scope=47/attn
   %id_64216_47/attn/hpu__add Unique ID:10015 = n15223_hpu::add{id_64203_47/attn/aten__mul id_64207_47/attn/aten__mul id_64219_47/attn/prim__constant } , scope=47/attn
   %id_64226_47/attn/prim__ListConstruct Unique ID:0 = n15225_prim::ListConstruct{id_64216_47/attn/hpu__add id_64150_47/attn/aten__slice } , scope=47/attn
   %id_64222_47/attn/aten__cat Unique ID:10016 = n15227_aten::cat{id_64226_47/attn/prim__ListConstruct id_64228_47/attn/prim__constant } , scope=47/attn
   %id_64315_47/attn/aten__transpose Unique ID:10033 = n15257_aten::transpose{id_64222_47/attn/aten__cat } , scope=47/attn, dim0=1, dim1=2
   %id_64324_47/attn/hpu__sdpa_fwd Unique ID:10036, %id_64327_47/attn/hpu__sdpa_fwd Unique ID:10037, %id_64330_47/attn/hpu__sdpa_fwd Unique ID:10038 = n15264_hpu::sdpa_fwd{id_64315_47/attn/aten__transpose id_64318_47/attn/aten__transpose id_64321_47/attn/aten__transpose id_64337_47/attn/prim__constant id_64340_47/attn/prim__constant id_64344_47/attn/prim__constant } @9=left, @8=None, @7=fast, @3=None, scope=47/attn
   %id_64339_47/attn/aten__transpose Unique ID:10039 = n15265_aten::transpose{id_64324_47/attn/hpu__sdpa_fwd } , scope=47/attn, dim0=1, dim1=2
   %id_64349_47/attn/aten__clone Unique ID:10040 = n15267_aten::clone{id_64339_47/attn/aten__transpose id_64356_47/attn/prim__constant } , scope=47/attn
   %id_64353_47/attn/0/aten__view Unique ID:10041 = n15268_aten::view{id_64349_47/attn/aten__clone } , scope=47/attn/0, View Size = [1, 15911, 7168]
   %id_64359_47/attn/0/aten__linear Unique ID:10042 = n15269_aten::linear{id_64353_47/attn/0/aten__view id_6034_hpu__input Uniqueid: 1204 } @2=None, scope=47/attn/0
   %id_64364_47/aten__view Unique ID:10043 = n15274_aten::view{id_64359_47/attn/0/aten__linear } , scope=47, View Size = [1, 15911, 5376]
   %id_64372_47/prim__constant Unique ID:0 = n15272_prim::constant{} , scope=47, value=0
   %id_63932_47/aten__view Unique ID:9962 = n15271_aten::view{id_63928_47/adaln_proj/linear/aten__linear } , scope=47, View Size = [3, 32256]
   %id_63941_47/aten__slice Unique ID:9965 = n15270_aten::slice{id_63932_47/aten__view } , scope=47, dim=-1, start=10752, end=16128, step=1
   %id_64367_47/aten__index_select Unique ID:10044 = n15273_aten::index_select{id_63941_47/aten__slice id_64372_47/prim__constant id_25431_0/attn/hpu__input Uniqueid: 4787 } , scope=47
   %id_64375_47/aten__mul Unique ID:10045 = n15275_aten::mul{id_64367_47/aten__index_select id_64364_47/aten__view } , scope=47
   %id_64380_47/hpu__add Unique ID:10046 = n15277_hpu::add{id_63906_46/hpu__add id_64375_47/aten__mul id_64383_47/prim__constant } , scope=47
   %id_64389_47/hpu__cast Unique ID:10047 = n15281_hpu::cast{id_64380_47/hpu__add id_64391_47/prim__constant } , scope=47
   %id_64394_47/norm2/aten__pow Unique ID:10048 = n15283_aten::pow{id_64389_47/hpu__cast id_64397_47/norm2/prim__constant } , scope=47/norm2
   %id_64400_47/norm2/aten__mean Unique ID:10049 = n15285_aten::mean{id_64394_47/norm2/aten__pow id_64403_47/norm2/prim__constant } @3=None, @1=[2], scope=47/norm2
   %id_64400_47/norm2/hpu__add_ Unique ID:10049 = n15287_hpu::add_{id_64400_47/norm2/aten__mean id_23854_token_refiner/0/norm1/hpu__input Uniqueid: 4645 id_64406_47/norm2/prim__constant } , scope=47/norm2
   %id_64409_47/norm2/aten__rsqrt Unique ID:10050 = n15288_aten::rsqrt{id_64400_47/norm2/hpu__add_ } , scope=47/norm2
   %id_64413_47/norm2/aten__mul Unique ID:10051 = n15289_aten::mul{id_64389_47/hpu__cast id_64409_47/norm2/aten__rsqrt } , scope=47/norm2
   %id_64417_47/norm2/aten__mul Unique ID:10052 = n15290_aten::mul{id_64413_47/norm2/aten__mul id_6044_hpu__input Uniqueid: 1206 } , scope=47/norm2
   %id_64424_47/norm2/hpu__cast Unique ID:10053 = n15294_hpu::cast{id_64417_47/norm2/aten__mul id_64426_47/norm2/prim__constant } , scope=47/norm2
   %id_64443_47/aten__mul Unique ID:10056 = n15304_aten::mul{id_64424_47/norm2/hpu__cast id_64437_47/hpu__add } , scope=47
   %id_64460_47/hpu__add Unique ID:10058 = n15310_hpu::add{id_64443_47/aten__mul id_64454_47/aten__index_select id_64466_47/prim__constant } , scope=47
   %id_64469_47/ff/0/proj/aten__linear Unique ID:10059 = n15311_aten::linear{id_64460_47/hpu__add id_6054_hpu__input Uniqueid: 1208 } @2=None, scope=47/ff/0/proj
   %id_64476_47/ff/0/activation/aten__slice Unique ID:10061 = n15312_aten::slice{id_64469_47/ff/0/proj/aten__linear } , scope=47/ff/0/activation, dim=-1, start=14336, end=28672, step=1
   %id_64479_47/ff/0/activation/aten__silu Unique ID:10062 = n15313_aten::silu{id_64476_47/ff/0/activation/aten__slice } , scope=47/ff/0/activation
   %id_64473_47/ff/0/aten__slice Unique ID:10060 = n15314_aten::slice{id_64469_47/ff/0/proj/aten__linear } , scope=47/ff/0, dim=-1, start=0, end=14336, step=1
   %id_64484_47/ff/0/aten__mul Unique ID:10063 = n15315_aten::mul{id_64473_47/ff/0/aten__slice id_64479_47/ff/0/activation/aten__silu } , scope=47/ff/0
   %id_64489_47/ff/2/aten__view Unique ID:10064 = n15316_aten::view{id_64484_47/ff/0/aten__mul } , scope=47/ff/2, View Size = [1, 15911, 14336]
   %id_64492_47/ff/2/aten__linear Unique ID:10065 = n15317_aten::linear{id_64489_47/ff/2/aten__view id_6064_hpu__input Uniqueid: 1210 } @2=None, scope=47/ff/2
   %id_64505_47/prim__constant Unique ID:0 = n15320_prim::constant{} , scope=47, value=0
   %id_63932_47/aten__view Unique ID:9962 = n15319_aten::view{id_63928_47/adaln_proj/linear/aten__linear } , scope=47, View Size = [3, 32256]
   %id_63950_47/aten__slice Unique ID:9968 = n15318_aten::slice{id_63932_47/aten__view } , scope=47, dim=-1, start=26880, end=32256, step=1
   %id_64497_47/aten__index_select Unique ID:10066 = n15321_aten::index_select{id_63950_47/aten__slice id_64505_47/prim__constant id_25431_0/attn/hpu__input Uniqueid: 4787 } , scope=47
   %id_64502_47/aten__mul Unique ID:10067 = n15322_aten::mul{id_64497_47/aten__index_select id_64492_47/ff/2/aten__linear } , scope=47
   %id_64509_47/hpu__add Unique ID:10068 = n15324_hpu::add{id_64380_47/hpu__add id_64502_47/aten__mul id_64512_47/prim__constant } , scope=47
   %id_6204_hpu__input Unique ID:1238 = n1239_hpu::input{} 
   %id_6194_hpu__input Unique ID:1236 = n1237_hpu::input{} 
   %id_64524_48/adaln_proj/prim__constant Unique ID:0 = n15328_prim::constant{} , scope=48/adaln_proj, value=15
   %id_64515_48/adaln_proj/aten__silu Unique ID:10069 = n15325_aten::silu{id_25429_0/attn/hpu__input Uniqueid: 4784 } , scope=48/adaln_proj
   %id_64522_48/adaln_proj/hpu__cast Unique ID:10070 = n15329_hpu::cast{id_64515_48/adaln_proj/aten__silu id_64524_48/adaln_proj/prim__constant } , scope=48/adaln_proj
   %id_64527_48/adaln_proj/linear/aten__linear Unique ID:10071 = n15330_aten::linear{id_64522_48/adaln_proj/hpu__cast id_6194_hpu__input Uniqueid: 1236 id_6204_hpu__input Uniqueid: 1238 } , scope=48/adaln_proj/linear
   %id_64632_48/prim__constant Unique ID:0 = n15362_prim::constant{} , scope=48, value=1
   %id_64629_48/prim__constant Unique ID:0 = n15360_prim::constant{} , scope=48, value=0
   %id_64531_48/aten__view Unique ID:10072 = n15359_aten::view{id_64527_48/adaln_proj/linear/aten__linear Uniqueid: 10071 } , scope=48, View Size = [3, 32256]
   %id_64534_48/aten__slice Unique ID:10073 = n15358_aten::slice{id_64531_48/aten__view } , scope=48, dim=-1, start=0, end=5376, step=1
   %id_64618_48/aten__index_select Unique ID:10089 = n15361_aten::index_select{id_64534_48/aten__slice id_64629_48/prim__constant id_25431_0/attn/hpu__input Uniqueid: 4787 } , scope=48
   %id_64615_48/prim__constant Unique ID:0 = n15355_prim::constant{} , scope=48, value=1
   %id_64612_48/prim__constant Unique ID:0 = n15353_prim::constant{} , scope=48, value=15
   %id_64606_48/hpu__cast Unique ID:4611686018427388001 = n15354_hpu::cast{id_24725_0/hpu__input Uniqueid: 4806 id_64612_48/prim__constant } , scope=48
   %id_64600_48/prim__constant Unique ID:0 = n15350_prim::constant{} , scope=48, value=0
   %id_64531_48/aten__view Unique ID:10072 = n15349_aten::view{id_64527_48/adaln_proj/linear/aten__linear Uniqueid: 10071 } , scope=48, View Size = [3, 32256]
   %id_64537_48/aten__slice Unique ID:10074 = n15348_aten::slice{id_64531_48/aten__view } , scope=48, dim=-1, start=5376, end=10752, step=1
   %id_64595_48/aten__index_select Unique ID:10086 = n15351_aten::index_select{id_64537_48/aten__slice id_64600_48/prim__constant id_25431_0/attn/hpu__input Uniqueid: 4787 } , scope=48
   %id_64603_48/hpu__add Unique ID:10087 = n15356_hpu::add{id_64595_48/aten__index_select id_64606_48/hpu__cast id_64615_48/prim__constant } , scope=48
   %id_64592_48/norm1/prim__constant Unique ID:0 = n15346_prim::constant{} , scope=48/norm1, value=15
   %id_6094_hpu__input Unique ID:1216 = n1217_hpu::input{} 
   %id_64572_48/norm1/prim__constant Unique ID:0 = n15339_prim::constant{} , scope=48/norm1, value=1
   %id_64569_48/norm1/prim__constant Unique ID:0 = n15337_prim::constant{} , scope=48/norm1, value=True
   %id_64563_48/norm1/prim__constant Unique ID:0 = n15335_prim::constant{} , scope=48/norm1, value=2
   %id_64557_48/adaln_proj/linear/prim__constant Unique ID:0 = n15333_prim::constant{} , scope=48/adaln_proj/linear, value=6
   %id_64555_48/adaln_proj/linear/hpu__cast Unique ID:10079 = n15334_hpu::cast{id_64509_47/hpu__add Uniqueid: 10068 id_64557_48/adaln_proj/linear/prim__constant } , scope=48/adaln_proj/linear
   %id_64560_48/norm1/aten__pow Unique ID:10080 = n15336_aten::pow{id_64555_48/adaln_proj/linear/hpu__cast id_64563_48/norm1/prim__constant } , scope=48/norm1
   %id_64566_48/norm1/aten__mean Unique ID:10081 = n15338_aten::mean{id_64560_48/norm1/aten__pow id_64569_48/norm1/prim__constant } @3=None, @1=[2], scope=48/norm1
   %id_64566_48/norm1/hpu__add_ Unique ID:10081 = n15340_hpu::add_{id_64566_48/norm1/aten__mean id_23854_token_refiner/0/norm1/hpu__input Uniqueid: 4645 id_64572_48/norm1/prim__constant } , scope=48/norm1
   %id_64575_48/norm1/aten__rsqrt Unique ID:10082 = n15341_aten::rsqrt{id_64566_48/norm1/hpu__add_ } , scope=48/norm1
   %id_64579_48/norm1/aten__mul Unique ID:10083 = n15342_aten::mul{id_64555_48/adaln_proj/linear/hpu__cast id_64575_48/norm1/aten__rsqrt } , scope=48/norm1
   %id_64583_48/norm1/aten__mul Unique ID:10084 = n15343_aten::mul{id_64579_48/norm1/aten__mul id_6094_hpu__input Uniqueid: 1216 } , scope=48/norm1
   %id_64590_48/norm1/hpu__cast Unique ID:10085 = n15347_hpu::cast{id_64583_48/norm1/aten__mul id_64592_48/norm1/prim__constant } , scope=48/norm1
   %id_64609_48/aten__mul Unique ID:10088 = n15357_aten::mul{id_64590_48/norm1/hpu__cast id_64603_48/hpu__add } , scope=48
   %id_64624_48/hpu__add Unique ID:10090 = n15363_hpu::add{id_64609_48/aten__mul id_64618_48/aten__index_select id_64632_48/prim__constant } , scope=48
   %id_6154_hpu__input Unique ID:1228 = n1229_hpu::input{} 
   %id_64955_48/attn/prim__constant Unique ID:0 = n15472_prim::constant{} , scope=48/attn, value=0
   %id_64943_48/attn/prim__constant Unique ID:0 = n15469_prim::constant{} , scope=48/attn, value=False
   %id_64941_48/attn/prim__constant Unique ID:0 = n15468_prim::constant{} , scope=48/attn, value=0.088388347648318433
   %id_64939_48/attn/prim__constant Unique ID:0 = n15467_prim::constant{} , scope=48/attn, value=0.
   %id_6124_hpu__input Unique ID:1222 = n1223_hpu::input{} 
   %id_64643_48/attn/to_v/aten__linear Unique ID:10093 = n15366_aten::linear{id_64624_48/hpu__add Uniqueid: 10090 id_6124_hpu__input Uniqueid: 1222 } @2=None, scope=48/attn/to_v
   %id_64653_48/attn/aten__view Unique ID:10096 = n15466_aten::view{id_64643_48/attn/to_v/aten__linear } , scope=48/attn, View Size = [1, 15911, 56, 128]
   %id_64920_48/attn/aten__transpose Unique ID:10145 = n15465_aten::transpose{id_64653_48/attn/aten__view } , scope=48/attn, dim0=1, dim1=2
   %id_64911_48/attn/prim__constant Unique ID:0 = n15461_prim::constant{} , scope=48/attn, value=-1
   %id_64743_48/attn/norm_k/prim__constant Unique ID:0 = n15403_prim::constant{} , scope=48/attn/norm_k, value=15
   %id_6144_hpu__input Unique ID:1226 = n1227_hpu::input{} 
   %id_64723_48/attn/norm_k/prim__constant Unique ID:0 = n15396_prim::constant{} , scope=48/attn/norm_k, value=1
   %id_64720_48/attn/norm_k/prim__constant Unique ID:0 = n15394_prim::constant{} , scope=48/attn/norm_k, value=True
   %id_64714_48/attn/norm_k/prim__constant Unique ID:0 = n15392_prim::constant{} , scope=48/attn/norm_k, value=2
   %id_64711_48/attn/norm_q/prim__constant Unique ID:0 = n15390_prim::constant{} , scope=48/attn/norm_q, value=6
   %id_6114_hpu__input Unique ID:1220 = n1221_hpu::input{} 
   %id_64639_48/attn/to_k/aten__linear Unique ID:10092 = n15365_aten::linear{id_64624_48/hpu__add Uniqueid: 10090 id_6114_hpu__input Uniqueid: 1220 } @2=None, scope=48/attn/to_k
   %id_64650_48/attn/norm_q/aten__view Unique ID:10095 = n15389_aten::view{id_64639_48/attn/to_k/aten__linear } , scope=48/attn/norm_q, View Size = [1, 15911, 56, 128]
   %id_64704_48/attn/norm_q/hpu__cast Unique ID:10104 = n15391_hpu::cast{id_64650_48/attn/norm_q/aten__view id_64711_48/attn/norm_q/prim__constant } , scope=48/attn/norm_q
   %id_64707_48/attn/norm_k/aten__pow Unique ID:10105 = n15393_aten::pow{id_64704_48/attn/norm_q/hpu__cast id_64714_48/attn/norm_k/prim__constant } , scope=48/attn/norm_k
   %id_64717_48/attn/norm_k/aten__mean Unique ID:10106 = n15395_aten::mean{id_64707_48/attn/norm_k/aten__pow id_64720_48/attn/norm_k/prim__constant } @3=None, @1=[3], scope=48/attn/norm_k
   %id_64717_48/attn/norm_k/hpu__add_ Unique ID:10106 = n15397_hpu::add_{id_64717_48/attn/norm_k/aten__mean id_23854_token_refiner/0/norm1/hpu__input Uniqueid: 4645 id_64723_48/attn/norm_k/prim__constant } , scope=48/attn/norm_k
   %id_64725_48/attn/norm_k/aten__rsqrt Unique ID:10107 = n15398_aten::rsqrt{id_64717_48/attn/norm_k/hpu__add_ } , scope=48/attn/norm_k
   %id_64730_48/attn/norm_k/aten__mul Unique ID:10108 = n15399_aten::mul{id_64704_48/attn/norm_q/hpu__cast id_64725_48/attn/norm_k/aten__rsqrt } , scope=48/attn/norm_k
   %id_64734_48/attn/norm_k/aten__mul Unique ID:10109 = n15400_aten::mul{id_64730_48/attn/norm_k/aten__mul id_6144_hpu__input Uniqueid: 1226 } , scope=48/attn/norm_k
   %id_64741_48/attn/norm_k/hpu__cast Unique ID:10110 = n15404_hpu::cast{id_64734_48/attn/norm_k/aten__mul id_64743_48/attn/norm_k/prim__constant } , scope=48/attn/norm_k
   %id_64833_48/attn/aten__slice Unique ID:10128 = n15459_aten::slice{id_64741_48/attn/norm_k/hpu__cast } , scope=48/attn, dim=3, start=96, end=9223372036854775807, step=1
   %id_64902_48/attn/prim__constant Unique ID:0 = n15457_prim::constant{} , scope=48/attn, value=1
   %id_64858_48/attn/prim__constant Unique ID:0 = n15440_prim::constant{} , scope=48/attn, value=15
   %id_64853_48/attn/hpu__cast Unique ID:10132 = n15441_hpu::cast{id_25419_0/attn/hpu__input Uniqueid: 4638 id_64858_48/attn/prim__constant } , scope=48/attn
   %id_64855_48/attn/aten__unsqueeze Unique ID:10133 = n15455_aten::unsqueeze{id_64853_48/attn/hpu__cast } , scope=48/attn
   %id_64861_48/attn/aten__unsqueeze Unique ID:10134 = n15454_aten::unsqueeze{id_64855_48/attn/aten__unsqueeze } , scope=48/attn
   %id_64886_48/attn/prim__constant Unique ID:0 = n15448_prim::constant{} , scope=48/attn, value=-1
   %id_64830_48/attn/aten__slice Unique ID:10127 = n15446_aten::slice{id_64741_48/attn/norm_k/hpu__cast } , scope=48/attn, dim=3, start=0, end=96, step=1
   %id_64864_48/attn/aten__slice Unique ID:10135 = n15445_aten::slice{id_64830_48/attn/aten__slice } , scope=48/attn, dim=-1, start=0, end=48, step=1
   %id_64830_48/attn/aten__slice Unique ID:10127 = n15443_aten::slice{id_64741_48/attn/norm_k/hpu__cast } , scope=48/attn, dim=3, start=0, end=96, step=1
   %id_64867_48/attn/aten__slice Unique ID:10136 = n15442_aten::slice{id_64830_48/attn/aten__slice } , scope=48/attn, dim=-1, start=48, end=96, step=1
   %id_64870_48/attn/aten__neg Unique ID:10137 = n15444_aten::neg{id_64867_48/attn/aten__slice } , scope=48/attn
   %id_64884_48/attn/prim__ListConstruct Unique ID:0 = n15447_prim::ListConstruct{id_64870_48/attn/aten__neg id_64864_48/attn/aten__slice } , scope=48/attn
   %id_64876_48/attn/aten__cat Unique ID:10138 = n15449_aten::cat{id_64884_48/attn/prim__ListConstruct id_64886_48/attn/prim__constant } , scope=48/attn
   %id_64890_48/attn/aten__mul Unique ID:10140 = n15456_aten::mul{id_64876_48/attn/aten__cat id_64861_48/attn/aten__unsqueeze } , scope=48/attn
   %id_64841_48/attn/prim__constant Unique ID:0 = n15436_prim::constant{} , scope=48/attn, value=15
   %id_64839_48/attn/hpu__cast Unique ID:10129 = n15437_hpu::cast{id_25417_0/attn/hpu__input Uniqueid: 4637 id_64841_48/attn/prim__constant } , scope=48/attn
   %id_64843_48/attn/aten__unsqueeze Unique ID:10130 = n15452_aten::unsqueeze{id_64839_48/attn/hpu__cast } , scope=48/attn
   %id_64847_48/attn/aten__unsqueeze Unique ID:10131 = n15451_aten::unsqueeze{id_64843_48/attn/aten__unsqueeze } , scope=48/attn
   %id_64830_48/attn/aten__slice Unique ID:10127 = n15450_aten::slice{id_64741_48/attn/norm_k/hpu__cast } , scope=48/attn, dim=3, start=0, end=96, step=1
   %id_64881_48/attn/aten__mul Unique ID:10139 = n15453_aten::mul{id_64830_48/attn/aten__slice id_64847_48/attn/aten__unsqueeze } , scope=48/attn
   %id_64898_48/attn/hpu__add Unique ID:10141 = n15458_hpu::add{id_64881_48/attn/aten__mul id_64890_48/attn/aten__mul id_64902_48/attn/prim__constant } , scope=48/attn
   %id_64909_48/attn/prim__ListConstruct Unique ID:0 = n15460_prim::ListConstruct{id_64898_48/attn/hpu__add id_64833_48/attn/aten__slice } , scope=48/attn
   %id_64905_48/attn/aten__cat Unique ID:10142 = n15462_aten::cat{id_64909_48/attn/prim__ListConstruct id_64911_48/attn/prim__constant } , scope=48/attn
   %id_64917_48/attn/aten__transpose Unique ID:10144 = n15464_aten::transpose{id_64905_48/attn/aten__cat } , scope=48/attn, dim0=1, dim1=2
   %id_64827_48/attn/prim__constant Unique ID:0 = n15432_prim::constant{} , scope=48/attn, value=-1
   %id_64698_48/attn/norm_q/prim__constant Unique ID:0 = n15384_prim::constant{} , scope=48/attn/norm_q, value=15
   %id_6134_hpu__input Unique ID:1224 = n1225_hpu::input{} 
   %id_64678_48/attn/norm_q/prim__constant Unique ID:0 = n15377_prim::constant{} , scope=48/attn/norm_q, value=1
   %id_64675_48/attn/norm_q/prim__constant Unique ID:0 = n15375_prim::constant{} , scope=48/attn/norm_q, value=True
   %id_64669_48/attn/norm_q/prim__constant Unique ID:0 = n15373_prim::constant{} , scope=48/attn/norm_q, value=2
   %id_64663_48/attn/to_v/prim__constant Unique ID:0 = n15371_prim::constant{} , scope=48/attn/to_v, value=6
   %id_6104_hpu__input Unique ID:1218 = n1219_hpu::input{} 
   %id_64635_48/attn/to_q/aten__linear Unique ID:10091 = n15364_aten::linear{id_64624_48/hpu__add Uniqueid: 10090 id_6104_hpu__input Uniqueid: 1218 } @2=None, scope=48/attn/to_q
   %id_64647_48/attn/to_v/aten__view Unique ID:10094 = n15370_aten::view{id_64635_48/attn/to_q/aten__linear } , scope=48/attn/to_v, View Size = [1, 15911, 56, 128]
   %id_64659_48/attn/to_v/hpu__cast Unique ID:10097 = n15372_hpu::cast{id_64647_48/attn/to_v/aten__view id_64663_48/attn/to_v/prim__constant } , scope=48/attn/to_v
   %id_64666_48/attn/norm_q/aten__pow Unique ID:10098 = n15374_aten::pow{id_64659_48/attn/to_v/hpu__cast id_64669_48/attn/norm_q/prim__constant } , scope=48/attn/norm_q
   %id_64672_48/attn/norm_q/aten__mean Unique ID:10099 = n15376_aten::mean{id_64666_48/attn/norm_q/aten__pow id_64675_48/attn/norm_q/prim__constant } @3=None, @1=[3], scope=48/attn/norm_q
   %id_64672_48/attn/norm_q/hpu__add_ Unique ID:10099 = n15378_hpu::add_{id_64672_48/attn/norm_q/aten__mean id_23854_token_refiner/0/norm1/hpu__input Uniqueid: 4645 id_64678_48/attn/norm_q/prim__constant } , scope=48/attn/norm_q
   %id_64681_48/attn/norm_q/aten__rsqrt Unique ID:10100 = n15379_aten::rsqrt{id_64672_48/attn/norm_q/hpu__add_ } , scope=48/attn/norm_q
   %id_64685_48/attn/norm_q/aten__mul Unique ID:10101 = n15380_aten::mul{id_64659_48/attn/to_v/hpu__cast id_64681_48/attn/norm_q/aten__rsqrt } , scope=48/attn/norm_q
   %id_64689_48/attn/norm_q/aten__mul Unique ID:10102 = n15381_aten::mul{id_64685_48/attn/norm_q/aten__mul id_6134_hpu__input Uniqueid: 1224 } , scope=48/attn/norm_q
   %id_64696_48/attn/norm_q/hpu__cast Unique ID:10103 = n15385_hpu::cast{id_64689_48/attn/norm_q/aten__mul id_64698_48/attn/norm_q/prim__constant } , scope=48/attn/norm_q
   %id_64749_48/attn/aten__slice Unique ID:10112 = n15430_aten::slice{id_64696_48/attn/norm_q/hpu__cast } , scope=48/attn, dim=3, start=96, end=9223372036854775807, step=1
   %id_64818_48/attn/prim__constant Unique ID:0 = n15428_prim::constant{} , scope=48/attn, value=1
   %id_64774_48/attn/norm_k/prim__constant Unique ID:0 = n15411_prim::constant{} , scope=48/attn/norm_k, value=15
   %id_64769_48/attn/norm_k/hpu__cast Unique ID:10116 = n15412_hpu::cast{id_25419_0/attn/hpu__input Uniqueid: 4638 id_64774_48/attn/norm_k/prim__constant } , scope=48/attn/norm_k
   %id_64771_48/attn/aten__unsqueeze Unique ID:10117 = n15426_aten::unsqueeze{id_64769_48/attn/norm_k/hpu__cast } , scope=48/attn
   %id_64777_48/attn/aten__unsqueeze Unique ID:10118 = n15425_aten::unsqueeze{id_64771_48/attn/aten__unsqueeze } , scope=48/attn
   %id_64799_48/attn/prim__constant Unique ID:0 = n15419_prim::constant{} , scope=48/attn, value=-1
   %id_64746_48/attn/aten__slice Unique ID:10111 = n15417_aten::slice{id_64696_48/attn/norm_q/hpu__cast } , scope=48/attn, dim=3, start=0, end=96, step=1
   %id_64780_48/attn/aten__slice Unique ID:10119 = n15416_aten::slice{id_64746_48/attn/aten__slice } , scope=48/attn, dim=-1, start=0, end=48, step=1
   %id_64746_48/attn/aten__slice Unique ID:10111 = n15414_aten::slice{id_64696_48/attn/norm_q/hpu__cast } , scope=48/attn, dim=3, start=0, end=96, step=1
   %id_64783_48/attn/aten__slice Unique ID:10120 = n15413_aten::slice{id_64746_48/attn/aten__slice } , scope=48/attn, dim=-1, start=48, end=96, step=1
   %id_64786_48/attn/aten__neg Unique ID:10121 = n15415_aten::neg{id_64783_48/attn/aten__slice } , scope=48/attn
   %id_64797_48/attn/prim__ListConstruct Unique ID:0 = n15418_prim::ListConstruct{id_64786_48/attn/aten__neg id_64780_48/attn/aten__slice } , scope=48/attn
   %id_64792_48/attn/aten__cat Unique ID:10122 = n15420_aten::cat{id_64797_48/attn/prim__ListConstruct id_64799_48/attn/prim__constant } , scope=48/attn
   %id_64806_48/attn/aten__mul Unique ID:10124 = n15427_aten::mul{id_64792_48/attn/aten__cat id_64777_48/attn/aten__unsqueeze } , scope=48/attn
   %id_64757_48/attn/norm_k/prim__constant Unique ID:0 = n15407_prim::constant{} , scope=48/attn/norm_k, value=15
   %id_64755_48/attn/norm_k/hpu__cast Unique ID:10113 = n15408_hpu::cast{id_25417_0/attn/hpu__input Uniqueid: 4637 id_64757_48/attn/norm_k/prim__constant } , scope=48/attn/norm_k
   %id_64760_48/attn/aten__unsqueeze Unique ID:10114 = n15423_aten::unsqueeze{id_64755_48/attn/norm_k/hpu__cast } , scope=48/attn
   %id_64763_48/attn/aten__unsqueeze Unique ID:10115 = n15422_aten::unsqueeze{id_64760_48/attn/aten__unsqueeze } , scope=48/attn
   %id_64746_48/attn/aten__slice Unique ID:10111 = n15421_aten::slice{id_64696_48/attn/norm_q/hpu__cast } , scope=48/attn, dim=3, start=0, end=96, step=1
   %id_64801_48/attn/aten__mul Unique ID:10123 = n15424_aten::mul{id_64746_48/attn/aten__slice id_64763_48/attn/aten__unsqueeze } , scope=48/attn
   %id_64814_48/attn/hpu__add Unique ID:10125 = n15429_hpu::add{id_64801_48/attn/aten__mul id_64806_48/attn/aten__mul id_64818_48/attn/prim__constant } , scope=48/attn
   %id_64825_48/attn/prim__ListConstruct Unique ID:0 = n15431_prim::ListConstruct{id_64814_48/attn/hpu__add id_64749_48/attn/aten__slice } , scope=48/attn
   %id_64821_48/attn/aten__cat Unique ID:10126 = n15433_aten::cat{id_64825_48/attn/prim__ListConstruct id_64827_48/attn/prim__constant } , scope=48/attn
   %id_64914_48/attn/aten__transpose Unique ID:10143 = n15463_aten::transpose{id_64821_48/attn/aten__cat } , scope=48/attn, dim0=1, dim1=2
   %id_64923_48/attn/hpu__sdpa_fwd Unique ID:10146, %id_64926_48/attn/hpu__sdpa_fwd Unique ID:10147, %id_64929_48/attn/hpu__sdpa_fwd Unique ID:10148 = n15470_hpu::sdpa_fwd{id_64914_48/attn/aten__transpose id_64917_48/attn/aten__transpose id_64920_48/attn/aten__transpose id_64939_48/attn/prim__constant id_64941_48/attn/prim__constant id_64943_48/attn/prim__constant } @9=left, @8=None, @7=fast, @3=None, scope=48/attn
   %id_64934_48/attn/aten__transpose Unique ID:10149 = n15471_aten::transpose{id_64923_48/attn/hpu__sdpa_fwd } , scope=48/attn, dim0=1, dim1=2
   %id_64948_48/attn/aten__clone Unique ID:10150 = n15473_aten::clone{id_64934_48/attn/aten__transpose id_64955_48/attn/prim__constant } , scope=48/attn
   %id_64951_48/attn/0/aten__view Unique ID:10151 = n15474_aten::view{id_64948_48/attn/aten__clone } , scope=48/attn/0, View Size = [1, 15911, 7168]
   %id_64958_48/attn/0/aten__linear Unique ID:10152 = n15475_aten::linear{id_64951_48/attn/0/aten__view id_6154_hpu__input Uniqueid: 1228 } @2=None, scope=48/attn/0
   %id_64982_48/prim__constant Unique ID:0 = n15482_prim::constant{} , scope=48, value=1
   %id_64963_48/aten__view Unique ID:10153 = n15480_aten::view{id_64958_48/attn/0/aten__linear Uniqueid: 10152 } , scope=48, View Size = [1, 15911, 5376]
   %id_64971_48/prim__constant Unique ID:0 = n15478_prim::constant{} , scope=48, value=0
   %id_64531_48/aten__view Unique ID:10072 = n15477_aten::view{id_64527_48/adaln_proj/linear/aten__linear Uniqueid: 10071 } , scope=48, View Size = [3, 32256]
   %id_64540_48/aten__slice Unique ID:10075 = n15476_aten::slice{id_64531_48/aten__view } , scope=48, dim=-1, start=10752, end=16128, step=1
   %id_64966_48/aten__index_select Unique ID:10154 = n15479_aten::index_select{id_64540_48/aten__slice id_64971_48/prim__constant id_25431_0/attn/hpu__input Uniqueid: 4787 } , scope=48
   %id_64974_48/aten__mul Unique ID:10155 = n15481_aten::mul{id_64966_48/aten__index_select id_64963_48/aten__view } , scope=48
   %id_64979_48/hpu__add Unique ID:10156 = n15483_hpu::add{id_64509_47/hpu__add Uniqueid: 10068 id_64974_48/aten__mul id_64982_48/prim__constant } , scope=48
   %id_64990_48/prim__constant Unique ID:0 = n15486_prim::constant{} , scope=48, value=6
   %id_64988_48/hpu__cast Unique ID:10157 = n15487_hpu::cast{id_64979_48/hpu__add Uniqueid: 10156 id_64990_48/prim__constant } , scope=48
}

[Rank:0] Habana exception raised from ValidateSyncInputTensors at hpu_lazy_tensors.cpp:871

Error in block: (denoiser, MiniMaxH3LoopDenoiser)
Error details: [Rank:0] FATAL ERROR :: MODULE:PT_BRIDGE Exception in Launch thread...
Check $HABANA_LOGS/ for details[Rank:0] FATAL ERROR :: MODULE:PT_LAZY Error, ValidateSyncInputTensors tensor_data is empty. Tensorid:4787 QueueStatus: ThreadPool m_tasks size: 1 irValue:id_25431_0/attn/hpu__input Uniqueid: 4787 Strided Params Has Value: 0 Failing Graph: IR {
   %id_64512_47/prim__constant Unique ID:0 = n15323_prim::constant{} , scope=47, value=1
   %id_6064_hpu__input Unique ID:1210 = n1211_hpu::input{} 
   %id_6054_hpu__input Unique ID:1208 = n1209_hpu::input{} 
   %id_64466_47/prim__constant Unique ID:0 = n15309_prim::constant{} , scope=47, value=1
   %id_25431_0/attn/hpu__input Unique ID:4787 = n5320_hpu::input{} , scope=0/attn
   %id_64463_47/prim__constant Unique ID:0 = n15307_prim::constant{} , scope=47, value=0
   %id_6084_hpu__input Unique ID:1214 = n1215_hpu::input{} 
   %id_6074_hpu__input Unique ID:1212 = n1213_hpu::input{} 
   %id_63925_47/adaln_proj/prim__constant Unique ID:0 = n15122_prim::constant{} , scope=47/adaln_proj, value=15
   %id_25429_0/attn/hpu__input Unique ID:4784 = n5319_hpu::input{} , scope=0/attn
   %id_63916_47/adaln_proj/aten__silu Unique ID:9959 = n15119_aten::silu{id_25429_0/attn/hpu__input Uniqueid: 4784 } , scope=47/adaln_proj
   %id_63923_47/adaln_proj/hpu__cast Unique ID:9960 = n15123_hpu::cast{id_63916_47/adaln_proj/aten__silu id_63925_47/adaln_proj/prim__constant } , scope=47/adaln_proj
   %id_63928_47/adaln_proj/linear/aten__linear Unique ID:9961 = n15124_aten::linear{id_63923_47/adaln_proj/hpu__cast id_6074_hpu__input Uniqueid: 1212 id_6084_hpu__input Uniqueid: 1214 } , scope=47/adaln_proj/linear
   %id_63932_47/aten__view Unique ID:9962 = n15306_aten::view{id_63928_47/adaln_proj/linear/aten__linear } , scope=47, View Size = [3, 32256]
   %id_63944_47/aten__slice Unique ID:9966 = n15305_aten::slice{id_63932_47/aten__view } , scope=47, dim=-1, start=16128, end=21504, step=1
   %id_64454_47/aten__index_select Unique ID:10057 = n15308_aten::index_select{id_63944_47/aten__slice id_64463_47/prim__constant id_25431_0/attn/hpu__input Uniqueid: 4787 } , scope=47
   %id_64449_47/prim__constant Unique ID:0 = n15302_prim::constant{} , scope=47, value=1
   %id_64446_47/prim__constant Unique ID:0 = n15300_prim::constant{} , scope=47, value=15
   %id_24725_0/hpu__input Unique ID:4806 = n5207_hpu::input{} , scope=0
   %id_64440_47/hpu__cast Unique ID:4611686018427388000 = n15301_hpu::cast{id_24725_0/hpu__input Uniqueid: 4806 id_64446_47/prim__constant } , scope=47
   %id_64434_47/prim__constant Unique ID:0 = n15297_prim::constant{} , scope=47, value=0
   %id_63932_47/aten__view Unique ID:9962 = n15296_aten::view{id_63928_47/adaln_proj/linear/aten__linear } , scope=47, View Size = [3, 32256]
   %id_63947_47/aten__slice Unique ID:9967 = n15295_aten::slice{id_63932_47/aten__view } , scope=47, dim=-1, start=21504, end=26880, step=1
   %id_64429_47/aten__index_select Unique ID:10054 = n15298_aten::index_select{id_63947_47/aten__slice id_64434_47/prim__constant id_25431_0/attn/hpu__input Uniqueid: 4787 } , scope=47
   %id_64437_47/hpu__add Unique ID:10055 = n15303_hpu::add{id_64429_47/aten__index_select id_64440_47/hpu__cast id_64449_47/prim__constant } , scope=47
   %id_64426_47/norm2/prim__constant Unique ID:0 = n15293_prim::constant{} , scope=47/norm2, value=15
   %id_6044_hpu__input Unique ID:1206 = n1207_hpu::input{} 
   %id_64406_47/norm2/prim__constant Unique ID:0 = n15286_prim::constant{} , scope=47/norm2, value=1
   %id_23854_token_refiner/0/norm1/hpu__input Unique ID:4645 = n4916_hpu::input{} , scope=token_refiner/0/norm1
   %id_64403_47/norm2/prim__constant Unique ID:0 = n15284_prim::constant{} , scope=47/norm2, value=True
   %id_64397_47/norm2/prim__constant Unique ID:0 = n15282_prim::constant{} , scope=47/norm2, value=2
   %id_64391_47/prim__constant Unique ID:0 = n15280_prim::constant{} , scope=47, value=6
   %id_64383_47/prim__constant Unique ID:0 = n15276_prim::constant{} , scope=47, value=1
   %id_6034_hpu__input Unique ID:1204 = n1205_hpu::input{} 
   %id_64356_47/attn/prim__constant Unique ID:0 = n15266_prim::constant{} , scope=47/attn, value=0
   %id_64344_47/attn/prim__constant Unique ID:0 = n15263_prim::constant{} , scope=47/attn, value=False
   %id_64340_47/attn/prim__constant Unique ID:0 = n15262_prim::constant{} , scope=47/attn, value=0.088388347648318433
   %id_64337_47/attn/prim__constant Unique ID:0 = n15261_prim::constant{} , scope=47/attn, value=0.
   %id_6004_hpu__input Unique ID:1198 = n1199_hpu::input{} 
   %id_64033_47/prim__constant Unique ID:0 = n15156_prim::constant{} , scope=47, value=1
   %id_64030_47/prim__constant Unique ID:0 = n15154_prim::constant{} , scope=47, value=0
   %id_63932_47/aten__view Unique ID:9962 = n15153_aten::view{id_63928_47/adaln_proj/linear/aten__linear } , scope=47, View Size = [3, 32256]
   %id_63935_47/aten__slice Unique ID:9963 = n15152_aten::slice{id_63932_47/aten__view } , scope=47, dim=-1, start=0, end=5376, step=1
   %id_64019_47/aten__index_select Unique ID:9979 = n15155_aten::index_select{id_63935_47/aten__slice id_64030_47/prim__constant id_25431_0/attn/hpu__input Uniqueid: 4787 } , scope=47
   %id_64016_47/prim__constant Unique ID:0 = n15149_prim::constant{} , scope=47, value=1
   %id_64013_47/prim__constant Unique ID:0 = n15147_prim::constant{} , scope=47, value=15
   %id_64007_47/hpu__cast Unique ID:4611686018427387999 = n15148_hpu::cast{id_24725_0/hpu__input Uniqueid: 4806 id_64013_47/prim__constant } , scope=47
   %id_64001_47/prim__constant Unique ID:0 = n15144_prim::constant{} , scope=47, value=0
   %id_63932_47/aten__view Unique ID:9962 = n15143_aten::view{id_63928_47/adaln_proj/linear/aten__linear } , scope=47, View Size = [3, 32256]
   %id_63938_47/aten__slice Unique ID:9964 = n15142_aten::slice{id_63932_47/aten__view } , scope=47, dim=-1, start=5376, end=10752, step=1
   %id_63996_47/aten__index_select Unique ID:9976 = n15145_aten::index_select{id_63938_47/aten__slice id_64001_47/prim__constant id_25431_0/attn/hpu__input Uniqueid: 4787 } , scope=47
   %id_64004_47/hpu__add Unique ID:9977 = n15150_hpu::add{id_63996_47/aten__index_select id_64007_47/hpu__cast id_64016_47/prim__constant } , scope=47
   %id_63993_47/norm1/prim__constant Unique ID:0 = n15140_prim::constant{} , scope=47/norm1, value=15
   %id_5974_hpu__input Unique ID:1192 = n1193_hpu::input{} 
   %id_63973_47/norm1/prim__constant Unique ID:0 = n15133_prim::constant{} , scope=47/norm1, value=1
   %id_63970_47/norm1/prim__constant Unique ID:0 = n15131_prim::constant{} , scope=47/norm1, value=True
   %id_63964_47/norm1/prim__constant Unique ID:0 = n15129_prim::constant{} , scope=47/norm1, value=2
   %id_63958_47/adaln_proj/linear/prim__constant Unique ID:0 = n15127_prim::constant{} , scope=47/adaln_proj/linear, value=6
   %id_63913_46/prim__constant Unique ID:0 = n15117_prim::constant{} , scope=46, value=1
   %id_5944_hpu__input Unique ID:1186 = n1187_hpu::input{} 
   %id_5934_hpu__input Unique ID:1184 = n1185_hpu::input{} 
   %id_63863_46/prim__constant Unique ID:0 = n15103_prim::constant{} , scope=46, value=1
   %id_63860_46/prim__constant Unique ID:0 = n15101_prim::constant{} , scope=46, value=0
   %id_63625_46/attn/hpu__input Unique ID:9851 = n15020_hpu::input{} , scope=46/attn
   %id_63641_46/aten__view Unique ID:9852 = n15100_aten::view{id_63625_46/attn/hpu__input Uniqueid: 9851 } , scope=46, View Size = [3, 32256]
   %id_62847_46/aten__slice Unique ID:9856 = n15099_aten::slice{id_63641_46/aten__view } , scope=46, dim=-1, start=16128, end=21504, step=1
   %id_63848_46/aten__index_select Unique ID:9947 = n15102_aten::index_select{id_62847_46/aten__slice id_63860_46/prim__constant id_25431_0/attn/hpu__input Uniqueid: 4787 } , scope=46
   %id_63846_46/prim__constant Unique ID:0 = n15096_prim::constant{} , scope=46, value=1
   %id_63843_46/prim__constant Unique ID:0 = n15094_prim::constant{} , scope=46, value=15
   %id_63837_46/hpu__cast Unique ID:4611686018427387998 = n15095_hpu::cast{id_24725_0/hpu__input Uniqueid: 4806 id_63843_46/prim__constant } , scope=46
   %id_63831_46/prim__constant Unique ID:0 = n15091_prim::constant{} , scope=46, value=0
   %id_63641_46/aten__view Unique ID:9852 = n15090_aten::view{id_63625_46/attn/hpu__input Uniqueid: 9851 } , scope=46, View Size = [3, 32256]
   %id_62850_46/aten__slice Unique ID:9857 = n15089_aten::slice{id_63641_46/aten__view } , scope=46, dim=-1, start=21504, end=26880, step=1
   %id_63826_46/aten__index_select Unique ID:9944 = n15092_aten::index_select{id_62850_46/aten__slice id_63831_46/prim__constant id_25431_0/attn/hpu__input Uniqueid: 4787 } , scope=46
   %id_63834_46/hpu__add Unique ID:9945 = n15097_hpu::add{id_63826_46/aten__index_select id_63837_46/hpu__cast id_63846_46/prim__constant } , scope=46
   %id_63823_46/norm2/prim__constant Unique ID:0 = n15087_prim::constant{} , scope=46/norm2, value=15
   %id_5924_hpu__input Unique ID:1182 = n1183_hpu::input{} 
   %id_63803_46/norm2/prim__constant Unique ID:0 = n15080_prim::constant{} , scope=46/norm2, value=1
   %id_63800_46/norm2/prim__constant Unique ID:0 = n15078_prim::constant{} , scope=46/norm2, value=True
   %id_63794_46/norm2/prim__constant Unique ID:0 = n15076_prim::constant{} , scope=46/norm2, value=2
   %id_63788_46/prim__constant Unique ID:0 = n15074_prim::constant{} , scope=46, value=6
   %id_63780_46/prim__constant Unique ID:0 = n15070_prim::constant{} , scope=46, value=1
   %id_5914_hpu__input Unique ID:1180 = n1181_hpu::input{} 
   %id_63751_46/attn/prim__constant Unique ID:0 = n15060_prim::constant{} , scope=46/attn, value=0
   %id_63740_46/attn/prim__constant Unique ID:0 = n15057_prim::constant{} , scope=46/attn, value=False
   %id_63736_46/attn/prim__constant Unique ID:0 = n15056_prim::constant{} , scope=46/attn, value=0.088388347648318433
   %id_63734_46/attn/prim__constant Unique ID:0 = n15055_prim::constant{} , scope=46/attn, value=0.
   %id_63629_46/attn/hpu__input Unique ID:9873 = n15022_hpu::input{} , scope=46/attn
   %id_62957_46/attn/aten__view Unique ID:9876 = n15054_aten::view{id_63629_46/attn/hpu__input Uniqueid: 9873 } , scope=46/attn, View Size = [1, 15911, 56, 128]
   %id_63718_46/attn/aten__transpose Unique ID:9925 = n15053_aten::transpose{id_62957_46/attn/aten__view } , scope=46/attn, dim0=1, dim1=2
   %id_63709_46/attn/prim__constant Unique ID:0 = n15049_prim::constant{} , scope=46/attn, value=-1
   %id_63631_46/attn/hpu__input Unique ID:9890 = n15023_hpu::input{} , scope=46/attn
   %id_63137_46/attn/aten__slice Unique ID:9908 = n15047_aten::slice{id_63631_46/attn/hpu__input Uniqueid: 9890 } , scope=46/attn, dim=3, start=96, end=9223372036854775807, step=1
   %id_63700_46/attn/prim__constant Unique ID:0 = n15045_prim::constant{} , scope=46/attn, value=1
   %id_63637_46/attn/hpu__input Unique ID:9912 = n15026_hpu::input{} , scope=46/attn
   %id_63159_46/attn/aten__unsqueeze Unique ID:9913 = n15043_aten::unsqueeze{id_63637_46/attn/hpu__input Uniqueid: 9912 } , scope=46/attn
   %id_63659_46/attn/aten__unsqueeze Unique ID:9914 = n15042_aten::unsqueeze{id_63159_46/attn/aten__unsqueeze } , scope=46/attn
   %id_63681_46/attn/prim__constant Unique ID:0 = n15036_prim::constant{} , scope=46/attn, value=-1
   %id_63133_46/attn/aten__slice Unique ID:9907 = n15034_aten::slice{id_63631_46/attn/hpu__input Uniqueid: 9890 } , scope=46/attn, dim=3, start=0, end=96, step=1
   %id_63662_46/attn/aten__slice Unique ID:9915 = n15033_aten::slice{id_63133_46/attn/aten__slice } , scope=46/attn, dim=-1, start=0, end=48, step=1
   %id_63133_46/attn/aten__slice Unique ID:9907 = n15031_aten::slice{id_63631_46/attn/hpu__input Uniqueid: 9890 } , scope=46/attn, dim=3, start=0, end=96, step=1
   %id_63665_46/attn/aten__slice Unique ID:9916 = n15030_aten::slice{id_63133_46/attn/aten__slice } , scope=46/attn, dim=-1, start=48, end=96, step=1
   %id_63668_46/attn/aten__neg Unique ID:9917 = n15032_aten::neg{id_63665_46/attn/aten__slice } , scope=46/attn
   %id_63679_46/attn/prim__ListConstruct Unique ID:0 = n15035_prim::ListConstruct{id_63668_46/attn/aten__neg id_63662_46/attn/aten__slice } , scope=46/attn
   %id_63673_46/attn/aten__cat Unique ID:9918 = n15037_aten::cat{id_63679_46/attn/prim__ListConstruct id_63681_46/attn/prim__constant } , scope=46/attn
   %id_63688_46/attn/aten__mul Unique ID:9920 = n15044_aten::mul{id_63673_46/attn/aten__cat id_63659_46/attn/aten__unsqueeze } , scope=46/attn
   %id_63635_46/attn/hpu__input Unique ID:9909 = n15025_hpu::input{} , scope=46/attn
   %id_63145_46/attn/aten__unsqueeze Unique ID:9910 = n15040_aten::unsqueeze{id_63635_46/attn/hpu__input Uniqueid: 9909 } , scope=46/attn
   %id_63151_46/attn/aten__unsqueeze Unique ID:9911 = n15039_aten::unsqueeze{id_63145_46/attn/aten__unsqueeze } , scope=46/attn
   %id_63133_46/attn/aten__slice Unique ID:9907 = n15038_aten::slice{id_63631_46/attn/hpu__input Uniqueid: 9890 } , scope=46/attn, dim=3, start=0, end=96, step=1
   %id_63684_46/attn/aten__mul Unique ID:9919 = n15041_aten::mul{id_63133_46/attn/aten__slice id_63151_46/attn/aten__unsqueeze } , scope=46/attn
   %id_63697_46/attn/hpu__add Unique ID:9921 = n15046_hpu::add{id_63684_46/attn/aten__mul id_63688_46/attn/aten__mul id_63700_46/attn/prim__constant } , scope=46/attn
   %id_63707_46/attn/prim__ListConstruct Unique ID:0 = n15048_prim::ListConstruct{id_63697_46/attn/hpu__add id_63137_46/attn/aten__slice } , scope=46/attn
   %id_63703_46/attn/aten__cat Unique ID:9922 = n15050_aten::cat{id_63707_46/attn/prim__ListConstruct id_63709_46/attn/prim__constant } , scope=46/attn
   %id_63715_46/attn/aten__transpose Unique ID:9924 = n15052_aten::transpose{id_63703_46/attn/aten__cat } , scope=46/attn, dim0=1, dim1=2
   %id_63633_46/attn/hpu__input Unique ID:9906 = n15024_hpu::input{} , scope=46/attn
   %id_63712_46/attn/aten__transpose Unique ID:9923 = n15051_aten::transpose{id_63633_46/attn/hpu__input Uniqueid: 9906 } , scope=46/attn, dim0=1, dim1=2
   %id_63721_46/attn/hpu__sdpa_fwd Unique ID:9926, %id_63724_46/attn/hpu__sdpa_fwd Unique ID:9927, %id_63727_46/attn/hpu__sdpa_fwd Unique ID:9928 = n15058_hpu::sdpa_fwd{id_63712_46/attn/aten__transpose id_63715_46/attn/aten__transpose id_63718_46/attn/aten__transpose id_63734_46/attn/prim__constant id_63736_46/attn/prim__constant id_63740_46/attn/prim__constant } @9=left, @8=None, @7=fast, @3=None, scope=46/attn
   %id_63738_46/attn/aten__transpose Unique ID:9929 = n15059_aten::transpose{id_63721_46/attn/hpu__sdpa_fwd } , scope=46/attn, dim0=1, dim1=2
   %id_63746_46/attn/aten__clone Unique ID:9930 = n15061_aten::clone{id_63738_46/attn/aten__transpose id_63751_46/attn/prim__constant } , scope=46/attn
   %id_63750_46/attn/0/aten__view Unique ID:9931 = n15062_aten::view{id_63746_46/attn/aten__clone } , scope=46/attn/0, View Size = [1, 15911, 7168]
   %id_63756_46/attn/0/aten__linear Unique ID:9932 = n15063_aten::linear{id_63750_46/attn/0/aten__view id_5914_hpu__input Uniqueid: 1180 } @2=None, scope=46/attn/0
   %id_63761_46/aten__view Unique ID:9933 = n15068_aten::view{id_63756_46/attn/0/aten__linear } , scope=46, View Size = [1, 15911, 5376]
   %id_63769_46/prim__constant Unique ID:0 = n15066_prim::constant{} , scope=46, value=0
   %id_63641_46/aten__view Unique ID:9852 = n15065_aten::view{id_63625_46/attn/hpu__input Uniqueid: 9851 } , scope=46, View Size = [3, 32256]
   %id_62844_46/aten__slice Unique ID:9855 = n15064_aten::slice{id_63641_46/aten__view } , scope=46, dim=-1, start=10752, end=16128, step=1
   %id_63764_46/aten__index_select Unique ID:9934 = n15067_aten::index_select{id_62844_46/aten__slice id_63769_46/prim__constant id_25431_0/attn/hpu__input Uniqueid: 4787 } , scope=46
   %id_63772_46/aten__mul Unique ID:9935 = n15069_aten::mul{id_63764_46/aten__index_select id_63761_46/aten__view } , scope=46
   %id_63623_46/attn/hpu__input Unique ID:9848 = n15019_hpu::input{} , scope=46/attn
   %id_63777_46/hpu__add Unique ID:9936 = n15071_hpu::add{id_63623_46/attn/hpu__input Uniqueid: 9848 id_63772_46/aten__mul id_63780_46/prim__constant } , scope=46
   %id_63786_46/hpu__cast Unique ID:9937 = n15075_hpu::cast{id_63777_46/hpu__add id_63788_46/prim__constant } , scope=46
   %id_63791_46/norm2/aten__pow Unique ID:9938 = n15077_aten::pow{id_63786_46/hpu__cast id_63794_46/norm2/prim__constant } , scope=46/norm2
   %id_63797_46/norm2/aten__mean Unique ID:9939 = n15079_aten::mean{id_63791_46/norm2/aten__pow id_63800_46/norm2/prim__constant } @3=None, @1=[2], scope=46/norm2
   %id_63797_46/norm2/hpu__add_ Unique ID:9939 = n15081_hpu::add_{id_63797_46/norm2/aten__mean id_23854_token_refiner/0/norm1/hpu__input Uniqueid: 4645 id_63803_46/norm2/prim__constant } , scope=46/norm2
   %id_63806_46/norm2/aten__rsqrt Unique ID:9940 = n15082_aten::rsqrt{id_63797_46/norm2/hpu__add_ } , scope=46/norm2
   %id_63810_46/norm2/aten__mul Unique ID:9941 = n15083_aten::mul{id_63786_46/hpu__cast id_63806_46/norm2/aten__rsqrt } , scope=46/norm2
   %id_63814_46/norm2/aten__mul Unique ID:9942 = n15084_aten::mul{id_63810_46/norm2/aten__mul id_5924_hpu__input Uniqueid: 1182 } , scope=46/norm2
   %id_63821_46/norm2/hpu__cast Unique ID:9943 = n15088_hpu::cast{id_63814_46/norm2/aten__mul id_63823_46/norm2/prim__constant } , scope=46/norm2
   %id_63840_46/aten__mul Unique ID:9946 = n15098_aten::mul{id_63821_46/norm2/hpu__cast id_63834_46/hpu__add } , scope=46
   %id_63857_46/hpu__add Unique ID:9948 = n15104_hpu::add{id_63840_46/aten__mul id_63848_46/aten__index_select id_63863_46/prim__constant } , scope=46
   %id_63866_46/ff/0/proj/aten__linear Unique ID:9949 = n15105_aten::linear{id_63857_46/hpu__add id_5934_hpu__input Uniqueid: 1184 } @2=None, scope=46/ff/0/proj
   %id_63873_46/ff/0/activation/aten__slice Unique ID:9951 = n15106_aten::slice{id_63866_46/ff/0/proj/aten__linear } , scope=46/ff/0/activation, dim=-1, start=14336, end=28672, step=1
   %id_63876_46/ff/0/activation/aten__silu Unique ID:9952 = n15107_aten::silu{id_63873_46/ff/0/activation/aten__slice } , scope=46/ff/0/activation
   %id_63870_46/ff/0/aten__slice Unique ID:9950 = n15108_aten::slice{id_63866_46/ff/0/proj/aten__linear } , scope=46/ff/0, dim=-1, start=0, end=14336, step=1
   %id_63881_46/ff/0/aten__mul Unique ID:9953 = n15109_aten::mul{id_63870_46/ff/0/aten__slice id_63876_46/ff/0/activation/aten__silu } , scope=46/ff/0
   %id_63886_46/ff/2/aten__view Unique ID:9954 = n15110_aten::view{id_63881_46/ff/0/aten__mul } , scope=46/ff/2, View Size = [1, 15911, 14336]
   %id_63889_46/ff/2/aten__linear Unique ID:9955 = n15111_aten::linear{id_63886_46/ff/2/aten__view id_5944_hpu__input Uniqueid: 1186 } @2=None, scope=46/ff/2
   %id_63902_46/prim__constant Unique ID:0 = n15114_prim::constant{} , scope=46, value=0
   %id_63641_46/aten__view Unique ID:9852 = n15113_aten::view{id_63625_46/attn/hpu__input Uniqueid: 9851 } , scope=46, View Size = [3, 32256]
   %id_62853_46/aten__slice Unique ID:9858 = n15112_aten::slice{id_63641_46/aten__view } , scope=46, dim=-1, start=26880, end=32256, step=1
   %id_63894_46/aten__index_select Unique ID:9956 = n15115_aten::index_select{id_62853_46/aten__slice id_63902_46/prim__constant id_25431_0/attn/hpu__input Uniqueid: 4787 } , scope=46
   %id_63898_46/aten__mul Unique ID:9957 = n15116_aten::mul{id_63894_46/aten__index_select id_63889_46/ff/2/aten__linear } , scope=46
   %id_63906_46/hpu__add Unique ID:9958 = n15118_hpu::add{id_63777_46/hpu__add id_63898_46/aten__mul id_63913_46/prim__constant } , scope=46
   %id_63956_47/adaln_proj/linear/hpu__cast Unique ID:9969 = n15128_hpu::cast{id_63906_46/hpu__add id_63958_47/adaln_proj/linear/prim__constant } , scope=47/adaln_proj/linear
   %id_63961_47/norm1/aten__pow Unique ID:9970 = n15130_aten::pow{id_63956_47/adaln_proj/linear/hpu__cast id_63964_47/norm1/prim__constant } , scope=47/norm1
   %id_63967_47/norm1/aten__mean Unique ID:9971 = n15132_aten::mean{id_63961_47/norm1/aten__pow id_63970_47/norm1/prim__constant } @3=None, @1=[2], scope=47/norm1
   %id_63967_47/norm1/hpu__add_ Unique ID:9971 = n15134_hpu::add_{id_63967_47/norm1/aten__mean id_23854_token_refiner/0/norm1/hpu__input Uniqueid: 4645 id_63973_47/norm1/prim__constant } , scope=47/norm1
   %id_63976_47/norm1/aten__rsqrt Unique ID:9972 = n15135_aten::rsqrt{id_63967_47/norm1/hpu__add_ } , scope=47/norm1
   %id_63980_47/norm1/aten__mul Unique ID:9973 = n15136_aten::mul{id_63956_47/adaln_proj/linear/hpu__cast id_63976_47/norm1/aten__rsqrt } , scope=47/norm1
   %id_63984_47/norm1/aten__mul Unique ID:9974 = n15137_aten::mul{id_63980_47/norm1/aten__mul id_5974_hpu__input Uniqueid: 1192 } , scope=47/norm1
   %id_63991_47/norm1/hpu__cast Unique ID:9975 = n15141_hpu::cast{id_63984_47/norm1/aten__mul id_63993_47/norm1/prim__constant } , scope=47/norm1
   %id_64010_47/aten__mul Unique ID:9978 = n15151_aten::mul{id_63991_47/norm1/hpu__cast id_64004_47/hpu__add } , scope=47
   %id_64025_47/hpu__add Unique ID:9980 = n15157_hpu::add{id_64010_47/aten__mul id_64019_47/aten__index_select id_64033_47/prim__constant } , scope=47
   %id_64044_47/attn/to_v/aten__linear Unique ID:9983 = n15160_aten::linear{id_64025_47/hpu__add id_6004_hpu__input Uniqueid: 1198 } @2=None, scope=47/attn/to_v
   %id_64054_47/attn/aten__view Unique ID:9986 = n15260_aten::view{id_64044_47/attn/to_v/aten__linear } , scope=47/attn, View Size = [1, 15911, 56, 128]
   %id_64321_47/attn/aten__transpose Unique ID:10035 = n15259_aten::transpose{id_64054_47/attn/aten__view } , scope=47/attn, dim0=1, dim1=2
   %id_64312_47/attn/prim__constant Unique ID:0 = n15255_prim::constant{} , scope=47/attn, value=-1
   %id_64144_47/attn/norm_k/prim__constant Unique ID:0 = n15197_prim::constant{} , scope=47/attn/norm_k, value=15
   %id_6024_hpu__input Unique ID:1202 = n1203_hpu::input{} 
   %id_64124_47/attn/norm_k/prim__constant Unique ID:0 = n15190_prim::constant{} , scope=47/attn/norm_k, value=1
   %id_64121_47/attn/norm_k/prim__constant Unique ID:0 = n15188_prim::constant{} , scope=47/attn/norm_k, value=True
   %id_64115_47/attn/norm_k/prim__constant Unique ID:0 = n15186_prim::constant{} , scope=47/attn/norm_k, value=2
   %id_64112_47/attn/norm_q/prim__constant Unique ID:0 = n15184_prim::constant{} , scope=47/attn/norm_q, value=6
   %id_5994_hpu__input Unique ID:1196 = n1197_hpu::input{} 
   %id_64040_47/attn/to_k/aten__linear Unique ID:9982 = n15159_aten::linear{id_64025_47/hpu__add id_5994_hpu__input Uniqueid: 1196 } @2=None, scope=47/attn/to_k
   %id_64051_47/attn/norm_q/aten__view Unique ID:9985 = n15183_aten::view{id_64040_47/attn/to_k/aten__linear } , scope=47/attn/norm_q, View Size = [1, 15911, 56, 128]
   %id_64105_47/attn/norm_q/hpu__cast Unique ID:9994 = n15185_hpu::cast{id_64051_47/attn/norm_q/aten__view id_64112_47/attn/norm_q/prim__constant } , scope=47/attn/norm_q
   %id_64108_47/attn/norm_k/aten__pow Unique ID:9995 = n15187_aten::pow{id_64105_47/attn/norm_q/hpu__cast id_64115_47/attn/norm_k/prim__constant } , scope=47/attn/norm_k
   %id_64118_47/attn/norm_k/aten__mean Unique ID:9996 = n15189_aten::mean{id_64108_47/attn/norm_k/aten__pow id_64121_47/attn/norm_k/prim__constant } @3=None, @1=[3], scope=47/attn/norm_k
   %id_64118_47/attn/norm_k/hpu__add_ Unique ID:9996 = n15191_hpu::add_{id_64118_47/attn/norm_k/aten__mean id_23854_token_refiner/0/norm1/hpu__input Uniqueid: 4645 id_64124_47/attn/norm_k/prim__constant } , scope=47/attn/norm_k
   %id_64127_47/attn/norm_k/aten__rsqrt Unique ID:9997 = n15192_aten::rsqrt{id_64118_47/attn/norm_k/hpu__add_ } , scope=47/attn/norm_k
   %id_64131_47/attn/norm_k/aten__mul Unique ID:9998 = n15193_aten::mul{id_64105_47/attn/norm_q/hpu__cast id_64127_47/attn/norm_k/aten__rsqrt } , scope=47/attn/norm_k
   %id_64135_47/attn/norm_k/aten__mul Unique ID:9999 = n15194_aten::mul{id_64131_47/attn/norm_k/aten__mul id_6024_hpu__input Uniqueid: 1202 } , scope=47/attn/norm_k
   %id_64142_47/attn/norm_k/hpu__cast Unique ID:10000 = n15198_hpu::cast{id_64135_47/attn/norm_k/aten__mul id_64144_47/attn/norm_k/prim__constant } , scope=47/attn/norm_k
   %id_64234_47/attn/aten__slice Unique ID:10018 = n15253_aten::slice{id_64142_47/attn/norm_k/hpu__cast } , scope=47/attn, dim=3, start=96, end=9223372036854775807, step=1
   %id_64303_47/attn/prim__constant Unique ID:0 = n15251_prim::constant{} , scope=47/attn, value=1
   %id_64259_47/attn/prim__constant Unique ID:0 = n15234_prim::constant{} , scope=47/attn, value=15
   %id_25419_0/attn/hpu__input Unique ID:4638 = n5314_hpu::input{} , scope=0/attn
   %id_64254_47/attn/hpu__cast Unique ID:10022 = n15235_hpu::cast{id_25419_0/attn/hpu__input Uniqueid: 4638 id_64259_47/attn/prim__constant } , scope=47/attn
   %id_64256_47/attn/aten__unsqueeze Unique ID:10023 = n15249_aten::unsqueeze{id_64254_47/attn/hpu__cast } , scope=47/attn
   %id_64262_47/attn/aten__unsqueeze Unique ID:10024 = n15248_aten::unsqueeze{id_64256_47/attn/aten__unsqueeze } , scope=47/attn
   %id_64284_47/attn/prim__constant Unique ID:0 = n15242_prim::constant{} , scope=47/attn, value=-1
   %id_64231_47/attn/aten__slice Unique ID:10017 = n15240_aten::slice{id_64142_47/attn/norm_k/hpu__cast } , scope=47/attn, dim=3, start=0, end=96, step=1
   %id_64265_47/attn/aten__slice Unique ID:10025 = n15239_aten::slice{id_64231_47/attn/aten__slice } , scope=47/attn, dim=-1, start=0, end=48, step=1
   %id_64231_47/attn/aten__slice Unique ID:10017 = n15237_aten::slice{id_64142_47/attn/norm_k/hpu__cast } , scope=47/attn, dim=3, start=0, end=96, step=1
   %id_64268_47/attn/aten__slice Unique ID:10026 = n15236_aten::slice{id_64231_47/attn/aten__slice } , scope=47/attn, dim=-1, start=48, end=96, step=1
   %id_64271_47/attn/aten__neg Unique ID:10027 = n15238_aten::neg{id_64268_47/attn/aten__slice } , scope=47/attn
   %id_64282_47/attn/prim__ListConstruct Unique ID:0 = n15241_prim::ListConstruct{id_64271_47/attn/aten__neg id_64265_47/attn/aten__slice } , scope=47/attn
   %id_64277_47/attn/aten__cat Unique ID:10028 = n15243_aten::cat{id_64282_47/attn/prim__ListConstruct id_64284_47/attn/prim__constant } , scope=47/attn
   %id_64294_47/attn/aten__mul Unique ID:10030 = n15250_aten::mul{id_64277_47/attn/aten__cat id_64262_47/attn/aten__unsqueeze } , scope=47/attn
   %id_64243_47/attn/prim__constant Unique ID:0 = n15230_prim::constant{} , scope=47/attn, value=15
   %id_25417_0/attn/hpu__input Unique ID:4637 = n5313_hpu::input{} , scope=0/attn
   %id_64240_47/attn/hpu__cast Unique ID:10019 = n15231_hpu::cast{id_25417_0/attn/hpu__input Uniqueid: 4637 id_64243_47/attn/prim__constant } , scope=47/attn
   %id_64242_47/attn/aten__unsqueeze Unique ID:10020 = n15246_aten::unsqueeze{id_64240_47/attn/hpu__cast } , scope=47/attn
   %id_64248_47/attn/aten__unsqueeze Unique ID:10021 = n15245_aten::unsqueeze{id_64242_47/attn/aten__unsqueeze } , scope=47/attn
   %id_64231_47/attn/aten__slice Unique ID:10017 = n15244_aten::slice{id_64142_47/attn/norm_k/hpu__cast } , scope=47/attn, dim=3, start=0, end=96, step=1
   %id_64285_47/attn/aten__mul Unique ID:10029 = n15247_aten::mul{id_64231_47/attn/aten__slice id_64248_47/attn/aten__unsqueeze } , scope=47/attn
   %id_64300_47/attn/hpu__add Unique ID:10031 = n15252_hpu::add{id_64285_47/attn/aten__mul id_64294_47/attn/aten__mul id_64303_47/attn/prim__constant } , scope=47/attn
   %id_64310_47/attn/prim__ListConstruct Unique ID:0 = n15254_prim::ListConstruct{id_64300_47/attn/hpu__add id_64234_47/attn/aten__slice } , scope=47/attn
   %id_64306_47/attn/aten__cat Unique ID:10032 = n15256_aten::cat{id_64310_47/attn/prim__ListConstruct id_64312_47/attn/prim__constant } , scope=47/attn
   %id_64318_47/attn/aten__transpose Unique ID:10034 = n15258_aten::transpose{id_64306_47/attn/aten__cat } , scope=47/attn, dim0=1, dim1=2
   %id_64228_47/attn/prim__constant Unique ID:0 = n15226_prim::constant{} , scope=47/attn, value=-1
   %id_64099_47/attn/norm_q/prim__constant Unique ID:0 = n15178_prim::constant{} , scope=47/attn/norm_q, value=15
   %id_6014_hpu__input Unique ID:1200 = n1201_hpu::input{} 
   %id_64079_47/attn/norm_q/prim__constant Unique ID:0 = n15171_prim::constant{} , scope=47/attn/norm_q, value=1
   %id_64076_47/attn/norm_q/prim__constant Unique ID:0 = n15169_prim::constant{} , scope=47/attn/norm_q, value=True
   %id_64070_47/attn/norm_q/prim__constant Unique ID:0 = n15167_prim::constant{} , scope=47/attn/norm_q, value=2
   %id_64067_47/attn/to_v/prim__constant Unique ID:0 = n15165_prim::constant{} , scope=47/attn/to_v, value=6
   %id_5984_hpu__input Unique ID:1194 = n1195_hpu::input{} 
   %id_64036_47/attn/to_q/aten__linear Unique ID:9981 = n15158_aten::linear{id_64025_47/hpu__add id_5984_hpu__input Uniqueid: 1194 } @2=None, scope=47/attn/to_q
   %id_64048_47/attn/to_v/aten__view Unique ID:9984 = n15164_aten::view{id_64036_47/attn/to_q/aten__linear } , scope=47/attn/to_v, View Size = [1, 15911, 56, 128]
   %id_64060_47/attn/to_v/hpu__cast Unique ID:9987 = n15166_hpu::cast{id_64048_47/attn/to_v/aten__view id_64067_47/attn/to_v/prim__constant } , scope=47/attn/to_v
   %id_64063_47/attn/norm_q/aten__pow Unique ID:9988 = n15168_aten::pow{id_64060_47/attn/to_v/hpu__cast id_64070_47/attn/norm_q/prim__constant } , scope=47/attn/norm_q
   %id_64073_47/attn/norm_q/aten__mean Unique ID:9989 = n15170_aten::mean{id_64063_47/attn/norm_q/aten__pow id_64076_47/attn/norm_q/prim__constant } @3=None, @1=[3], scope=47/attn/norm_q
   %id_64073_47/attn/norm_q/hpu__add_ Unique ID:9989 = n15172_hpu::add_{id_64073_47/attn/norm_q/aten__mean id_23854_token_refiner/0/norm1/hpu__input Uniqueid: 4645 id_64079_47/attn/norm_q/prim__constant } , scope=47/attn/norm_q
   %id_64082_47/attn/norm_q/aten__rsqrt Unique ID:9990 = n15173_aten::rsqrt{id_64073_47/attn/norm_q/hpu__add_ } , scope=47/attn/norm_q
   %id_64086_47/attn/norm_q/aten__mul Unique ID:9991 = n15174_aten::mul{id_64060_47/attn/to_v/hpu__cast id_64082_47/attn/norm_q/aten__rsqrt } , scope=47/attn/norm_q
   %id_64090_47/attn/norm_q/aten__mul Unique ID:9992 = n15175_aten::mul{id_64086_47/attn/norm_q/aten__mul id_6014_hpu__input Uniqueid: 1200 } , scope=47/attn/norm_q
   %id_64097_47/attn/norm_q/hpu__cast Unique ID:9993 = n15179_hpu::cast{id_64090_47/attn/norm_q/aten__mul id_64099_47/attn/norm_q/prim__constant } , scope=47/attn/norm_q
   %id_64150_47/attn/aten__slice Unique ID:10002 = n15224_aten::slice{id_64097_47/attn/norm_q/hpu__cast } , scope=47/attn, dim=3, start=96, end=9223372036854775807, step=1
   %id_64219_47/attn/prim__constant Unique ID:0 = n15222_prim::constant{} , scope=47/attn, value=1
   %id_64174_47/attn/norm_k/prim__constant Unique ID:0 = n15205_prim::constant{} , scope=47/attn/norm_k, value=15
   %id_64170_47/attn/norm_k/hpu__cast Unique ID:10006 = n15206_hpu::cast{id_25419_0/attn/hpu__input Uniqueid: 4638 id_64174_47/attn/norm_k/prim__constant } , scope=47/attn/norm_k
   %id_64172_47/attn/aten__unsqueeze Unique ID:10007 = n15220_aten::unsqueeze{id_64170_47/attn/norm_k/hpu__cast } , scope=47/attn
   %id_64178_47/attn/aten__unsqueeze Unique ID:10008 = n15219_aten::unsqueeze{id_64172_47/attn/aten__unsqueeze } , scope=47/attn
   %id_64200_47/attn/prim__constant Unique ID:0 = n15213_prim::constant{} , scope=47/attn, value=-1
   %id_64147_47/attn/aten__slice Unique ID:10001 = n15211_aten::slice{id_64097_47/attn/norm_q/hpu__cast } , scope=47/attn, dim=3, start=0, end=96, step=1
   %id_64181_47/attn/aten__slice Unique ID:10009 = n15210_aten::slice{id_64147_47/attn/aten__slice } , scope=47/attn, dim=-1, start=0, end=48, step=1
   %id_64147_47/attn/aten__slice Unique ID:10001 = n15208_aten::slice{id_64097_47/attn/norm_q/hpu__cast } , scope=47/attn, dim=3, start=0, end=96, step=1
   %id_64184_47/attn/aten__slice Unique ID:10010 = n15207_aten::slice{id_64147_47/attn/aten__slice } , scope=47/attn, dim=-1, start=48, end=96, step=1
   %id_64187_47/attn/aten__neg Unique ID:10011 = n15209_aten::neg{id_64184_47/attn/aten__slice } , scope=47/attn
   %id_64198_47/attn/prim__ListConstruct Unique ID:0 = n15212_prim::ListConstruct{id_64187_47/attn/aten__neg id_64181_47/attn/aten__slice } , scope=47/attn
   %id_64193_47/attn/aten__cat Unique ID:10012 = n15214_aten::cat{id_64198_47/attn/prim__ListConstruct id_64200_47/attn/prim__constant } , scope=47/attn
   %id_64207_47/attn/aten__mul Unique ID:10014 = n15221_aten::mul{id_64193_47/attn/aten__cat id_64178_47/attn/aten__unsqueeze } , scope=47/attn
   %id_64158_47/attn/norm_k/prim__constant Unique ID:0 = n15201_prim::constant{} , scope=47/attn/norm_k, value=15
   %id_64156_47/attn/norm_k/hpu__cast Unique ID:10003 = n15202_hpu::cast{id_25417_0/attn/hpu__input Uniqueid: 4637 id_64158_47/attn/norm_k/prim__constant } , scope=47/attn/norm_k
   %id_64161_47/attn/aten__unsqueeze Unique ID:10004 = n15217_aten::unsqueeze{id_64156_47/attn/norm_k/hpu__cast } , scope=47/attn
   %id_64164_47/attn/aten__unsqueeze Unique ID:10005 = n15216_aten::unsqueeze{id_64161_47/attn/aten__unsqueeze } , scope=47/attn
   %id_64147_47/attn/aten__slice Unique ID:10001 = n15215_aten::slice{id_64097_47/attn/norm_q/hpu__cast } , scope=47/attn, dim=3, start=0, end=96, step=1
   %id_64203_47/attn/aten__mul Unique ID:10013 = n15218_aten::mul{id_64147_47/attn/aten__slice id_64164_47/attn/aten__unsqueeze } , scope=47/attn
   %id_64216_47/attn/hpu__add Unique ID:10015 = n15223_hpu::add{id_64203_47/attn/aten__mul id_64207_47/attn/aten__mul id_64219_47/attn/prim__constant } , scope=47/attn
   %id_64226_47/attn/prim__ListConstruct Unique ID:0 = n15225_prim::ListConstruct{id_64216_47/attn/hpu__add id_64150_47/attn/aten__slice } , scope=47/attn
   %id_64222_47/attn/aten__cat Unique ID:10016 = n15227_aten::cat{id_64226_47/attn/prim__ListConstruct id_64228_47/attn/prim__constant } , scope=47/attn
   %id_64315_47/attn/aten__transpose Unique ID:10033 = n15257_aten::transpose{id_64222_47/attn/aten__cat } , scope=47/attn, dim0=1, dim1=2
   %id_64324_47/attn/hpu__sdpa_fwd Unique ID:10036, %id_64327_47/attn/hpu__sdpa_fwd Unique ID:10037, %id_64330_47/attn/hpu__sdpa_fwd Unique ID:10038 = n15264_hpu::sdpa_fwd{id_64315_47/attn/aten__transpose id_64318_47/attn/aten__transpose id_64321_47/attn/aten__transpose id_64337_47/attn/prim__constant id_64340_47/attn/prim__constant id_64344_47/attn/prim__constant } @9=left, @8=None, @7=fast, @3=None, scope=47/attn
   %id_64339_47/attn/aten__transpose Unique ID:10039 = n15265_aten::transpose{id_64324_47/attn/hpu__sdpa_fwd } , scope=47/attn, dim0=1, dim1=2
   %id_64349_47/attn/aten__clone Unique ID:10040 = n15267_aten::clone{id_64339_47/attn/aten__transpose id_64356_47/attn/prim__constant } , scope=47/attn
   %id_64353_47/attn/0/aten__view Unique ID:10041 = n15268_aten::view{id_64349_47/attn/aten__clone } , scope=47/attn/0, View Size = [1, 15911, 7168]
   %id_64359_47/attn/0/aten__linear Unique ID:10042 = n15269_aten::linear{id_64353_47/attn/0/aten__view id_6034_hpu__input Uniqueid: 1204 } @2=None, scope=47/attn/0
   %id_64364_47/aten__view Unique ID:10043 = n15274_aten::view{id_64359_47/attn/0/aten__linear } , scope=47, View Size = [1, 15911, 5376]
   %id_64372_47/prim__constant Unique ID:0 = n15272_prim::constant{} , scope=47, value=0
   %id_63932_47/aten__view Unique ID:9962 = n15271_aten::view{id_63928_47/adaln_proj/linear/aten__linear } , scope=47, View Size = [3, 32256]
   %id_63941_47/aten__slice Unique ID:9965 = n15270_aten::slice{id_63932_47/aten__view } , scope=47, dim=-1, start=10752, end=16128, step=1
   %id_64367_47/aten__index_select Unique ID:10044 = n15273_aten::index_select{id_63941_47/aten__slice id_64372_47/prim__constant id_25431_0/attn/hpu__input Uniqueid: 4787 } , scope=47
   %id_64375_47/aten__mul Unique ID:10045 = n15275_aten::mul{id_64367_47/aten__index_select id_64364_47/aten__view } , scope=47
   %id_64380_47/hpu__add Unique ID:10046 = n15277_hpu::add{id_63906_46/hpu__add id_64375_47/aten__mul id_64383_47/prim__constant } , scope=47
   %id_64389_47/hpu__cast Unique ID:10047 = n15281_hpu::cast{id_64380_47/hpu__add id_64391_47/prim__constant } , scope=47
   %id_64394_47/norm2/aten__pow Unique ID:10048 = n15283_aten::pow{id_64389_47/hpu__cast id_64397_47/norm2/prim__constant } , scope=47/norm2
   %id_64400_47/norm2/aten__mean Unique ID:10049 = n15285_aten::mean{id_64394_47/norm2/aten__pow id_64403_47/norm2/prim__constant } @3=None, @1=[2], scope=47/norm2
   %id_64400_47/norm2/hpu__add_ Unique ID:10049 = n15287_hpu::add_{id_64400_47/norm2/aten__mean id_23854_token_refiner/0/norm1/hpu__input Uniqueid: 4645 id_64406_47/norm2/prim__constant } , scope=47/norm2
   %id_64409_47/norm2/aten__rsqrt Unique ID:10050 = n15288_aten::rsqrt{id_64400_47/norm2/hpu__add_ } , scope=47/norm2
   %id_64413_47/norm2/aten__mul Unique ID:10051 = n15289_aten::mul{id_64389_47/hpu__cast id_64409_47/norm2/aten__rsqrt } , scope=47/norm2
   %id_64417_47/norm2/aten__mul Unique ID:10052 = n15290_aten::mul{id_64413_47/norm2/aten__mul id_6044_hpu__input Uniqueid: 1206 } , scope=47/norm2
   %id_64424_47/norm2/hpu__cast Unique ID:10053 = n15294_hpu::cast{id_64417_47/norm2/aten__mul id_64426_47/norm2/prim__constant } , scope=47/norm2
   %id_64443_47/aten__mul Unique ID:10056 = n15304_aten::mul{id_64424_47/norm2/hpu__cast id_64437_47/hpu__add } , scope=47
   %id_64460_47/hpu__add Unique ID:10058 = n15310_hpu::add{id_64443_47/aten__mul id_64454_47/aten__index_select id_64466_47/prim__constant } , scope=47
   %id_64469_47/ff/0/proj/aten__linear Unique ID:10059 = n15311_aten::linear{id_64460_47/hpu__add id_6054_hpu__input Uniqueid: 1208 } @2=None, scope=47/ff/0/proj
   %id_64476_47/ff/0/activation/aten__slice Unique ID:10061 = n15312_aten::slice{id_64469_47/ff/0/proj/aten__linear } , scope=47/ff/0/activation, dim=-1, start=14336, end=28672, step=1
   %id_64479_47/ff/0/activation/aten__silu Unique ID:10062 = n15313_aten::silu{id_64476_47/ff/0/activation/aten__slice } , scope=47/ff/0/activation
   %id_64473_47/ff/0/aten__slice Unique ID:10060 = n15314_aten::slice{id_64469_47/ff/0/proj/aten__linear } , scope=47/ff/0, dim=-1, start=0, end=14336, step=1
   %id_64484_47/ff/0/aten__mul Unique ID:10063 = n15315_aten::mul{id_64473_47/ff/0/aten__slice id_64479_47/ff/0/activation/aten__silu } , scope=47/ff/0
   %id_64489_47/ff/2/aten__view Unique ID:10064 = n15316_aten::view{id_64484_47/ff/0/aten__mul } , scope=47/ff/2, View Size = [1, 15911, 14336]
   %id_64492_47/ff/2/aten__linear Unique ID:10065 = n15317_aten::linear{id_64489_47/ff/2/aten__view id_6064_hpu__input Uniqueid: 1210 } @2=None, scope=47/ff/2
   %id_64505_47/prim__constant Unique ID:0 = n15320_prim::constant{} , scope=47, value=0
   %id_63932_47/aten__view Unique ID:9962 = n15319_aten::view{id_63928_47/adaln_proj/linear/aten__linear } , scope=47, View Size = [3, 32256]
   %id_63950_47/aten__slice Unique ID:9968 = n15318_aten::slice{id_63932_47/aten__view } , scope=47, dim=-1, start=26880, end=32256, step=1
   %id_64497_47/aten__index_select Unique ID:10066 = n15321_aten::index_select{id_63950_47/aten__slice id_64505_47/prim__constant id_25431_0/attn/hpu__input Uniqueid: 4787 } , scope=47
   %id_64502_47/aten__mul Unique ID:10067 = n15322_aten::mul{id_64497_47/aten__index_select id_64492_47/ff/2/aten__linear } , scope=47
   %id_64509_47/hpu__add Unique ID:10068 = n15324_hpu::add{id_64380_47/hpu__add id_64502_47/aten__mul id_64512_47/prim__constant } , scope=47
   %id_6204_hpu__input Unique ID:1238 = n1239_hpu::input{} 
   %id_6194_hpu__input Unique ID:1236 = n1237_hpu::input{} 
   %id_64524_48/adaln_proj/prim__constant Unique ID:0 = n15328_prim::constant{} , scope=48/adaln_proj, value=15
   %id_64515_48/adaln_proj/aten__silu Unique ID:10069 = n15325_aten::silu{id_25429_0/attn/hpu__input Uniqueid: 4784 } , scope=48/adaln_proj
   %id_64522_48/adaln_proj/hpu__cast Unique ID:10070 = n15329_hpu::cast{id_64515_48/adaln_proj/aten__silu id_64524_48/adaln_proj/prim__constant } , scope=48/adaln_proj
   %id_64527_48/adaln_proj/linear/aten__linear Unique ID:10071 = n15330_aten::linear{id_64522_48/adaln_proj/hpu__cast id_6194_hpu__input Uniqueid: 1236 id_6204_hpu__input Uniqueid: 1238 } , scope=48/adaln_proj/linear
   %id_64632_48/prim__constant Unique ID:0 = n15362_prim::constant{} , scope=48, value=1
   %id_64629_48/prim__constant Unique ID:0 = n15360_prim::constant{} , scope=48, value=0
   %id_64531_48/aten__view Unique ID:10072 = n15359_aten::view{id_64527_48/adaln_proj/linear/aten__linear Uniqueid: 10071 } , scope=48, View Size = [3, 32256]
   %id_64534_48/aten__slice Unique ID:10073 = n15358_aten::slice{id_64531_48/aten__view } , scope=48, dim=-1, start=0, end=5376, step=1
   %id_64618_48/aten__index_select Unique ID:10089 = n15361_aten::index_select{id_64534_48/aten__slice id_64629_48/prim__constant id_25431_0/attn/hpu__input Uniqueid: 4787 } , scope=48
   %id_64615_48/prim__constant Unique ID:0 = n15355_prim::constant{} , scope=48, value=1
   %id_64612_48/prim__constant Unique ID:0 = n15353_prim::constant{} , scope=48, value=15
   %id_64606_48/hpu__cast Unique ID:4611686018427388001 = n15354_hpu::cast{id_24725_0/hpu__input Uniqueid: 4806 id_64612_48/prim__constant } , scope=48
   %id_64600_48/prim__constant Unique ID:0 = n15350_prim::constant{} , scope=48, value=0
   %id_64531_48/aten__view Unique ID:10072 = n15349_aten::view{id_64527_48/adaln_proj/linear/aten__linear Uniqueid: 10071 } , scope=48, View Size = [3, 32256]
   %id_64537_48/aten__slice Unique ID:10074 = n15348_aten::slice{id_64531_48/aten__view } , scope=48, dim=-1, start=5376, end=10752, step=1
   %id_64595_48/aten__index_select Unique ID:10086 = n15351_aten::index_select{id_64537_48/aten__slice id_64600_48/prim__constant id_25431_0/attn/hpu__input Uniqueid: 4787 } , scope=48
   %id_64603_48/hpu__add Unique ID:10087 = n15356_hpu::add{id_64595_48/aten__index_select id_64606_48/hpu__cast id_64615_48/prim__constant } , scope=48
   %id_64592_48/norm1/prim__constant Unique ID:0 = n15346_prim::constant{} , scope=48/norm1, value=15
   %id_6094_hpu__input Unique ID:1216 = n1217_hpu::input{} 
   %id_64572_48/norm1/prim__constant Unique ID:0 = n15339_prim::constant{} , scope=48/norm1, value=1
   %id_64569_48/norm1/prim__constant Unique ID:0 = n15337_prim::constant{} , scope=48/norm1, value=True
   %id_64563_48/norm1/prim__constant Unique ID:0 = n15335_prim::constant{} , scope=48/norm1, value=2
   %id_64557_48/adaln_proj/linear/prim__constant Unique ID:0 = n15333_prim::constant{} , scope=48/adaln_proj/linear, value=6
   %id_64555_48/adaln_proj/linear/hpu__cast Unique ID:10079 = n15334_hpu::cast{id_64509_47/hpu__add Uniqueid: 10068 id_64557_48/adaln_proj/linear/prim__constant } , scope=48/adaln_proj/linear
   %id_64560_48/norm1/aten__pow Unique ID:10080 = n15336_aten::pow{id_64555_48/adaln_proj/linear/hpu__cast id_64563_48/norm1/prim__constant } , scope=48/norm1
   %id_64566_48/norm1/aten__mean Unique ID:10081 = n15338_aten::mean{id_64560_48/norm1/aten__pow id_64569_48/norm1/prim__constant } @3=None, @1=[2], scope=48/norm1
   %id_64566_48/norm1/hpu__add_ Unique ID:10081 = n15340_hpu::add_{id_64566_48/norm1/aten__mean id_23854_token_refiner/0/norm1/hpu__input Uniqueid: 4645 id_64572_48/norm1/prim__constant } , scope=48/norm1
   %id_64575_48/norm1/aten__rsqrt Unique ID:10082 = n15341_aten::rsqrt{id_64566_48/norm1/hpu__add_ } , scope=48/norm1
   %id_64579_48/norm1/aten__mul Unique ID:10083 = n15342_aten::mul{id_64555_48/adaln_proj/linear/hpu__cast id_64575_48/norm1/aten__rsqrt } , scope=48/norm1
   %id_64583_48/norm1/aten__mul Unique ID:10084 = n15343_aten::mul{id_64579_48/norm1/aten__mul id_6094_hpu__input Uniqueid: 1216 } , scope=48/norm1
   %id_64590_48/norm1/hpu__cast Unique ID:10085 = n15347_hpu::cast{id_64583_48/norm1/aten__mul id_64592_48/norm1/prim__constant } , scope=48/norm1
   %id_64609_48/aten__mul Unique ID:10088 = n15357_aten::mul{id_64590_48/norm1/hpu__cast id_64603_48/hpu__add } , scope=48
   %id_64624_48/hpu__add Unique ID:10090 = n15363_hpu::add{id_64609_48/aten__mul id_64618_48/aten__index_select id_64632_48/prim__constant } , scope=48
   %id_6154_hpu__input Unique ID:1228 = n1229_hpu::input{} 
   %id_64955_48/attn/prim__constant Unique ID:0 = n15472_prim::constant{} , scope=48/attn, value=0
   %id_64943_48/attn/prim__constant Unique ID:0 = n15469_prim::constant{} , scope=48/attn, value=False
   %id_64941_48/attn/prim__constant Unique ID:0 = n15468_prim::constant{} , scope=48/attn, value=0.088388347648318433
   %id_64939_48/attn/prim__constant Unique ID:0 = n15467_prim::constant{} , scope=48/attn, value=0.
   %id_6124_hpu__input Unique ID:1222 = n1223_hpu::input{} 
   %id_64643_48/attn/to_v/aten__linear Unique ID:10093 = n15366_aten::linear{id_64624_48/hpu__add Uniqueid: 10090 id_6124_hpu__input Uniqueid: 1222 } @2=None, scope=48/attn/to_v
   %id_64653_48/attn/aten__view Unique ID:10096 = n15466_aten::view{id_64643_48/attn/to_v/aten__linear } , scope=48/attn, View Size = [1, 15911, 56, 128]
   %id_64920_48/attn/aten__transpose Unique ID:10145 = n15465_aten::transpose{id_64653_48/attn/aten__view } , scope=48/attn, dim0=1, dim1=2
   %id_64911_48/attn/prim__constant Unique ID:0 = n15461_prim::constant{} , scope=48/attn, value=-1
   %id_64743_48/attn/norm_k/prim__constant Unique ID:0 = n15403_prim::constant{} , scope=48/attn/norm_k, value=15
   %id_6144_hpu__input Unique ID:1226 = n1227_hpu::input{} 
   %id_64723_48/attn/norm_k/prim__constant Unique ID:0 = n15396_prim::constant{} , scope=48/attn/norm_k, value=1
   %id_64720_48/attn/norm_k/prim__constant Unique ID:0 = n15394_prim::constant{} , scope=48/attn/norm_k, value=True
   %id_64714_48/attn/norm_k/prim__constant Unique ID:0 = n15392_prim::constant{} , scope=48/attn/norm_k, value=2
   %id_64711_48/attn/norm_q/prim__constant Unique ID:0 = n15390_prim::constant{} , scope=48/attn/norm_q, value=6
   %id_6114_hpu__input Unique ID:1220 = n1221_hpu::input{} 
   %id_64639_48/attn/to_k/aten__linear Unique ID:10092 = n15365_aten::linear{id_64624_48/hpu__add Uniqueid: 10090 id_6114_hpu__input Uniqueid: 1220 } @2=None, scope=48/attn/to_k
   %id_64650_48/attn/norm_q/aten__view Unique ID:10095 = n15389_aten::view{id_64639_48/attn/to_k/aten__linear } , scope=48/attn/norm_q, View Size = [1, 15911, 56, 128]
   %id_64704_48/attn/norm_q/hpu__cast Unique ID:10104 = n15391_hpu::cast{id_64650_48/attn/norm_q/aten__view id_64711_48/attn/norm_q/prim__constant } , scope=48/attn/norm_q
   %id_64707_48/attn/norm_k/aten__pow Unique ID:10105 = n15393_aten::pow{id_64704_48/attn/norm_q/hpu__cast id_64714_48/attn/norm_k/prim__constant } , scope=48/attn/norm_k
   %id_64717_48/attn/norm_k/aten__mean Unique ID:10106 = n15395_aten::mean{id_64707_48/attn/norm_k/aten__pow id_64720_48/attn/norm_k/prim__constant } @3=None, @1=[3], scope=48/attn/norm_k
   %id_64717_48/attn/norm_k/hpu__add_ Unique ID:10106 = n15397_hpu::add_{id_64717_48/attn/norm_k/aten__mean id_23854_token_refiner/0/norm1/hpu__input Uniqueid: 4645 id_64723_48/attn/norm_k/prim__constant } , scope=48/attn/norm_k
   %id_64725_48/attn/norm_k/aten__rsqrt Unique ID:10107 = n15398_aten::rsqrt{id_64717_48/attn/norm_k/hpu__add_ } , scope=48/attn/norm_k
   %id_64730_48/attn/norm_k/aten__mul Unique ID:10108 = n15399_aten::mul{id_64704_48/attn/norm_q/hpu__cast id_64725_48/attn/norm_k/aten__rsqrt } , scope=48/attn/norm_k
   %id_64734_48/attn/norm_k/aten__mul Unique ID:10109 = n15400_aten::mul{id_64730_48/attn/norm_k/aten__mul id_6144_hpu__input Uniqueid: 1226 } , scope=48/attn/norm_k
   %id_64741_48/attn/norm_k/hpu__cast Unique ID:10110 = n15404_hpu::cast{id_64734_48/attn/norm_k/aten__mul id_64743_48/attn/norm_k/prim__constant } , scope=48/attn/norm_k
   %id_64833_48/attn/aten__slice Unique ID:10128 = n15459_aten::slice{id_64741_48/attn/norm_k/hpu__cast } , scope=48/attn, dim=3, start=96, end=9223372036854775807, step=1
   %id_64902_48/attn/prim__constant Unique ID:0 = n15457_prim::constant{} , scope=48/attn, value=1
   %id_64858_48/attn/prim__constant Unique ID:0 = n15440_prim::constant{} , scope=48/attn, value=15
   %id_64853_48/attn/hpu__cast Unique ID:10132 = n15441_hpu::cast{id_25419_0/attn/hpu__input Uniqueid: 4638 id_64858_48/attn/prim__constant } , scope=48/attn
   %id_64855_48/attn/aten__unsqueeze Unique ID:10133 = n15455_aten::unsqueeze{id_64853_48/attn/hpu__cast } , scope=48/attn
   %id_64861_48/attn/aten__unsqueeze Unique ID:10134 = n15454_aten::unsqueeze{id_64855_48/attn/aten__unsqueeze } , scope=48/attn
   %id_64886_48/attn/prim__constant Unique ID:0 = n15448_prim::constant{} , scope=48/attn, value=-1
   %id_64830_48/attn/aten__slice Unique ID:10127 = n15446_aten::slice{id_64741_48/attn/norm_k/hpu__cast } , scope=48/attn, dim=3, start=0, end=96, step=1
   %id_64864_48/attn/aten__slice Unique ID:10135 = n15445_aten::slice{id_64830_48/attn/aten__slice } , scope=48/attn, dim=-1, start=0, end=48, step=1
   %id_64830_48/attn/aten__slice Unique ID:10127 = n15443_aten::slice{id_64741_48/attn/norm_k/hpu__cast } , scope=48/attn, dim=3, start=0, end=96, step=1
   %id_64867_48/attn/aten__slice Unique ID:10136 = n15442_aten::slice{id_64830_48/attn/aten__slice } , scope=48/attn, dim=-1, start=48, end=96, step=1
   %id_64870_48/attn/aten__neg Unique ID:10137 = n15444_aten::neg{id_64867_48/attn/aten__slice } , scope=48/attn
   %id_64884_48/attn/prim__ListConstruct Unique ID:0 = n15447_prim::ListConstruct{id_64870_48/attn/aten__neg id_64864_48/attn/aten__slice } , scope=48/attn
   %id_64876_48/attn/aten__cat Unique ID:10138 = n15449_aten::cat{id_64884_48/attn/prim__ListConstruct id_64886_48/attn/prim__constant } , scope=48/attn
   %id_64890_48/attn/aten__mul Unique ID:10140 = n15456_aten::mul{id_64876_48/attn/aten__cat id_64861_48/attn/aten__unsqueeze } , scope=48/attn
   %id_64841_48/attn/prim__constant Unique ID:0 = n15436_prim::constant{} , scope=48/attn, value=15
   %id_64839_48/attn/hpu__cast Unique ID:10129 = n15437_hpu::cast{id_25417_0/attn/hpu__input Uniqueid: 4637 id_64841_48/attn/prim__constant } , scope=48/attn
   %id_64843_48/attn/aten__unsqueeze Unique ID:10130 = n15452_aten::unsqueeze{id_64839_48/attn/hpu__cast } , scope=48/attn
   %id_64847_48/attn/aten__unsqueeze Unique ID:10131 = n15451_aten::unsqueeze{id_64843_48/attn/aten__unsqueeze } , scope=48/attn
   %id_64830_48/attn/aten__slice Unique ID:10127 = n15450_aten::slice{id_64741_48/attn/norm_k/hpu__cast } , scope=48/attn, dim=3, start=0, end=96, step=1
   %id_64881_48/attn/aten__mul Unique ID:10139 = n15453_aten::mul{id_64830_48/attn/aten__slice id_64847_48/attn/aten__unsqueeze } , scope=48/attn
   %id_64898_48/attn/hpu__add Unique ID:10141 = n15458_hpu::add{id_64881_48/attn/aten__mul id_64890_48/attn/aten__mul id_64902_48/attn/prim__constant } , scope=48/attn
   %id_64909_48/attn/prim__ListConstruct Unique ID:0 = n15460_prim::ListConstruct{id_64898_48/attn/hpu__add id_64833_48/attn/aten__slice } , scope=48/attn
   %id_64905_48/attn/aten__cat Unique ID:10142 = n15462_aten::cat{id_64909_48/attn/prim__ListConstruct id_64911_48/attn/prim__constant } , scope=48/attn
   %id_64917_48/attn/aten__transpose Unique ID:10144 = n15464_aten::transpose{id_64905_48/attn/aten__cat } , scope=48/attn, dim0=1, dim1=2
   %id_64827_48/attn/prim__constant Unique ID:0 = n15432_prim::constant{} , scope=48/attn, value=-1
   %id_64698_48/attn/norm_q/prim__constant Unique ID:0 = n15384_prim::constant{} , scope=48/attn/norm_q, value=15
   %id_6134_hpu__input Unique ID:1224 = n1225_hpu::input{} 
   %id_64678_48/attn/norm_q/prim__constant Unique ID:0 = n15377_prim::constant{} , scope=48/attn/norm_q, value=1
   %id_64675_48/attn/norm_q/prim__constant Unique ID:0 = n15375_prim::constant{} , scope=48/attn/norm_q, value=True
   %id_64669_48/attn/norm_q/prim__constant Unique ID:0 = n15373_prim::constant{} , scope=48/attn/norm_q, value=2
   %id_64663_48/attn/to_v/prim__constant Unique ID:0 = n15371_prim::constant{} , scope=48/attn/to_v, value=6
   %id_6104_hpu__input Unique ID:1218 = n1219_hpu::input{} 
   %id_64635_48/attn/to_q/aten__linear Unique ID:10091 = n15364_aten::linear{id_64624_48/hpu__add Uniqueid: 10090 id_6104_hpu__input Uniqueid: 1218 } @2=None, scope=48/attn/to_q
   %id_64647_48/attn/to_v/aten__view Unique ID:10094 = n15370_aten::view{id_64635_48/attn/to_q/aten__linear } , scope=48/attn/to_v, View Size = [1, 15911, 56, 128]
   %id_64659_48/attn/to_v/hpu__cast Unique ID:10097 = n15372_hpu::cast{id_64647_48/attn/to_v/aten__view id_64663_48/attn/to_v/prim__constant } , scope=48/attn/to_v
   %id_64666_48/attn/norm_q/aten__pow Unique ID:10098 = n15374_aten::pow{id_64659_48/attn/to_v/hpu__cast id_64669_48/attn/norm_q/prim__constant } , scope=48/attn/norm_q
   %id_64672_48/attn/norm_q/aten__mean Unique ID:10099 = n15376_aten::mean{id_64666_48/attn/norm_q/aten__pow id_64675_48/attn/norm_q/prim__constant } @3=None, @1=[3], scope=48/attn/norm_q
   %id_64672_48/attn/norm_q/hpu__add_ Unique ID:10099 = n15378_hpu::add_{id_64672_48/attn/norm_q/aten__mean id_23854_token_refiner/0/norm1/hpu__input Uniqueid: 4645 id_64678_48/attn/norm_q/prim__constant } , scope=48/attn/norm_q
   %id_64681_48/attn/norm_q/aten__rsqrt Unique ID:10100 = n15379_aten::rsqrt{id_64672_48/attn/norm_q/hpu__add_ } , scope=48/attn/norm_q
   %id_64685_48/attn/norm_q/aten__mul Unique ID:10101 = n15380_aten::mul{id_64659_48/attn/to_v/hpu__cast id_64681_48/attn/norm_q/aten__rsqrt } , scope=48/attn/norm_q
   %id_64689_48/attn/norm_q/aten__mul Unique ID:10102 = n15381_aten::mul{id_64685_48/attn/norm_q/aten__mul id_6134_hpu__input Uniqueid: 1224 } , scope=48/attn/norm_q
   %id_64696_48/attn/norm_q/hpu__cast Unique ID:10103 = n15385_hpu::cast{id_64689_48/attn/norm_q/aten__mul id_64698_48/attn/norm_q/prim__constant } , scope=48/attn/norm_q
   %id_64749_48/attn/aten__slice Unique ID:10112 = n15430_aten::slice{id_64696_48/attn/norm_q/hpu__cast } , scope=48/attn, dim=3, start=96, end=9223372036854775807, step=1
   %id_64818_48/attn/prim__constant Unique ID:0 = n15428_prim::constant{} , scope=48/attn, value=1
   %id_64774_48/attn/norm_k/prim__constant Unique ID:0 = n15411_prim::constant{} , scope=48/attn/norm_k, value=15
   %id_64769_48/attn/norm_k/hpu__cast Unique ID:10116 = n15412_hpu::cast{id_25419_0/attn/hpu__input Uniqueid: 4638 id_64774_48/attn/norm_k/prim__constant } , scope=48/attn/norm_k
   %id_64771_48/attn/aten__unsqueeze Unique ID:10117 = n15426_aten::unsqueeze{id_64769_48/attn/norm_k/hpu__cast } , scope=48/attn
   %id_64777_48/attn/aten__unsqueeze Unique ID:10118 = n15425_aten::unsqueeze{id_64771_48/attn/aten__unsqueeze } , scope=48/attn
   %id_64799_48/attn/prim__constant Unique ID:0 = n15419_prim::constant{} , scope=48/attn, value=-1
   %id_64746_48/attn/aten__slice Unique ID:10111 = n15417_aten::slice{id_64696_48/attn/norm_q/hpu__cast } , scope=48/attn, dim=3, start=0, end=96, step=1
   %id_64780_48/attn/aten__slice Unique ID:10119 = n15416_aten::slice{id_64746_48/attn/aten__slice } , scope=48/attn, dim=-1, start=0, end=48, step=1
   %id_64746_48/attn/aten__slice Unique ID:10111 = n15414_aten::slice{id_64696_48/attn/norm_q/hpu__cast } , scope=48/attn, dim=3, start=0, end=96, step=1
   %id_64783_48/attn/aten__slice Unique ID:10120 = n15413_aten::slice{id_64746_48/attn/aten__slice } , scope=48/attn, dim=-1, start=48, end=96, step=1
   %id_64786_48/attn/aten__neg Unique ID:10121 = n15415_aten::neg{id_64783_48/attn/aten__slice } , scope=48/attn
   %id_64797_48/attn/prim__ListConstruct Unique ID:0 = n15418_prim::ListConstruct{id_64786_48/attn/aten__neg id_64780_48/attn/aten__slice } , scope=48/attn
   %id_64792_48/attn/aten__cat Unique ID:10122 = n15420_aten::cat{id_64797_48/attn/prim__ListConstruct id_64799_48/attn/prim__constant } , scope=48/attn
   %id_64806_48/attn/aten__mul Unique ID:10124 = n15427_aten::mul{id_64792_48/attn/aten__cat id_64777_48/attn/aten__unsqueeze } , scope=48/attn
   %id_64757_48/attn/norm_k/prim__constant Unique ID:0 = n15407_prim::constant{} , scope=48/attn/norm_k, value=15
   %id_64755_48/attn/norm_k/hpu__cast Unique ID:10113 = n15408_hpu::cast{id_25417_0/attn/hpu__input Uniqueid: 4637 id_64757_48/attn/norm_k/prim__constant } , scope=48/attn/norm_k
   %id_64760_48/attn/aten__unsqueeze Unique ID:10114 = n15423_aten::unsqueeze{id_64755_48/attn/norm_k/hpu__cast } , scope=48/attn
   %id_64763_48/attn/aten__unsqueeze Unique ID:10115 = n15422_aten::unsqueeze{id_64760_48/attn/aten__unsqueeze } , scope=48/attn
   %id_64746_48/attn/aten__slice Unique ID:10111 = n15421_aten::slice{id_64696_48/attn/norm_q/hpu__cast } , scope=48/attn, dim=3, start=0, end=96, step=1
   %id_64801_48/attn/aten__mul Unique ID:10123 = n15424_aten::mul{id_64746_48/attn/aten__slice id_64763_48/attn/aten__unsqueeze } , scope=48/attn
   %id_64814_48/attn/hpu__add Unique ID:10125 = n15429_hpu::add{id_64801_48/attn/aten__mul id_64806_48/attn/aten__mul id_64818_48/attn/prim__constant } , scope=48/attn
   %id_64825_48/attn/prim__ListConstruct Unique ID:0 = n15431_prim::ListConstruct{id_64814_48/attn/hpu__add id_64749_48/attn/aten__slice } , scope=48/attn
   %id_64821_48/attn/aten__cat Unique ID:10126 = n15433_aten::cat{id_64825_48/attn/prim__ListConstruct id_64827_48/attn/prim__constant } , scope=48/attn
   %id_64914_48/attn/aten__transpose Unique ID:10143 = n15463_aten::transpose{id_64821_48/attn/aten__cat } , scope=48/attn, dim0=1, dim1=2
   %id_64923_48/attn/hpu__sdpa_fwd Unique ID:10146, %id_64926_48/attn/hpu__sdpa_fwd Unique ID:10147, %id_64929_48/attn/hpu__sdpa_fwd Unique ID:10148 = n15470_hpu::sdpa_fwd{id_64914_48/attn/aten__transpose id_64917_48/attn/aten__transpose id_64920_48/attn/aten__transpose id_64939_48/attn/prim__constant id_64941_48/attn/prim__constant id_64943_48/attn/prim__constant } @9=left, @8=None, @7=fast, @3=None, scope=48/attn
   %id_64934_48/attn/aten__transpose Unique ID:10149 = n15471_aten::transpose{id_64923_48/attn/hpu__sdpa_fwd } , scope=48/attn, dim0=1, dim1=2
   %id_64948_48/attn/aten__clone Unique ID:10150 = n15473_aten::clone{id_64934_48/attn/aten__transpose id_64955_48/attn/prim__constant } , scope=48/attn
   %id_64951_48/attn/0/aten__view Unique ID:10151 = n15474_aten::view{id_64948_48/attn/aten__clone } , scope=48/attn/0, View Size = [1, 15911, 7168]
   %id_64958_48/attn/0/aten__linear Unique ID:10152 = n15475_aten::linear{id_64951_48/attn/0/aten__view id_6154_hpu__input Uniqueid: 1228 } @2=None, scope=48/attn/0
   %id_64982_48/prim__constant Unique ID:0 = n15482_prim::constant{} , scope=48, value=1
   %id_64963_48/aten__view Unique ID:10153 = n15480_aten::view{id_64958_48/attn/0/aten__linear Uniqueid: 10152 } , scope=48, View Size = [1, 15911, 5376]
   %id_64971_48/prim__constant Unique ID:0 = n15478_prim::constant{} , scope=48, value=0
   %id_64531_48/aten__view Unique ID:10072 = n15477_aten::view{id_64527_48/adaln_proj/linear/aten__linear Uniqueid: 10071 } , scope=48, View Size = [3, 32256]
   %id_64540_48/aten__slice Unique ID:10075 = n15476_aten::slice{id_64531_48/aten__view } , scope=48, dim=-1, start=10752, end=16128, step=1
   %id_64966_48/aten__index_select Unique ID:10154 = n15479_aten::index_select{id_64540_48/aten__slice id_64971_48/prim__constant id_25431_0/attn/hpu__input Uniqueid: 4787 } , scope=48
   %id_64974_48/aten__mul Unique ID:10155 = n15481_aten::mul{id_64966_48/aten__index_select id_64963_48/aten__view } , scope=48
   %id_64979_48/hpu__add Unique ID:10156 = n15483_hpu::add{id_64509_47/hpu__add Uniqueid: 10068 id_64974_48/aten__mul id_64982_48/prim__constant } , scope=48
   %id_64990_48/prim__constant Unique ID:0 = n15486_prim::constant{} , scope=48, value=6
   %id_64988_48/hpu__cast Unique ID:10157 = n15487_hpu::cast{id_64979_48/hpu__add Uniqueid: 10156 id_64990_48/prim__constant } , scope=48
}

[Rank:0] Habana exception raised from ValidateSyncInputTensors at hpu_lazy_tensors.cpp:871
Traceback:
Traceback (most recent call last):
  File "/root/src/h3/.venv/lib/python3.12/site-packages/diffusers/modular_pipelines/modular_pipeline.py", line 1515, in loop_step
    components, state = block(components, state, **kwargs)
                        ^^^^^^^^^^^^^^^^^^^^^^^^^^^^^^^^^^
  File "/root/src/h3/hpu_port/run_t2va.py", line 950, in logged
    torch.hpu.synchronize()
  File "/root/src/h3/.venv/lib/python3.12/site-packages/habana_frameworks/torch/hpu/__init__.py", line 164, in synchronize
    return _hpu_C.synchronize_device()
           ^^^^^^^^^^^^^^^^^^^^^^^^^^^
RuntimeError: [Rank:0] FATAL ERROR :: MODULE:PT_BRIDGE Exception in Launch thread...
Check $HABANA_LOGS/ for details[Rank:0] FATAL ERROR :: MODULE:PT_LAZY Error, ValidateSyncInputTensors tensor_data is empty. Tensorid:4787 QueueStatus: ThreadPool m_tasks size: 1 irValue:id_25431_0/attn/hpu__input Uniqueid: 4787 Strided Params Has Value: 0 Failing Graph: IR {
   %id_64512_47/prim__constant Unique ID:0 = n15323_prim::constant{} , scope=47, value=1
   %id_6064_hpu__input Unique ID:1210 = n1211_hpu::input{} 
   %id_6054_hpu__input Unique ID:1208 = n1209_hpu::input{} 
   %id_64466_47/prim__constant Unique ID:0 = n15309_prim::constant{} , scope=47, value=1
   %id_25431_0/attn/hpu__input Unique ID:4787 = n5320_hpu::input{} , scope=0/attn
   %id_64463_47/prim__constant Unique ID:0 = n15307_prim::constant{} , scope=47, value=0
   %id_6084_hpu__input Unique ID:1214 = n1215_hpu::input{} 
   %id_6074_hpu__input Unique ID:1212 = n1213_hpu::input{} 
   %id_63925_47/adaln_proj/prim__constant Unique ID:0 = n15122_prim::constant{} , scope=47/adaln_proj, value=15
   %id_25429_0/attn/hpu__input Unique ID:4784 = n5319_hpu::input{} , scope=0/attn
   %id_63916_47/adaln_proj/aten__silu Unique ID:9959 = n15119_aten::silu{id_25429_0/attn/hpu__input Uniqueid: 4784 } , scope=47/adaln_proj
   %id_63923_47/adaln_proj/hpu__cast Unique ID:9960 = n15123_hpu::cast{id_63916_47/adaln_proj/aten__silu id_63925_47/adaln_proj/prim__constant } , scope=47/adaln_proj
   %id_63928_47/adaln_proj/linear/aten__linear Unique ID:9961 = n15124_aten::linear{id_63923_47/adaln_proj/hpu__cast id_6074_hpu__input Uniqueid: 1212 id_6084_hpu__input Uniqueid: 1214 } , scope=47/adaln_proj/linear
   %id_63932_47/aten__view Unique ID:9962 = n15306_aten::view{id_63928_47/adaln_proj/linear/aten__linear } , scope=47, View Size = [3, 32256]
   %id_63944_47/aten__slice Unique ID:9966 = n15305_aten::slice{id_63932_47/aten__view } , scope=47, dim=-1, start=16128, end=21504, step=1
   %id_64454_47/aten__index_select Unique ID:10057 = n15308_aten::index_select{id_63944_47/aten__slice id_64463_47/prim__constant id_25431_0/attn/hpu__input Uniqueid: 4787 } , scope=47
   %id_64449_47/prim__constant Unique ID:0 = n15302_prim::constant{} , scope=47, value=1
   %id_64446_47/prim__constant Unique ID:0 = n15300_prim::constant{} , scope=47, value=15
   %id_24725_0/hpu__input Unique ID:4806 = n5207_hpu::input{} , scope=0
   %id_64440_47/hpu__cast Unique ID:4611686018427388000 = n15301_hpu::cast{id_24725_0/hpu__input Uniqueid: 4806 id_64446_47/prim__constant } , scope=47
   %id_64434_47/prim__constant Unique ID:0 = n15297_prim::constant{} , scope=47, value=0
   %id_63932_47/aten__view Unique ID:9962 = n15296_aten::view{id_63928_47/adaln_proj/linear/aten__linear } , scope=47, View Size = [3, 32256]
   %id_63947_47/aten__slice Unique ID:9967 = n15295_aten::slice{id_63932_47/aten__view } , scope=47, dim=-1, start=21504, end=26880, step=1
   %id_64429_47/aten__index_select Unique ID:10054 = n15298_aten::index_select{id_63947_47/aten__slice id_64434_47/prim__constant id_25431_0/attn/hpu__input Uniqueid: 4787 } , scope=47
   %id_64437_47/hpu__add Unique ID:10055 = n15303_hpu::add{id_64429_47/aten__index_select id_64440_47/hpu__cast id_64449_47/prim__constant } , scope=47
   %id_64426_47/norm2/prim__constant Unique ID:0 = n15293_prim::constant{} , scope=47/norm2, value=15
   %id_6044_hpu__input Unique ID:1206 = n1207_hpu::input{} 
   %id_64406_47/norm2/prim__constant Unique ID:0 = n15286_prim::constant{} , scope=47/norm2, value=1
   %id_23854_token_refiner/0/norm1/hpu__input Unique ID:4645 = n4916_hpu::input{} , scope=token_refiner/0/norm1
   %id_64403_47/norm2/prim__constant Unique ID:0 = n15284_prim::constant{} , scope=47/norm2, value=True
   %id_64397_47/norm2/prim__constant Unique ID:0 = n15282_prim::constant{} , scope=47/norm2, value=2
   %id_64391_47/prim__constant Unique ID:0 = n15280_prim::constant{} , scope=47, value=6
   %id_64383_47/prim__constant Unique ID:0 = n15276_prim::constant{} , scope=47, value=1
   %id_6034_hpu__input Unique ID:1204 = n1205_hpu::input{} 
   %id_64356_47/attn/prim__constant Unique ID:0 = n15266_prim::constant{} , scope=47/attn, value=0
   %id_64344_47/attn/prim__constant Unique ID:0 = n15263_prim::constant{} , scope=47/attn, value=False
   %id_64340_47/attn/prim__constant Unique ID:0 = n15262_prim::constant{} , scope=47/attn, value=0.088388347648318433
   %id_64337_47/attn/prim__constant Unique ID:0 = n15261_prim::constant{} , scope=47/attn, value=0.
   %id_6004_hpu__input Unique ID:1198 = n1199_hpu::input{} 
   %id_64033_47/prim__constant Unique ID:0 = n15156_prim::constant{} , scope=47, value=1
   %id_64030_47/prim__constant Unique ID:0 = n15154_prim::constant{} , scope=47, value=0
   %id_63932_47/aten__view Unique ID:9962 = n15153_aten::view{id_63928_47/adaln_proj/linear/aten__linear } , scope=47, View Size = [3, 32256]
   %id_63935_47/aten__slice Unique ID:9963 = n15152_aten::slice{id_63932_47/aten__view } , scope=47, dim=-1, start=0, end=5376, step=1
   %id_64019_47/aten__index_select Unique ID:9979 = n15155_aten::index_select{id_63935_47/aten__slice id_64030_47/prim__constant id_25431_0/attn/hpu__input Uniqueid: 4787 } , scope=47
   %id_64016_47/prim__constant Unique ID:0 = n15149_prim::constant{} , scope=47, value=1
   %id_64013_47/prim__constant Unique ID:0 = n15147_prim::constant{} , scope=47, value=15
   %id_64007_47/hpu__cast Unique ID:4611686018427387999 = n15148_hpu::cast{id_24725_0/hpu__input Uniqueid: 4806 id_64013_47/prim__constant } , scope=47
   %id_64001_47/prim__constant Unique ID:0 = n15144_prim::constant{} , scope=47, value=0
   %id_63932_47/aten__view Unique ID:9962 = n15143_aten::view{id_63928_47/adaln_proj/linear/aten__linear } , scope=47, View Size = [3, 32256]
   %id_63938_47/aten__slice Unique ID:9964 = n15142_aten::slice{id_63932_47/aten__view } , scope=47, dim=-1, start=5376, end=10752, step=1
   %id_63996_47/aten__index_select Unique ID:9976 = n15145_aten::index_select{id_63938_47/aten__slice id_64001_47/prim__constant id_25431_0/attn/hpu__input Uniqueid: 4787 } , scope=47
   %id_64004_47/hpu__add Unique ID:9977 = n15150_hpu::add{id_63996_47/aten__index_select id_64007_47/hpu__cast id_64016_47/prim__constant } , scope=47
   %id_63993_47/norm1/prim__constant Unique ID:0 = n15140_prim::constant{} , scope=47/norm1, value=15
   %id_5974_hpu__input Unique ID:1192 = n1193_hpu::input{} 
   %id_63973_47/norm1/prim__constant Unique ID:0 = n15133_prim::constant{} , scope=47/norm1, value=1
   %id_63970_47/norm1/prim__constant Unique ID:0 = n15131_prim::constant{} , scope=47/norm1, value=True
   %id_63964_47/norm1/prim__constant Unique ID:0 = n15129_prim::constant{} , scope=47/norm1, value=2
   %id_63958_47/adaln_proj/linear/prim__constant Unique ID:0 = n15127_prim::constant{} , scope=47/adaln_proj/linear, value=6
   %id_63913_46/prim__constant Unique ID:0 = n15117_prim::constant{} , scope=46, value=1
   %id_5944_hpu__input Unique ID:1186 = n1187_hpu::input{} 
   %id_5934_hpu__input Unique ID:1184 = n1185_hpu::input{} 
   %id_63863_46/prim__constant Unique ID:0 = n15103_prim::constant{} , scope=46, value=1
   %id_63860_46/prim__constant Unique ID:0 = n15101_prim::constant{} , scope=46, value=0
   %id_63625_46/attn/hpu__input Unique ID:9851 = n15020_hpu::input{} , scope=46/attn
   %id_63641_46/aten__view Unique ID:9852 = n15100_aten::view{id_63625_46/attn/hpu__input Uniqueid: 9851 } , scope=46, View Size = [3, 32256]
   %id_62847_46/aten__slice Unique ID:9856 = n15099_aten::slice{id_63641_46/aten__view } , scope=46, dim=-1, start=16128, end=21504, step=1
   %id_63848_46/aten__index_select Unique ID:9947 = n15102_aten::index_select{id_62847_46/aten__slice id_63860_46/prim__constant id_25431_0/attn/hpu__input Uniqueid: 4787 } , scope=46
   %id_63846_46/prim__constant Unique ID:0 = n15096_prim::constant{} , scope=46, value=1
   %id_63843_46/prim__constant Unique ID:0 = n15094_prim::constant{} , scope=46, value=15
   %id_63837_46/hpu__cast Unique ID:4611686018427387998 = n15095_hpu::cast{id_24725_0/hpu__input Uniqueid: 4806 id_63843_46/prim__constant } , scope=46
   %id_63831_46/prim__constant Unique ID:0 = n15091_prim::constant{} , scope=46, value=0
   %id_63641_46/aten__view Unique ID:9852 = n15090_aten::view{id_63625_46/attn/hpu__input Uniqueid: 9851 } , scope=46, View Size = [3, 32256]
   %id_62850_46/aten__slice Unique ID:9857 = n15089_aten::slice{id_63641_46/aten__view } , scope=46, dim=-1, start=21504, end=26880, step=1
   %id_63826_46/aten__index_select Unique ID:9944 = n15092_aten::index_select{id_62850_46/aten__slice id_63831_46/prim__constant id_25431_0/attn/hpu__input Uniqueid: 4787 } , scope=46
   %id_63834_46/hpu__add Unique ID:9945 = n15097_hpu::add{id_63826_46/aten__index_select id_63837_46/hpu__cast id_63846_46/prim__constant } , scope=46
   %id_63823_46/norm2/prim__constant Unique ID:0 = n15087_prim::constant{} , scope=46/norm2, value=15
   %id_5924_hpu__input Unique ID:1182 = n1183_hpu::input{} 
   %id_63803_46/norm2/prim__constant Unique ID:0 = n15080_prim::constant{} , scope=46/norm2, value=1
   %id_63800_46/norm2/prim__constant Unique ID:0 = n15078_prim::constant{} , scope=46/norm2, value=True
   %id_63794_46/norm2/prim__constant Unique ID:0 = n15076_prim::constant{} , scope=46/norm2, value=2
   %id_63788_46/prim__constant Unique ID:0 = n15074_prim::constant{} , scope=46, value=6
   %id_63780_46/prim__constant Unique ID:0 = n15070_prim::constant{} , scope=46, value=1
   %id_5914_hpu__input Unique ID:1180 = n1181_hpu::input{} 
   %id_63751_46/attn/prim__constant Unique ID:0 = n15060_prim::constant{} , scope=46/attn, value=0
   %id_63740_46/attn/prim__constant Unique ID:0 = n15057_prim::constant{} , scope=46/attn, value=False
   %id_63736_46/attn/prim__constant Unique ID:0 = n15056_prim::constant{} , scope=46/attn, value=0.088388347648318433
   %id_63734_46/attn/prim__constant Unique ID:0 = n15055_prim::constant{} , scope=46/attn, value=0.
   %id_63629_46/attn/hpu__input Unique ID:9873 = n15022_hpu::input{} , scope=46/attn
   %id_62957_46/attn/aten__view Unique ID:9876 = n15054_aten::view{id_63629_46/attn/hpu__input Uniqueid: 9873 } , scope=46/attn, View Size = [1, 15911, 56, 128]
   %id_63718_46/attn/aten__transpose Unique ID:9925 = n15053_aten::transpose{id_62957_46/attn/aten__view } , scope=46/attn, dim0=1, dim1=2
   %id_63709_46/attn/prim__constant Unique ID:0 = n15049_prim::constant{} , scope=46/attn, value=-1
   %id_63631_46/attn/hpu__input Unique ID:9890 = n15023_hpu::input{} , scope=46/attn
   %id_63137_46/attn/aten__slice Unique ID:9908 = n15047_aten::slice{id_63631_46/attn/hpu__input Uniqueid: 9890 } , scope=46/attn, dim=3, start=96, end=9223372036854775807, step=1
   %id_63700_46/attn/prim__constant Unique ID:0 = n15045_prim::constant{} , scope=46/attn, value=1
   %id_63637_46/attn/hpu__input Unique ID:9912 = n15026_hpu::input{} , scope=46/attn
   %id_63159_46/attn/aten__unsqueeze Unique ID:9913 = n15043_aten::unsqueeze{id_63637_46/attn/hpu__input Uniqueid: 9912 } , scope=46/attn
   %id_63659_46/attn/aten__unsqueeze Unique ID:9914 = n15042_aten::unsqueeze{id_63159_46/attn/aten__unsqueeze } , scope=46/attn
   %id_63681_46/attn/prim__constant Unique ID:0 = n15036_prim::constant{} , scope=46/attn, value=-1
   %id_63133_46/attn/aten__slice Unique ID:9907 = n15034_aten::slice{id_63631_46/attn/hpu__input Uniqueid: 9890 } , scope=46/attn, dim=3, start=0, end=96, step=1
   %id_63662_46/attn/aten__slice Unique ID:9915 = n15033_aten::slice{id_63133_46/attn/aten__slice } , scope=46/attn, dim=-1, start=0, end=48, step=1
   %id_63133_46/attn/aten__slice Unique ID:9907 = n15031_aten::slice{id_63631_46/attn/hpu__input Uniqueid: 9890 } , scope=46/attn, dim=3, start=0, end=96, step=1
   %id_63665_46/attn/aten__slice Unique ID:9916 = n15030_aten::slice{id_63133_46/attn/aten__slice } , scope=46/attn, dim=-1, start=48, end=96, step=1
   %id_63668_46/attn/aten__neg Unique ID:9917 = n15032_aten::neg{id_63665_46/attn/aten__slice } , scope=46/attn
   %id_63679_46/attn/prim__ListConstruct Unique ID:0 = n15035_prim::ListConstruct{id_63668_46/attn/aten__neg id_63662_46/attn/aten__slice } , scope=46/attn
   %id_63673_46/attn/aten__cat Unique ID:9918 = n15037_aten::cat{id_63679_46/attn/prim__ListConstruct id_63681_46/attn/prim__constant } , scope=46/attn
   %id_63688_46/attn/aten__mul Unique ID:9920 = n15044_aten::mul{id_63673_46/attn/aten__cat id_63659_46/attn/aten__unsqueeze } , scope=46/attn
   %id_63635_46/attn/hpu__input Unique ID:9909 = n15025_hpu::input{} , scope=46/attn
   %id_63145_46/attn/aten__unsqueeze Unique ID:9910 = n15040_aten::unsqueeze{id_63635_46/attn/hpu__input Uniqueid: 9909 } , scope=46/attn
   %id_63151_46/attn/aten__unsqueeze Unique ID:9911 = n15039_aten::unsqueeze{id_63145_46/attn/aten__unsqueeze } , scope=46/attn
   %id_63133_46/attn/aten__slice Unique ID:9907 = n15038_aten::slice{id_63631_46/attn/hpu__input Uniqueid: 9890 } , scope=46/attn, dim=3, start=0, end=96, step=1
   %id_63684_46/attn/aten__mul Unique ID:9919 = n15041_aten::mul{id_63133_46/attn/aten__slice id_63151_46/attn/aten__unsqueeze } , scope=46/attn
   %id_63697_46/attn/hpu__add Unique ID:9921 = n15046_hpu::add{id_63684_46/attn/aten__mul id_63688_46/attn/aten__mul id_63700_46/attn/prim__constant } , scope=46/attn
   %id_63707_46/attn/prim__ListConstruct Unique ID:0 = n15048_prim::ListConstruct{id_63697_46/attn/hpu__add id_63137_46/attn/aten__slice } , scope=46/attn
   %id_63703_46/attn/aten__cat Unique ID:9922 = n15050_aten::cat{id_63707_46/attn/prim__ListConstruct id_63709_46/attn/prim__constant } , scope=46/attn
   %id_63715_46/attn/aten__transpose Unique ID:9924 = n15052_aten::transpose{id_63703_46/attn/aten__cat } , scope=46/attn, dim0=1, dim1=2
   %id_63633_46/attn/hpu__input Unique ID:9906 = n15024_hpu::input{} , scope=46/attn
   %id_63712_46/attn/aten__transpose Unique ID:9923 = n15051_aten::transpose{id_63633_46/attn/hpu__input Uniqueid: 9906 } , scope=46/attn, dim0=1, dim1=2
   %id_63721_46/attn/hpu__sdpa_fwd Unique ID:9926, %id_63724_46/attn/hpu__sdpa_fwd Unique ID:9927, %id_63727_46/attn/hpu__sdpa_fwd Unique ID:9928 = n15058_hpu::sdpa_fwd{id_63712_46/attn/aten__transpose id_63715_46/attn/aten__transpose id_63718_46/attn/aten__transpose id_63734_46/attn/prim__constant id_63736_46/attn/prim__constant id_63740_46/attn/prim__constant } @9=left, @8=None, @7=fast, @3=None, scope=46/attn
   %id_63738_46/attn/aten__transpose Unique ID:9929 = n15059_aten::transpose{id_63721_46/attn/hpu__sdpa_fwd } , scope=46/attn, dim0=1, dim1=2
   %id_63746_46/attn/aten__clone Unique ID:9930 = n15061_aten::clone{id_63738_46/attn/aten__transpose id_63751_46/attn/prim__constant } , scope=46/attn
   %id_63750_46/attn/0/aten__view Unique ID:9931 = n15062_aten::view{id_63746_46/attn/aten__clone } , scope=46/attn/0, View Size = [1, 15911, 7168]
   %id_63756_46/attn/0/aten__linear Unique ID:9932 = n15063_aten::linear{id_63750_46/attn/0/aten__view id_5914_hpu__input Uniqueid: 1180 } @2=None, scope=46/attn/0
   %id_63761_46/aten__view Unique ID:9933 = n15068_aten::view{id_63756_46/attn/0/aten__linear } , scope=46, View Size = [1, 15911, 5376]
   %id_63769_46/prim__constant Unique ID:0 = n15066_prim::constant{} , scope=46, value=0
   %id_63641_46/aten__view Unique ID:9852 = n15065_aten::view{id_63625_46/attn/hpu__input Uniqueid: 9851 } , scope=46, View Size = [3, 32256]
   %id_62844_46/aten__slice Unique ID:9855 = n15064_aten::slice{id_63641_46/aten__view } , scope=46, dim=-1, start=10752, end=16128, step=1
   %id_63764_46/aten__index_select Unique ID:9934 = n15067_aten::index_select{id_62844_46/aten__slice id_63769_46/prim__constant id_25431_0/attn/hpu__input Uniqueid: 4787 } , scope=46
   %id_63772_46/aten__mul Unique ID:9935 = n15069_aten::mul{id_63764_46/aten__index_select id_63761_46/aten__view } , scope=46
   %id_63623_46/attn/hpu__input Unique ID:9848 = n15019_hpu::input{} , scope=46/attn
   %id_63777_46/hpu__add Unique ID:9936 = n15071_hpu::add{id_63623_46/attn/hpu__input Uniqueid: 9848 id_63772_46/aten__mul id_63780_46/prim__constant } , scope=46
   %id_63786_46/hpu__cast Unique ID:9937 = n15075_hpu::cast{id_63777_46/hpu__add id_63788_46/prim__constant } , scope=46
   %id_63791_46/norm2/aten__pow Unique ID:9938 = n15077_aten::pow{id_63786_46/hpu__cast id_63794_46/norm2/prim__constant } , scope=46/norm2
   %id_63797_46/norm2/aten__mean Unique ID:9939 = n15079_aten::mean{id_63791_46/norm2/aten__pow id_63800_46/norm2/prim__constant } @3=None, @1=[2], scope=46/norm2
   %id_63797_46/norm2/hpu__add_ Unique ID:9939 = n15081_hpu::add_{id_63797_46/norm2/aten__mean id_23854_token_refiner/0/norm1/hpu__input Uniqueid: 4645 id_63803_46/norm2/prim__constant } , scope=46/norm2
   %id_63806_46/norm2/aten__rsqrt Unique ID:9940 = n15082_aten::rsqrt{id_63797_46/norm2/hpu__add_ } , scope=46/norm2
   %id_63810_46/norm2/aten__mul Unique ID:9941 = n15083_aten::mul{id_63786_46/hpu__cast id_63806_46/norm2/aten__rsqrt } , scope=46/norm2
   %id_63814_46/norm2/aten__mul Unique ID:9942 = n15084_aten::mul{id_63810_46/norm2/aten__mul id_5924_hpu__input Uniqueid: 1182 } , scope=46/norm2
   %id_63821_46/norm2/hpu__cast Unique ID:9943 = n15088_hpu::cast{id_63814_46/norm2/aten__mul id_63823_46/norm2/prim__constant } , scope=46/norm2
   %id_63840_46/aten__mul Unique ID:9946 = n15098_aten::mul{id_63821_46/norm2/hpu__cast id_63834_46/hpu__add } , scope=46
   %id_63857_46/hpu__add Unique ID:9948 = n15104_hpu::add{id_63840_46/aten__mul id_63848_46/aten__index_select id_63863_46/prim__constant } , scope=46
   %id_63866_46/ff/0/proj/aten__linear Unique ID:9949 = n15105_aten::linear{id_63857_46/hpu__add id_5934_hpu__input Uniqueid: 1184 } @2=None, scope=46/ff/0/proj
   %id_63873_46/ff/0/activation/aten__slice Unique ID:9951 = n15106_aten::slice{id_63866_46/ff/0/proj/aten__linear } , scope=46/ff/0/activation, dim=-1, start=14336, end=28672, step=1
   %id_63876_46/ff/0/activation/aten__silu Unique ID:9952 = n15107_aten::silu{id_63873_46/ff/0/activation/aten__slice } , scope=46/ff/0/activation
   %id_63870_46/ff/0/aten__slice Unique ID:9950 = n15108_aten::slice{id_63866_46/ff/0/proj/aten__linear } , scope=46/ff/0, dim=-1, start=0, end=14336, step=1
   %id_63881_46/ff/0/aten__mul Unique ID:9953 = n15109_aten::mul{id_63870_46/ff/0/aten__slice id_63876_46/ff/0/activation/aten__silu } , scope=46/ff/0
   %id_63886_46/ff/2/aten__view Unique ID:9954 = n15110_aten::view{id_63881_46/ff/0/aten__mul } , scope=46/ff/2, View Size = [1, 15911, 14336]
   %id_63889_46/ff/2/aten__linear Unique ID:9955 = n15111_aten::linear{id_63886_46/ff/2/aten__view id_5944_hpu__input Uniqueid: 1186 } @2=None, scope=46/ff/2
   %id_63902_46/prim__constant Unique ID:0 = n15114_prim::constant{} , scope=46, value=0
   %id_63641_46/aten__view Unique ID:9852 = n15113_aten::view{id_63625_46/attn/hpu__input Uniqueid: 9851 } , scope=46, View Size = [3, 32256]
   %id_62853_46/aten__slice Unique ID:9858 = n15112_aten::slice{id_63641_46/aten__view } , scope=46, dim=-1, start=26880, end=32256, step=1
   %id_63894_46/aten__index_select Unique ID:9956 = n15115_aten::index_select{id_62853_46/aten__slice id_63902_46/prim__constant id_25431_0/attn/hpu__input Uniqueid: 4787 } , scope=46
   %id_63898_46/aten__mul Unique ID:9957 = n15116_aten::mul{id_63894_46/aten__index_select id_63889_46/ff/2/aten__linear } , scope=46
   %id_63906_46/hpu__add Unique ID:9958 = n15118_hpu::add{id_63777_46/hpu__add id_63898_46/aten__mul id_63913_46/prim__constant } , scope=46
   %id_63956_47/adaln_proj/linear/hpu__cast Unique ID:9969 = n15128_hpu::cast{id_63906_46/hpu__add id_63958_47/adaln_proj/linear/prim__constant } , scope=47/adaln_proj/linear
   %id_63961_47/norm1/aten__pow Unique ID:9970 = n15130_aten::pow{id_63956_47/adaln_proj/linear/hpu__cast id_63964_47/norm1/prim__constant } , scope=47/norm1
   %id_63967_47/norm1/aten__mean Unique ID:9971 = n15132_aten::mean{id_63961_47/norm1/aten__pow id_63970_47/norm1/prim__constant } @3=None, @1=[2], scope=47/norm1
   %id_63967_47/norm1/hpu__add_ Unique ID:9971 = n15134_hpu::add_{id_63967_47/norm1/aten__mean id_23854_token_refiner/0/norm1/hpu__input Uniqueid: 4645 id_63973_47/norm1/prim__constant } , scope=47/norm1
   %id_63976_47/norm1/aten__rsqrt Unique ID:9972 = n15135_aten::rsqrt{id_63967_47/norm1/hpu__add_ } , scope=47/norm1
   %id_63980_47/norm1/aten__mul Unique ID:9973 = n15136_aten::mul{id_63956_47/adaln_proj/linear/hpu__cast id_63976_47/norm1/aten__rsqrt } , scope=47/norm1
   %id_63984_47/norm1/aten__mul Unique ID:9974 = n15137_aten::mul{id_63980_47/norm1/aten__mul id_5974_hpu__input Uniqueid: 1192 } , scope=47/norm1
   %id_63991_47/norm1/hpu__cast Unique ID:9975 = n15141_hpu::cast{id_63984_47/norm1/aten__mul id_63993_47/norm1/prim__constant } , scope=47/norm1
   %id_64010_47/aten__mul Unique ID:9978 = n15151_aten::mul{id_63991_47/norm1/hpu__cast id_64004_47/hpu__add } , scope=47
   %id_64025_47/hpu__add Unique ID:9980 = n15157_hpu::add{id_64010_47/aten__mul id_64019_47/aten__index_select id_64033_47/prim__constant } , scope=47
   %id_64044_47/attn/to_v/aten__linear Unique ID:9983 = n15160_aten::linear{id_64025_47/hpu__add id_6004_hpu__input Uniqueid: 1198 } @2=None, scope=47/attn/to_v
   %id_64054_47/attn/aten__view Unique ID:9986 = n15260_aten::view{id_64044_47/attn/to_v/aten__linear } , scope=47/attn, View Size = [1, 15911, 56, 128]
   %id_64321_47/attn/aten__transpose Unique ID:10035 = n15259_aten::transpose{id_64054_47/attn/aten__view } , scope=47/attn, dim0=1, dim1=2
   %id_64312_47/attn/prim__constant Unique ID:0 = n15255_prim::constant{} , scope=47/attn, value=-1
   %id_64144_47/attn/norm_k/prim__constant Unique ID:0 = n15197_prim::constant{} , scope=47/attn/norm_k, value=15
   %id_6024_hpu__input Unique ID:1202 = n1203_hpu::input{} 
   %id_64124_47/attn/norm_k/prim__constant Unique ID:0 = n15190_prim::constant{} , scope=47/attn/norm_k, value=1
   %id_64121_47/attn/norm_k/prim__constant Unique ID:0 = n15188_prim::constant{} , scope=47/attn/norm_k, value=True
   %id_64115_47/attn/norm_k/prim__constant Unique ID:0 = n15186_prim::constant{} , scope=47/attn/norm_k, value=2
   %id_64112_47/attn/norm_q/prim__constant Unique ID:0 = n15184_prim::constant{} , scope=47/attn/norm_q, value=6
   %id_5994_hpu__input Unique ID:1196 = n1197_hpu::input{} 
   %id_64040_47/attn/to_k/aten__linear Unique ID:9982 = n15159_aten::linear{id_64025_47/hpu__add id_5994_hpu__input Uniqueid: 1196 } @2=None, scope=47/attn/to_k
   %id_64051_47/attn/norm_q/aten__view Unique ID:9985 = n15183_aten::view{id_64040_47/attn/to_k/aten__linear } , scope=47/attn/norm_q, View Size = [1, 15911, 56, 128]
   %id_64105_47/attn/norm_q/hpu__cast Unique ID:9994 = n15185_hpu::cast{id_64051_47/attn/norm_q/aten__view id_64112_47/attn/norm_q/prim__constant } , scope=47/attn/norm_q
   %id_64108_47/attn/norm_k/aten__pow Unique ID:9995 = n15187_aten::pow{id_64105_47/attn/norm_q/hpu__cast id_64115_47/attn/norm_k/prim__constant } , scope=47/attn/norm_k
   %id_64118_47/attn/norm_k/aten__mean Unique ID:9996 = n15189_aten::mean{id_64108_47/attn/norm_k/aten__pow id_64121_47/attn/norm_k/prim__constant } @3=None, @1=[3], scope=47/attn/norm_k
   %id_64118_47/attn/norm_k/hpu__add_ Unique ID:9996 = n15191_hpu::add_{id_64118_47/attn/norm_k/aten__mean id_23854_token_refiner/0/norm1/hpu__input Uniqueid: 4645 id_64124_47/attn/norm_k/prim__constant } , scope=47/attn/norm_k
   %id_64127_47/attn/norm_k/aten__rsqrt Unique ID:9997 = n15192_aten::rsqrt{id_64118_47/attn/norm_k/hpu__add_ } , scope=47/attn/norm_k
   %id_64131_47/attn/norm_k/aten__mul Unique ID:9998 = n15193_aten::mul{id_64105_47/attn/norm_q/hpu__cast id_64127_47/attn/norm_k/aten__rsqrt } , scope=47/attn/norm_k
   %id_64135_47/attn/norm_k/aten__mul Unique ID:9999 = n15194_aten::mul{id_64131_47/attn/norm_k/aten__mul id_6024_hpu__input Uniqueid: 1202 } , scope=47/attn/norm_k
   %id_64142_47/attn/norm_k/hpu__cast Unique ID:10000 = n15198_hpu::cast{id_64135_47/attn/norm_k/aten__mul id_64144_47/attn/norm_k/prim__constant } , scope=47/attn/norm_k
   %id_64234_47/attn/aten__slice Unique ID:10018 = n15253_aten::slice{id_64142_47/attn/norm_k/hpu__cast } , scope=47/attn, dim=3, start=96, end=9223372036854775807, step=1
   %id_64303_47/attn/prim__constant Unique ID:0 = n15251_prim::constant{} , scope=47/attn, value=1
   %id_64259_47/attn/prim__constant Unique ID:0 = n15234_prim::constant{} , scope=47/attn, value=15
   %id_25419_0/attn/hpu__input Unique ID:4638 = n5314_hpu::input{} , scope=0/attn
   %id_64254_47/attn/hpu__cast Unique ID:10022 = n15235_hpu::cast{id_25419_0/attn/hpu__input Uniqueid: 4638 id_64259_47/attn/prim__constant } , scope=47/attn
   %id_64256_47/attn/aten__unsqueeze Unique ID:10023 = n15249_aten::unsqueeze{id_64254_47/attn/hpu__cast } , scope=47/attn
   %id_64262_47/attn/aten__unsqueeze Unique ID:10024 = n15248_aten::unsqueeze{id_64256_47/attn/aten__unsqueeze } , scope=47/attn
   %id_64284_47/attn/prim__constant Unique ID:0 = n15242_prim::constant{} , scope=47/attn, value=-1
   %id_64231_47/attn/aten__slice Unique ID:10017 = n15240_aten::slice{id_64142_47/attn/norm_k/hpu__cast } , scope=47/attn, dim=3, start=0, end=96, step=1
   %id_64265_47/attn/aten__slice Unique ID:10025 = n15239_aten::slice{id_64231_47/attn/aten__slice } , scope=47/attn, dim=-1, start=0, end=48, step=1
   %id_64231_47/attn/aten__slice Unique ID:10017 = n15237_aten::slice{id_64142_47/attn/norm_k/hpu__cast } , scope=47/attn, dim=3, start=0, end=96, step=1
   %id_64268_47/attn/aten__slice Unique ID:10026 = n15236_aten::slice{id_64231_47/attn/aten__slice } , scope=47/attn, dim=-1, start=48, end=96, step=1
   %id_64271_47/attn/aten__neg Unique ID:10027 = n15238_aten::neg{id_64268_47/attn/aten__slice } , scope=47/attn
   %id_64282_47/attn/prim__ListConstruct Unique ID:0 = n15241_prim::ListConstruct{id_64271_47/attn/aten__neg id_64265_47/attn/aten__slice } , scope=47/attn
   %id_64277_47/attn/aten__cat Unique ID:10028 = n15243_aten::cat{id_64282_47/attn/prim__ListConstruct id_64284_47/attn/prim__constant } , scope=47/attn
   %id_64294_47/attn/aten__mul Unique ID:10030 = n15250_aten::mul{id_64277_47/attn/aten__cat id_64262_47/attn/aten__unsqueeze } , scope=47/attn
   %id_64243_47/attn/prim__constant Unique ID:0 = n15230_prim::constant{} , scope=47/attn, value=15
   %id_25417_0/attn/hpu__input Unique ID:4637 = n5313_hpu::input{} , scope=0/attn
   %id_64240_47/attn/hpu__cast Unique ID:10019 = n15231_hpu::cast{id_25417_0/attn/hpu__input Uniqueid: 4637 id_64243_47/attn/prim__constant } , scope=47/attn
   %id_64242_47/attn/aten__unsqueeze Unique ID:10020 = n15246_aten::unsqueeze{id_64240_47/attn/hpu__cast } , scope=47/attn
   %id_64248_47/attn/aten__unsqueeze Unique ID:10021 = n15245_aten::unsqueeze{id_64242_47/attn/aten__unsqueeze } , scope=47/attn
   %id_64231_47/attn/aten__slice Unique ID:10017 = n15244_aten::slice{id_64142_47/attn/norm_k/hpu__cast } , scope=47/attn, dim=3, start=0, end=96, step=1
   %id_64285_47/attn/aten__mul Unique ID:10029 = n15247_aten::mul{id_64231_47/attn/aten__slice id_64248_47/attn/aten__unsqueeze } , scope=47/attn
   %id_64300_47/attn/hpu__add Unique ID:10031 = n15252_hpu::add{id_64285_47/attn/aten__mul id_64294_47/attn/aten__mul id_64303_47/attn/prim__constant } , scope=47/attn
   %id_64310_47/attn/prim__ListConstruct Unique ID:0 = n15254_prim::ListConstruct{id_64300_47/attn/hpu__add id_64234_47/attn/aten__slice } , scope=47/attn
   %id_64306_47/attn/aten__cat Unique ID:10032 = n15256_aten::cat{id_64310_47/attn/prim__ListConstruct id_64312_47/attn/prim__constant } , scope=47/attn
   %id_64318_47/attn/aten__transpose Unique ID:10034 = n15258_aten::transpose{id_64306_47/attn/aten__cat } , scope=47/attn, dim0=1, dim1=2
   %id_64228_47/attn/prim__constant Unique ID:0 = n15226_prim::constant{} , scope=47/attn, value=-1
   %id_64099_47/attn/norm_q/prim__constant Unique ID:0 = n15178_prim::constant{} , scope=47/attn/norm_q, value=15
   %id_6014_hpu__input Unique ID:1200 = n1201_hpu::input{} 
   %id_64079_47/attn/norm_q/prim__constant Unique ID:0 = n15171_prim::constant{} , scope=47/attn/norm_q, value=1
   %id_64076_47/attn/norm_q/prim__constant Unique ID:0 = n15169_prim::constant{} , scope=47/attn/norm_q, value=True
   %id_64070_47/attn/norm_q/prim__constant Unique ID:0 = n15167_prim::constant{} , scope=47/attn/norm_q, value=2
   %id_64067_47/attn/to_v/prim__constant Unique ID:0 = n15165_prim::constant{} , scope=47/attn/to_v, value=6
   %id_5984_hpu__input Unique ID:1194 = n1195_hpu::input{} 
   %id_64036_47/attn/to_q/aten__linear Unique ID:9981 = n15158_aten::linear{id_64025_47/hpu__add id_5984_hpu__input Uniqueid: 1194 } @2=None, scope=47/attn/to_q
   %id_64048_47/attn/to_v/aten__view Unique ID:9984 = n15164_aten::view{id_64036_47/attn/to_q/aten__linear } , scope=47/attn/to_v, View Size = [1, 15911, 56, 128]
   %id_64060_47/attn/to_v/hpu__cast Unique ID:9987 = n15166_hpu::cast{id_64048_47/attn/to_v/aten__view id_64067_47/attn/to_v/prim__constant } , scope=47/attn/to_v
   %id_64063_47/attn/norm_q/aten__pow Unique ID:9988 = n15168_aten::pow{id_64060_47/attn/to_v/hpu__cast id_64070_47/attn/norm_q/prim__constant } , scope=47/attn/norm_q
   %id_64073_47/attn/norm_q/aten__mean Unique ID:9989 = n15170_aten::mean{id_64063_47/attn/norm_q/aten__pow id_64076_47/attn/norm_q/prim__constant } @3=None, @1=[3], scope=47/attn/norm_q
   %id_64073_47/attn/norm_q/hpu__add_ Unique ID:9989 = n15172_hpu::add_{id_64073_47/attn/norm_q/aten__mean id_23854_token_refiner/0/norm1/hpu__input Uniqueid: 4645 id_64079_47/attn/norm_q/prim__constant } , scope=47/attn/norm_q
   %id_64082_47/attn/norm_q/aten__rsqrt Unique ID:9990 = n15173_aten::rsqrt{id_64073_47/attn/norm_q/hpu__add_ } , scope=47/attn/norm_q
   %id_64086_47/attn/norm_q/aten__mul Unique ID:9991 = n15174_aten::mul{id_64060_47/attn/to_v/hpu__cast id_64082_47/attn/norm_q/aten__rsqrt } , scope=47/attn/norm_q
   %id_64090_47/attn/norm_q/aten__mul Unique ID:9992 = n15175_aten::mul{id_64086_47/attn/norm_q/aten__mul id_6014_hpu__input Uniqueid: 1200 } , scope=47/attn/norm_q
   %id_64097_47/attn/norm_q/hpu__cast Unique ID:9993 = n15179_hpu::cast{id_64090_47/attn/norm_q/aten__mul id_64099_47/attn/norm_q/prim__constant } , scope=47/attn/norm_q
   %id_64150_47/attn/aten__slice Unique ID:10002 = n15224_aten::slice{id_64097_47/attn/norm_q/hpu__cast } , scope=47/attn, dim=3, start=96, end=9223372036854775807, step=1
   %id_64219_47/attn/prim__constant Unique ID:0 = n15222_prim::constant{} , scope=47/attn, value=1
   %id_64174_47/attn/norm_k/prim__constant Unique ID:0 = n15205_prim::constant{} , scope=47/attn/norm_k, value=15
   %id_64170_47/attn/norm_k/hpu__cast Unique ID:10006 = n15206_hpu::cast{id_25419_0/attn/hpu__input Uniqueid: 4638 id_64174_47/attn/norm_k/prim__constant } , scope=47/attn/norm_k
   %id_64172_47/attn/aten__unsqueeze Unique ID:10007 = n15220_aten::unsqueeze{id_64170_47/attn/norm_k/hpu__cast } , scope=47/attn
   %id_64178_47/attn/aten__unsqueeze Unique ID:10008 = n15219_aten::unsqueeze{id_64172_47/attn/aten__unsqueeze } , scope=47/attn
   %id_64200_47/attn/prim__constant Unique ID:0 = n15213_prim::constant{} , scope=47/attn, value=-1
   %id_64147_47/attn/aten__slice Unique ID:10001 = n15211_aten::slice{id_64097_47/attn/norm_q/hpu__cast } , scope=47/attn, dim=3, start=0, end=96, step=1
   %id_64181_47/attn/aten__slice Unique ID:10009 = n15210_aten::slice{id_64147_47/attn/aten__slice } , scope=47/attn, dim=-1, start=0, end=48, step=1
   %id_64147_47/attn/aten__slice Unique ID:10001 = n15208_aten::slice{id_64097_47/attn/norm_q/hpu__cast } , scope=47/attn, dim=3, start=0, end=96, step=1
   %id_64184_47/attn/aten__slice Unique ID:10010 = n15207_aten::slice{id_64147_47/attn/aten__slice } , scope=47/attn, dim=-1, start=48, end=96, step=1
   %id_64187_47/attn/aten__neg Unique ID:10011 = n15209_aten::neg{id_64184_47/attn/aten__slice } , scope=47/attn
   %id_64198_47/attn/prim__ListConstruct Unique ID:0 = n15212_prim::ListConstruct{id_64187_47/attn/aten__neg id_64181_47/attn/aten__slice } , scope=47/attn
   %id_64193_47/attn/aten__cat Unique ID:10012 = n15214_aten::cat{id_64198_47/attn/prim__ListConstruct id_64200_47/attn/prim__constant } , scope=47/attn
   %id_64207_47/attn/aten__mul Unique ID:10014 = n15221_aten::mul{id_64193_47/attn/aten__cat id_64178_47/attn/aten__unsqueeze } , scope=47/attn
   %id_64158_47/attn/norm_k/prim__constant Unique ID:0 = n15201_prim::constant{} , scope=47/attn/norm_k, value=15
   %id_64156_47/attn/norm_k/hpu__cast Unique ID:10003 = n15202_hpu::cast{id_25417_0/attn/hpu__input Uniqueid: 4637 id_64158_47/attn/norm_k/prim__constant } , scope=47/attn/norm_k
   %id_64161_47/attn/aten__unsqueeze Unique ID:10004 = n15217_aten::unsqueeze{id_64156_47/attn/norm_k/hpu__cast } , scope=47/attn
   %id_64164_47/attn/aten__unsqueeze Unique ID:10005 = n15216_aten::unsqueeze{id_64161_47/attn/aten__unsqueeze } , scope=47/attn
   %id_64147_47/attn/aten__slice Unique ID:10001 = n15215_aten::slice{id_64097_47/attn/norm_q/hpu__cast } , scope=47/attn, dim=3, start=0, end=96, step=1
   %id_64203_47/attn/aten__mul Unique ID:10013 = n15218_aten::mul{id_64147_47/attn/aten__slice id_64164_47/attn/aten__unsqueeze } , scope=47/attn
   %id_64216_47/attn/hpu__add Unique ID:10015 = n15223_hpu::add{id_64203_47/attn/aten__mul id_64207_47/attn/aten__mul id_64219_47/attn/prim__constant } , scope=47/attn
   %id_64226_47/attn/prim__ListConstruct Unique ID:0 = n15225_prim::ListConstruct{id_64216_47/attn/hpu__add id_64150_47/attn/aten__slice } , scope=47/attn
   %id_64222_47/attn/aten__cat Unique ID:10016 = n15227_aten::cat{id_64226_47/attn/prim__ListConstruct id_64228_47/attn/prim__constant } , scope=47/attn
   %id_64315_47/attn/aten__transpose Unique ID:10033 = n15257_aten::transpose{id_64222_47/attn/aten__cat } , scope=47/attn, dim0=1, dim1=2
   %id_64324_47/attn/hpu__sdpa_fwd Unique ID:10036, %id_64327_47/attn/hpu__sdpa_fwd Unique ID:10037, %id_64330_47/attn/hpu__sdpa_fwd Unique ID:10038 = n15264_hpu::sdpa_fwd{id_64315_47/attn/aten__transpose id_64318_47/attn/aten__transpose id_64321_47/attn/aten__transpose id_64337_47/attn/prim__constant id_64340_47/attn/prim__constant id_64344_47/attn/prim__constant } @9=left, @8=None, @7=fast, @3=None, scope=47/attn
   %id_64339_47/attn/aten__transpose Unique ID:10039 = n15265_aten::transpose{id_64324_47/attn/hpu__sdpa_fwd } , scope=47/attn, dim0=1, dim1=2
   %id_64349_47/attn/aten__clone Unique ID:10040 = n15267_aten::clone{id_64339_47/attn/aten__transpose id_64356_47/attn/prim__constant } , scope=47/attn
   %id_64353_47/attn/0/aten__view Unique ID:10041 = n15268_aten::view{id_64349_47/attn/aten__clone } , scope=47/attn/0, View Size = [1, 15911, 7168]
   %id_64359_47/attn/0/aten__linear Unique ID:10042 = n15269_aten::linear{id_64353_47/attn/0/aten__view id_6034_hpu__input Uniqueid: 1204 } @2=None, scope=47/attn/0
   %id_64364_47/aten__view Unique ID:10043 = n15274_aten::view{id_64359_47/attn/0/aten__linear } , scope=47, View Size = [1, 15911, 5376]
   %id_64372_47/prim__constant Unique ID:0 = n15272_prim::constant{} , scope=47, value=0
   %id_63932_47/aten__view Unique ID:9962 = n15271_aten::view{id_63928_47/adaln_proj/linear/aten__linear } , scope=47, View Size = [3, 32256]
   %id_63941_47/aten__slice Unique ID:9965 = n15270_aten::slice{id_63932_47/aten__view } , scope=47, dim=-1, start=10752, end=16128, step=1
   %id_64367_47/aten__index_select Unique ID:10044 = n15273_aten::index_select{id_63941_47/aten__slice id_64372_47/prim__constant id_25431_0/attn/hpu__input Uniqueid: 4787 } , scope=47
   %id_64375_47/aten__mul Unique ID:10045 = n15275_aten::mul{id_64367_47/aten__index_select id_64364_47/aten__view } , scope=47
   %id_64380_47/hpu__add Unique ID:10046 = n15277_hpu::add{id_63906_46/hpu__add id_64375_47/aten__mul id_64383_47/prim__constant } , scope=47
   %id_64389_47/hpu__cast Unique ID:10047 = n15281_hpu::cast{id_64380_47/hpu__add id_64391_47/prim__constant } , scope=47
   %id_64394_47/norm2/aten__pow Unique ID:10048 = n15283_aten::pow{id_64389_47/hpu__cast id_64397_47/norm2/prim__constant } , scope=47/norm2
   %id_64400_47/norm2/aten__mean Unique ID:10049 = n15285_aten::mean{id_64394_47/norm2/aten__pow id_64403_47/norm2/prim__constant } @3=None, @1=[2], scope=47/norm2
   %id_64400_47/norm2/hpu__add_ Unique ID:10049 = n15287_hpu::add_{id_64400_47/norm2/aten__mean id_23854_token_refiner/0/norm1/hpu__input Uniqueid: 4645 id_64406_47/norm2/prim__constant } , scope=47/norm2
   %id_64409_47/norm2/aten__rsqrt Unique ID:10050 = n15288_aten::rsqrt{id_64400_47/norm2/hpu__add_ } , scope=47/norm2
   %id_64413_47/norm2/aten__mul Unique ID:10051 = n15289_aten::mul{id_64389_47/hpu__cast id_64409_47/norm2/aten__rsqrt } , scope=47/norm2
   %id_64417_47/norm2/aten__mul Unique ID:10052 = n15290_aten::mul{id_64413_47/norm2/aten__mul id_6044_hpu__input Uniqueid: 1206 } , scope=47/norm2
   %id_64424_47/norm2/hpu__cast Unique ID:10053 = n15294_hpu::cast{id_64417_47/norm2/aten__mul id_64426_47/norm2/prim__constant } , scope=47/norm2
   %id_64443_47/aten__mul Unique ID:10056 = n15304_aten::mul{id_64424_47/norm2/hpu__cast id_64437_47/hpu__add } , scope=47
   %id_64460_47/hpu__add Unique ID:10058 = n15310_hpu::add{id_64443_47/aten__mul id_64454_47/aten__index_select id_64466_47/prim__constant } , scope=47
   %id_64469_47/ff/0/proj/aten__linear Unique ID:10059 = n15311_aten::linear{id_64460_47/hpu__add id_6054_hpu__input Uniqueid: 1208 } @2=None, scope=47/ff/0/proj
   %id_64476_47/ff/0/activation/aten__slice Unique ID:10061 = n15312_aten::slice{id_64469_47/ff/0/proj/aten__linear } , scope=47/ff/0/activation, dim=-1, start=14336, end=28672, step=1
   %id_64479_47/ff/0/activation/aten__silu Unique ID:10062 = n15313_aten::silu{id_64476_47/ff/0/activation/aten__slice } , scope=47/ff/0/activation
   %id_64473_47/ff/0/aten__slice Unique ID:10060 = n15314_aten::slice{id_64469_47/ff/0/proj/aten__linear } , scope=47/ff/0, dim=-1, start=0, end=14336, step=1
   %id_64484_47/ff/0/aten__mul Unique ID:10063 = n15315_aten::mul{id_64473_47/ff/0/aten__slice id_64479_47/ff/0/activation/aten__silu } , scope=47/ff/0
   %id_64489_47/ff/2/aten__view Unique ID:10064 = n15316_aten::view{id_64484_47/ff/0/aten__mul } , scope=47/ff/2, View Size = [1, 15911, 14336]
   %id_64492_47/ff/2/aten__linear Unique ID:10065 = n15317_aten::linear{id_64489_47/ff/2/aten__view id_6064_hpu__input Uniqueid: 1210 } @2=None, scope=47/ff/2
   %id_64505_47/prim__constant Unique ID:0 = n15320_prim::constant{} , scope=47, value=0
   %id_63932_47/aten__view Unique ID:9962 = n15319_aten::view{id_63928_47/adaln_proj/linear/aten__linear } , scope=47, View Size = [3, 32256]
   %id_63950_47/aten__slice Unique ID:9968 = n15318_aten::slice{id_63932_47/aten__view } , scope=47, dim=-1, start=26880, end=32256, step=1
   %id_64497_47/aten__index_select Unique ID:10066 = n15321_aten::index_select{id_63950_47/aten__slice id_64505_47/prim__constant id_25431_0/attn/hpu__input Uniqueid: 4787 } , scope=47
   %id_64502_47/aten__mul Unique ID:10067 = n15322_aten::mul{id_64497_47/aten__index_select id_64492_47/ff/2/aten__linear } , scope=47
   %id_64509_47/hpu__add Unique ID:10068 = n15324_hpu::add{id_64380_47/hpu__add id_64502_47/aten__mul id_64512_47/prim__constant } , scope=47
   %id_6204_hpu__input Unique ID:1238 = n1239_hpu::input{} 
   %id_6194_hpu__input Unique ID:1236 = n1237_hpu::input{} 
   %id_64524_48/adaln_proj/prim__constant Unique ID:0 = n15328_prim::constant{} , scope=48/adaln_proj, value=15
   %id_64515_48/adaln_proj/aten__silu Unique ID:10069 = n15325_aten::silu{id_25429_0/attn/hpu__input Uniqueid: 4784 } , scope=48/adaln_proj
   %id_64522_48/adaln_proj/hpu__cast Unique ID:10070 = n15329_hpu::cast{id_64515_48/adaln_proj/aten__silu id_64524_48/adaln_proj/prim__constant } , scope=48/adaln_proj
   %id_64527_48/adaln_proj/linear/aten__linear Unique ID:10071 = n15330_aten::linear{id_64522_48/adaln_proj/hpu__cast id_6194_hpu__input Uniqueid: 1236 id_6204_hpu__input Uniqueid: 1238 } , scope=48/adaln_proj/linear
   %id_64632_48/prim__constant Unique ID:0 = n15362_prim::constant{} , scope=48, value=1
   %id_64629_48/prim__constant Unique ID:0 = n15360_prim::constant{} , scope=48, value=0
   %id_64531_48/aten__view Unique ID:10072 = n15359_aten::view{id_64527_48/adaln_proj/linear/aten__linear Uniqueid: 10071 } , scope=48, View Size = [3, 32256]
   %id_64534_48/aten__slice Unique ID:10073 = n15358_aten::slice{id_64531_48/aten__view } , scope=48, dim=-1, start=0, end=5376, step=1
   %id_64618_48/aten__index_select Unique ID:10089 = n15361_aten::index_select{id_64534_48/aten__slice id_64629_48/prim__constant id_25431_0/attn/hpu__input Uniqueid: 4787 } , scope=48
   %id_64615_48/prim__constant Unique ID:0 = n15355_prim::constant{} , scope=48, value=1
   %id_64612_48/prim__constant Unique ID:0 = n15353_prim::constant{} , scope=48, value=15
   %id_64606_48/hpu__cast Unique ID:4611686018427388001 = n15354_hpu::cast{id_24725_0/hpu__input Uniqueid: 4806 id_64612_48/prim__constant } , scope=48
   %id_64600_48/prim__constant Unique ID:0 = n15350_prim::constant{} , scope=48, value=0
   %id_64531_48/aten__view Unique ID:10072 = n15349_aten::view{id_64527_48/adaln_proj/linear/aten__linear Uniqueid: 10071 } , scope=48, View Size = [3, 32256]
   %id_64537_48/aten__slice Unique ID:10074 = n15348_aten::slice{id_64531_48/aten__view } , scope=48, dim=-1, start=5376, end=10752, step=1
   %id_64595_48/aten__index_select Unique ID:10086 = n15351_aten::index_select{id_64537_48/aten__slice id_64600_48/prim__constant id_25431_0/attn/hpu__input Uniqueid: 4787 } , scope=48
   %id_64603_48/hpu__add Unique ID:10087 = n15356_hpu::add{id_64595_48/aten__index_select id_64606_48/hpu__cast id_64615_48/prim__constant } , scope=48
   %id_64592_48/norm1/prim__constant Unique ID:0 = n15346_prim::constant{} , scope=48/norm1, value=15
   %id_6094_hpu__input Unique ID:1216 = n1217_hpu::input{} 
   %id_64572_48/norm1/prim__constant Unique ID:0 = n15339_prim::constant{} , scope=48/norm1, value=1
   %id_64569_48/norm1/prim__constant Unique ID:0 = n15337_prim::constant{} , scope=48/norm1, value=True
   %id_64563_48/norm1/prim__constant Unique ID:0 = n15335_prim::constant{} , scope=48/norm1, value=2
   %id_64557_48/adaln_proj/linear/prim__constant Unique ID:0 = n15333_prim::constant{} , scope=48/adaln_proj/linear, value=6
   %id_64555_48/adaln_proj/linear/hpu__cast Unique ID:10079 = n15334_hpu::cast{id_64509_47/hpu__add Uniqueid: 10068 id_64557_48/adaln_proj/linear/prim__constant } , scope=48/adaln_proj/linear
   %id_64560_48/norm1/aten__pow Unique ID:10080 = n15336_aten::pow{id_64555_48/adaln_proj/linear/hpu__cast id_64563_48/norm1/prim__constant } , scope=48/norm1
   %id_64566_48/norm1/aten__mean Unique ID:10081 = n15338_aten::mean{id_64560_48/norm1/aten__pow id_64569_48/norm1/prim__constant } @3=None, @1=[2], scope=48/norm1
   %id_64566_48/norm1/hpu__add_ Unique ID:10081 = n15340_hpu::add_{id_64566_48/norm1/aten__mean id_23854_token_refiner/0/norm1/hpu__input Uniqueid: 4645 id_64572_48/norm1/prim__constant } , scope=48/norm1
   %id_64575_48/norm1/aten__rsqrt Unique ID:10082 = n15341_aten::rsqrt{id_64566_48/norm1/hpu__add_ } , scope=48/norm1
   %id_64579_48/norm1/aten__mul Unique ID:10083 = n15342_aten::mul{id_64555_48/adaln_proj/linear/hpu__cast id_64575_48/norm1/aten__rsqrt } , scope=48/norm1
   %id_64583_48/norm1/aten__mul Unique ID:10084 = n15343_aten::mul{id_64579_48/norm1/aten__mul id_6094_hpu__input Uniqueid: 1216 } , scope=48/norm1
   %id_64590_48/norm1/hpu__cast Unique ID:10085 = n15347_hpu::cast{id_64583_48/norm1/aten__mul id_64592_48/norm1/prim__constant } , scope=48/norm1
   %id_64609_48/aten__mul Unique ID:10088 = n15357_aten::mul{id_64590_48/norm1/hpu__cast id_64603_48/hpu__add } , scope=48
   %id_64624_48/hpu__add Unique ID:10090 = n15363_hpu::add{id_64609_48/aten__mul id_64618_48/aten__index_select id_64632_48/prim__constant } , scope=48
   %id_6154_hpu__input Unique ID:1228 = n1229_hpu::input{} 
   %id_64955_48/attn/prim__constant Unique ID:0 = n15472_prim::constant{} , scope=48/attn, value=0
   %id_64943_48/attn/prim__constant Unique ID:0 = n15469_prim::constant{} , scope=48/attn, value=False
   %id_64941_48/attn/prim__constant Unique ID:0 = n15468_prim::constant{} , scope=48/attn, value=0.088388347648318433
   %id_64939_48/attn/prim__constant Unique ID:0 = n15467_prim::constant{} , scope=48/attn, value=0.
   %id_6124_hpu__input Unique ID:1222 = n1223_hpu::input{} 
   %id_64643_48/attn/to_v/aten__linear Unique ID:10093 = n15366_aten::linear{id_64624_48/hpu__add Uniqueid: 10090 id_6124_hpu__input Uniqueid: 1222 } @2=None, scope=48/attn/to_v
   %id_64653_48/attn/aten__view Unique ID:10096 = n15466_aten::view{id_64643_48/attn/to_v/aten__linear } , scope=48/attn, View Size = [1, 15911, 56, 128]
   %id_64920_48/attn/aten__transpose Unique ID:10145 = n15465_aten::transpose{id_64653_48/attn/aten__view } , scope=48/attn, dim0=1, dim1=2
   %id_64911_48/attn/prim__constant Unique ID:0 = n15461_prim::constant{} , scope=48/attn, value=-1
   %id_64743_48/attn/norm_k/prim__constant Unique ID:0 = n15403_prim::constant{} , scope=48/attn/norm_k, value=15
   %id_6144_hpu__input Unique ID:1226 = n1227_hpu::input{} 
   %id_64723_48/attn/norm_k/prim__constant Unique ID:0 = n15396_prim::constant{} , scope=48/attn/norm_k, value=1
   %id_64720_48/attn/norm_k/prim__constant Unique ID:0 = n15394_prim::constant{} , scope=48/attn/norm_k, value=True
   %id_64714_48/attn/norm_k/prim__constant Unique ID:0 = n15392_prim::constant{} , scope=48/attn/norm_k, value=2
   %id_64711_48/attn/norm_q/prim__constant Unique ID:0 = n15390_prim::constant{} , scope=48/attn/norm_q, value=6
   %id_6114_hpu__input Unique ID:1220 = n1221_hpu::input{} 
   %id_64639_48/attn/to_k/aten__linear Unique ID:10092 = n15365_aten::linear{id_64624_48/hpu__add Uniqueid: 10090 id_6114_hpu__input Uniqueid: 1220 } @2=None, scope=48/attn/to_k
   %id_64650_48/attn/norm_q/aten__view Unique ID:10095 = n15389_aten::view{id_64639_48/attn/to_k/aten__linear } , scope=48/attn/norm_q, View Size = [1, 15911, 56, 128]
   %id_64704_48/attn/norm_q/hpu__cast Unique ID:10104 = n15391_hpu::cast{id_64650_48/attn/norm_q/aten__view id_64711_48/attn/norm_q/prim__constant } , scope=48/attn/norm_q
   %id_64707_48/attn/norm_k/aten__pow Unique ID:10105 = n15393_aten::pow{id_64704_48/attn/norm_q/hpu__cast id_64714_48/attn/norm_k/prim__constant } , scope=48/attn/norm_k
   %id_64717_48/attn/norm_k/aten__mean Unique ID:10106 = n15395_aten::mean{id_64707_48/attn/norm_k/aten__pow id_64720_48/attn/norm_k/prim__constant } @3=None, @1=[3], scope=48/attn/norm_k
   %id_64717_48/attn/norm_k/hpu__add_ Unique ID:10106 = n15397_hpu::add_{id_64717_48/attn/norm_k/aten__mean id_23854_token_refiner/0/norm1/hpu__input Uniqueid: 4645 id_64723_48/attn/norm_k/prim__constant } , scope=48/attn/norm_k
   %id_64725_48/attn/norm_k/aten__rsqrt Unique ID:10107 = n15398_aten::rsqrt{id_64717_48/attn/norm_k/hpu__add_ } , scope=48/attn/norm_k
   %id_64730_48/attn/norm_k/aten__mul Unique ID:10108 = n15399_aten::mul{id_64704_48/attn/norm_q/hpu__cast id_64725_48/attn/norm_k/aten__rsqrt } , scope=48/attn/norm_k
   %id_64734_48/attn/norm_k/aten__mul Unique ID:10109 = n15400_aten::mul{id_64730_48/attn/norm_k/aten__mul id_6144_hpu__input Uniqueid: 1226 } , scope=48/attn/norm_k
   %id_64741_48/attn/norm_k/hpu__cast Unique ID:10110 = n15404_hpu::cast{id_64734_48/attn/norm_k/aten__mul id_64743_48/attn/norm_k/prim__constant } , scope=48/attn/norm_k
   %id_64833_48/attn/aten__slice Unique ID:10128 = n15459_aten::slice{id_64741_48/attn/norm_k/hpu__cast } , scope=48/attn, dim=3, start=96, end=9223372036854775807, step=1
   %id_64902_48/attn/prim__constant Unique ID:0 = n15457_prim::constant{} , scope=48/attn, value=1
   %id_64858_48/attn/prim__constant Unique ID:0 = n15440_prim::constant{} , scope=48/attn, value=15
   %id_64853_48/attn/hpu__cast Unique ID:10132 = n15441_hpu::cast{id_25419_0/attn/hpu__input Uniqueid: 4638 id_64858_48/attn/prim__constant } , scope=48/attn
   %id_64855_48/attn/aten__unsqueeze Unique ID:10133 = n15455_aten::unsqueeze{id_64853_48/attn/hpu__cast } , scope=48/attn
   %id_64861_48/attn/aten__unsqueeze Unique ID:10134 = n15454_aten::unsqueeze{id_64855_48/attn/aten__unsqueeze } , scope=48/attn
   %id_64886_48/attn/prim__constant Unique ID:0 = n15448_prim::constant{} , scope=48/attn, value=-1
   %id_64830_48/attn/aten__slice Unique ID:10127 = n15446_aten::slice{id_64741_48/attn/norm_k/hpu__cast } , scope=48/attn, dim=3, start=0, end=96, step=1
   %id_64864_48/attn/aten__slice Unique ID:10135 = n15445_aten::slice{id_64830_48/attn/aten__slice } , scope=48/attn, dim=-1, start=0, end=48, step=1
   %id_64830_48/attn/aten__slice Unique ID:10127 = n15443_aten::slice{id_64741_48/attn/norm_k/hpu__cast } , scope=48/attn, dim=3, start=0, end=96, step=1
   %id_64867_48/attn/aten__slice Unique ID:10136 = n15442_aten::slice{id_64830_48/attn/aten__slice } , scope=48/attn, dim=-1, start=48, end=96, step=1
   %id_64870_48/attn/aten__neg Unique ID:10137 = n15444_aten::neg{id_64867_48/attn/aten__slice } , scope=48/attn
   %id_64884_48/attn/prim__ListConstruct Unique ID:0 = n15447_prim::ListConstruct{id_64870_48/attn/aten__neg id_64864_48/attn/aten__slice } , scope=48/attn
   %id_64876_48/attn/aten__cat Unique ID:10138 = n15449_aten::cat{id_64884_48/attn/prim__ListConstruct id_64886_48/attn/prim__constant } , scope=48/attn
   %id_64890_48/attn/aten__mul Unique ID:10140 = n15456_aten::mul{id_64876_48/attn/aten__cat id_64861_48/attn/aten__unsqueeze } , scope=48/attn
   %id_64841_48/attn/prim__constant Unique ID:0 = n15436_prim::constant{} , scope=48/attn, value=15
   %id_64839_48/attn/hpu__cast Unique ID:10129 = n15437_hpu::cast{id_25417_0/attn/hpu__input Uniqueid: 4637 id_64841_48/attn/prim__constant } , scope=48/attn
   %id_64843_48/attn/aten__unsqueeze Unique ID:10130 = n15452_aten::unsqueeze{id_64839_48/attn/hpu__cast } , scope=48/attn
   %id_64847_48/attn/aten__unsqueeze Unique ID:10131 = n15451_aten::unsqueeze{id_64843_48/attn/aten__unsqueeze } , scope=48/attn
   %id_64830_48/attn/aten__slice Unique ID:10127 = n15450_aten::slice{id_64741_48/attn/norm_k/hpu__cast } , scope=48/attn, dim=3, start=0, end=96, step=1
   %id_64881_48/attn/aten__mul Unique ID:10139 = n15453_aten::mul{id_64830_48/attn/aten__slice id_64847_48/attn/aten__unsqueeze } , scope=48/attn
   %id_64898_48/attn/hpu__add Unique ID:10141 = n15458_hpu::add{id_64881_48/attn/aten__mul id_64890_48/attn/aten__mul id_64902_48/attn/prim__constant } , scope=48/attn
   %id_64909_48/attn/prim__ListConstruct Unique ID:0 = n15460_prim::ListConstruct{id_64898_48/attn/hpu__add id_64833_48/attn/aten__slice } , scope=48/attn
   %id_64905_48/attn/aten__cat Unique ID:10142 = n15462_aten::cat{id_64909_48/attn/prim__ListConstruct id_64911_48/attn/prim__constant } , scope=48/attn
   %id_64917_48/attn/aten__transpose Unique ID:10144 = n15464_aten::transpose{id_64905_48/attn/aten__cat } , scope=48/attn, dim0=1, dim1=2
   %id_64827_48/attn/prim__constant Unique ID:0 = n15432_prim::constant{} , scope=48/attn, value=-1
   %id_64698_48/attn/norm_q/prim__constant Unique ID:0 = n15384_prim::constant{} , scope=48/attn/norm_q, value=15
   %id_6134_hpu__input Unique ID:1224 = n1225_hpu::input{} 
   %id_64678_48/attn/norm_q/prim__constant Unique ID:0 = n15377_prim::constant{} , scope=48/attn/norm_q, value=1
   %id_64675_48/attn/norm_q/prim__constant Unique ID:0 = n15375_prim::constant{} , scope=48/attn/norm_q, value=True
   %id_64669_48/attn/norm_q/prim__constant Unique ID:0 = n15373_prim::constant{} , scope=48/attn/norm_q, value=2
   %id_64663_48/attn/to_v/prim__constant Unique ID:0 = n15371_prim::constant{} , scope=48/attn/to_v, value=6
   %id_6104_hpu__input Unique ID:1218 = n1219_hpu::input{} 
   %id_64635_48/attn/to_q/aten__linear Unique ID:10091 = n15364_aten::linear{id_64624_48/hpu__add Uniqueid: 10090 id_6104_hpu__input Uniqueid: 1218 } @2=None, scope=48/attn/to_q
   %id_64647_48/attn/to_v/aten__view Unique ID:10094 = n15370_aten::view{id_64635_48/attn/to_q/aten__linear } , scope=48/attn/to_v, View Size = [1, 15911, 56, 128]
   %id_64659_48/attn/to_v/hpu__cast Unique ID:10097 = n15372_hpu::cast{id_64647_48/attn/to_v/aten__view id_64663_48/attn/to_v/prim__constant } , scope=48/attn/to_v
   %id_64666_48/attn/norm_q/aten__pow Unique ID:10098 = n15374_aten::pow{id_64659_48/attn/to_v/hpu__cast id_64669_48/attn/norm_q/prim__constant } , scope=48/attn/norm_q
   %id_64672_48/attn/norm_q/aten__mean Unique ID:10099 = n15376_aten::mean{id_64666_48/attn/norm_q/aten__pow id_64675_48/attn/norm_q/prim__constant } @3=None, @1=[3], scope=48/attn/norm_q
   %id_64672_48/attn/norm_q/hpu__add_ Unique ID:10099 = n15378_hpu::add_{id_64672_48/attn/norm_q/aten__mean id_23854_token_refiner/0/norm1/hpu__input Uniqueid: 4645 id_64678_48/attn/norm_q/prim__constant } , scope=48/attn/norm_q
   %id_64681_48/attn/norm_q/aten__rsqrt Unique ID:10100 = n15379_aten::rsqrt{id_64672_48/attn/norm_q/hpu__add_ } , scope=48/attn/norm_q
   %id_64685_48/attn/norm_q/aten__mul Unique ID:10101 = n15380_aten::mul{id_64659_48/attn/to_v/hpu__cast id_64681_48/attn/norm_q/aten__rsqrt } , scope=48/attn/norm_q
   %id_64689_48/attn/norm_q/aten__mul Unique ID:10102 = n15381_aten::mul{id_64685_48/attn/norm_q/aten__mul id_6134_hpu__input Uniqueid: 1224 } , scope=48/attn/norm_q
   %id_64696_48/attn/norm_q/hpu__cast Unique ID:10103 = n15385_hpu::cast{id_64689_48/attn/norm_q/aten__mul id_64698_48/attn/norm_q/prim__constant } , scope=48/attn/norm_q
   %id_64749_48/attn/aten__slice Unique ID:10112 = n15430_aten::slice{id_64696_48/attn/norm_q/hpu__cast } , scope=48/attn, dim=3, start=96, end=9223372036854775807, step=1
   %id_64818_48/attn/prim__constant Unique ID:0 = n15428_prim::constant{} , scope=48/attn, value=1
   %id_64774_48/attn/norm_k/prim__constant Unique ID:0 = n15411_prim::constant{} , scope=48/attn/norm_k, value=15
   %id_64769_48/attn/norm_k/hpu__cast Unique ID:10116 = n15412_hpu::cast{id_25419_0/attn/hpu__input Uniqueid: 4638 id_64774_48/attn/norm_k/prim__constant } , scope=48/attn/norm_k
   %id_64771_48/attn/aten__unsqueeze Unique ID:10117 = n15426_aten::unsqueeze{id_64769_48/attn/norm_k/hpu__cast } , scope=48/attn
   %id_64777_48/attn/aten__unsqueeze Unique ID:10118 = n15425_aten::unsqueeze{id_64771_48/attn/aten__unsqueeze } , scope=48/attn
   %id_64799_48/attn/prim__constant Unique ID:0 = n15419_prim::constant{} , scope=48/attn, value=-1
   %id_64746_48/attn/aten__slice Unique ID:10111 = n15417_aten::slice{id_64696_48/attn/norm_q/hpu__cast } , scope=48/attn, dim=3, start=0, end=96, step=1
   %id_64780_48/attn/aten__slice Unique ID:10119 = n15416_aten::slice{id_64746_48/attn/aten__slice } , scope=48/attn, dim=-1, start=0, end=48, step=1
   %id_64746_48/attn/aten__slice Unique ID:10111 = n15414_aten::slice{id_64696_48/attn/norm_q/hpu__cast } , scope=48/attn, dim=3, start=0, end=96, step=1
   %id_64783_48/attn/aten__slice Unique ID:10120 = n15413_aten::slice{id_64746_48/attn/aten__slice } , scope=48/attn, dim=-1, start=48, end=96, step=1
   %id_64786_48/attn/aten__neg Unique ID:10121 = n15415_aten::neg{id_64783_48/attn/aten__slice } , scope=48/attn
   %id_64797_48/attn/prim__ListConstruct Unique ID:0 = n15418_prim::ListConstruct{id_64786_48/attn/aten__neg id_64780_48/attn/aten__slice } , scope=48/attn
   %id_64792_48/attn/aten__cat Unique ID:10122 = n15420_aten::cat{id_64797_48/attn/prim__ListConstruct id_64799_48/attn/prim__constant } , scope=48/attn
   %id_64806_48/attn/aten__mul Unique ID:10124 = n15427_aten::mul{id_64792_48/attn/aten__cat id_64777_48/attn/aten__unsqueeze } , scope=48/attn
   %id_64757_48/attn/norm_k/prim__constant Unique ID:0 = n15407_prim::constant{} , scope=48/attn/norm_k, value=15
   %id_64755_48/attn/norm_k/hpu__cast Unique ID:10113 = n15408_hpu::cast{id_25417_0/attn/hpu__input Uniqueid: 4637 id_64757_48/attn/norm_k/prim__constant } , scope=48/attn/norm_k
   %id_64760_48/attn/aten__unsqueeze Unique ID:10114 = n15423_aten::unsqueeze{id_64755_48/attn/norm_k/hpu__cast } , scope=48/attn
   %id_64763_48/attn/aten__unsqueeze Unique ID:10115 = n15422_aten::unsqueeze{id_64760_48/attn/aten__unsqueeze } , scope=48/attn
   %id_64746_48/attn/aten__slice Unique ID:10111 = n15421_aten::slice{id_64696_48/attn/norm_q/hpu__cast } , scope=48/attn, dim=3, start=0, end=96, step=1
   %id_64801_48/attn/aten__mul Unique ID:10123 = n15424_aten::mul{id_64746_48/attn/aten__slice id_64763_48/attn/aten__unsqueeze } , scope=48/attn
   %id_64814_48/attn/hpu__add Unique ID:10125 = n15429_hpu::add{id_64801_48/attn/aten__mul id_64806_48/attn/aten__mul id_64818_48/attn/prim__constant } , scope=48/attn
   %id_64825_48/attn/prim__ListConstruct Unique ID:0 = n15431_prim::ListConstruct{id_64814_48/attn/hpu__add id_64749_48/attn/aten__slice } , scope=48/attn
   %id_64821_48/attn/aten__cat Unique ID:10126 = n15433_aten::cat{id_64825_48/attn/prim__ListConstruct id_64827_48/attn/prim__constant } , scope=48/attn
   %id_64914_48/attn/aten__transpose Unique ID:10143 = n15463_aten::transpose{id_64821_48/attn/aten__cat } , scope=48/attn, dim0=1, dim1=2
   %id_64923_48/attn/hpu__sdpa_fwd Unique ID:10146, %id_64926_48/attn/hpu__sdpa_fwd Unique ID:10147, %id_64929_48/attn/hpu__sdpa_fwd Unique ID:10148 = n15470_hpu::sdpa_fwd{id_64914_48/attn/aten__transpose id_64917_48/attn/aten__transpose id_64920_48/attn/aten__transpose id_64939_48/attn/prim__constant id_64941_48/attn/prim__constant id_64943_48/attn/prim__constant } @9=left, @8=None, @7=fast, @3=None, scope=48/attn
   %id_64934_48/attn/aten__transpose Unique ID:10149 = n15471_aten::transpose{id_64923_48/attn/hpu__sdpa_fwd } , scope=48/attn, dim0=1, dim1=2
   %id_64948_48/attn/aten__clone Unique ID:10150 = n15473_aten::clone{id_64934_48/attn/aten__transpose id_64955_48/attn/prim__constant } , scope=48/attn
   %id_64951_48/attn/0/aten__view Unique ID:10151 = n15474_aten::view{id_64948_48/attn/aten__clone } , scope=48/attn/0, View Size = [1, 15911, 7168]
   %id_64958_48/attn/0/aten__linear Unique ID:10152 = n15475_aten::linear{id_64951_48/attn/0/aten__view id_6154_hpu__input Uniqueid: 1228 } @2=None, scope=48/attn/0
   %id_64982_48/prim__constant Unique ID:0 = n15482_prim::constant{} , scope=48, value=1
   %id_64963_48/aten__view Unique ID:10153 = n15480_aten::view{id_64958_48/attn/0/aten__linear Uniqueid: 10152 } , scope=48, View Size = [1, 15911, 5376]
   %id_64971_48/prim__constant Unique ID:0 = n15478_prim::constant{} , scope=48, value=0
   %id_64531_48/aten__view Unique ID:10072 = n15477_aten::view{id_64527_48/adaln_proj/linear/aten__linear Uniqueid: 10071 } , scope=48, View Size = [3, 32256]
   %id_64540_48/aten__slice Unique ID:10075 = n15476_aten::slice{id_64531_48/aten__view } , scope=48, dim=-1, start=10752, end=16128, step=1
   %id_64966_48/aten__index_select Unique ID:10154 = n15479_aten::index_select{id_64540_48/aten__slice id_64971_48/prim__constant id_25431_0/attn/hpu__input Uniqueid: 4787 } , scope=48
   %id_64974_48/aten__mul Unique ID:10155 = n15481_aten::mul{id_64966_48/aten__index_select id_64963_48/aten__view } , scope=48
   %id_64979_48/hpu__add Unique ID:10156 = n15483_hpu::add{id_64509_47/hpu__add Uniqueid: 10068 id_64974_48/aten__mul id_64982_48/prim__constant } , scope=48
   %id_64990_48/prim__constant Unique ID:0 = n15486_prim::constant{} , scope=48, value=6
   %id_64988_48/hpu__cast Unique ID:10157 = n15487_hpu::cast{id_64979_48/hpu__add Uniqueid: 10156 id_64990_48/prim__constant } , scope=48
}

[Rank:0] Habana exception raised from ValidateSyncInputTensors at hpu_lazy_tensors.cpp:871

  0%|          | 0/1 [00:00<?, ?it/s]
  [h3:block] ! MiniMaxH3DenoiseStep: FAILED after 0.261s: RuntimeError: [Rank:0] FATAL ERROR :: MODULE:PT_BRIDGE Exception in Launch thread...
Check $HABANA_LOGS/ for details[Rank:0] FATAL ERROR :: MODULE:PT_LAZY Error, ValidateSyncInputTensors tensor_data is empty. Tensorid:4787 QueueStatus: ThreadPool m_tasks size: 1 irValue:id_25431_0/attn/hpu__input Uniqueid: 4787 Strided Params Has Value: 0 Failing Graph: IR {
   %id_64512_47/prim__constant Unique ID:0 = n15323_prim::constant{} , scope=47, value=1
   %id_6064_hpu__input Unique ID:1210 = n1211_hpu::input{} 
   %id_6054_hpu__input Unique ID:1208 = n1209_hpu::input{} 
   %id_64466_47/prim__constant Unique ID:0 = n15309_prim::constant{} , scope=47, value=1
   %id_25431_0/attn/hpu__input Unique ID:4787 = n5320_hpu::input{} , scope=0/attn
   %id_64463_47/prim__constant Unique ID:0 = n15307_prim::constant{} , scope=47, value=0
   %id_6084_hpu__input Unique ID:1214 = n1215_hpu::input{} 
   %id_6074_hpu__input Unique ID:1212 = n1213_hpu::input{} 
   %id_63925_47/adaln_proj/prim__constant Unique ID:0 = n15122_prim::constant{} , scope=47/adaln_proj, value=15
   %id_25429_0/attn/hpu__input Unique ID:4784 = n5319_hpu::input{} , scope=0/attn
   %id_63916_47/adaln_proj/aten__silu Unique ID:9959 = n15119_aten::silu{id_25429_0/attn/hpu__input Uniqueid: 4784 } , scope=47/adaln_proj
   %id_63923_47/adaln_proj/hpu__cast Unique ID:9960 = n15123_hpu::cast{id_63916_47/adaln_proj/aten__silu id_63925_47/adaln_proj/prim__constant } , scope=47/adaln_proj
   %id_63928_47/adaln_proj/linear/aten__linear Unique ID:9961 = n15124_aten::linear{id_63923_47/adaln_proj/hpu__cast id_6074_hpu__input Uniqueid: 1212 id_6084_hpu__input Uniqueid: 1214 } , scope=47/adaln_proj/linear
   %id_63932_47/aten__view Unique ID:9962 = n15306_aten::view{id_63928_47/adaln_proj/linear/aten__linear } , scope=47, View Size = [3, 32256]
   %id_63944_47/aten__slice Unique ID:9966 = n15305_aten::slice{id_63932_47/aten__view } , scope=47, dim=-1, start=16128, end=21504, step=1
   %id_64454_47/aten__index_select Unique ID:10057 = n15308_aten::index_select{id_63944_47/aten__slice id_64463_47/prim__constant id_25431_0/attn/hpu__input Uniqueid: 4787 } , scope=47
   %id_64449_47/prim__constant Unique ID:0 = n15302_prim::constant{} , scope=47, value=1
   %id_64446_47/prim__constant Unique ID:0 = n15300_prim::constant{} , scope=47, value=15
   %id_24725_0/hpu__input Unique ID:4806 = n5207_hpu::input{} , scope=0
   %id_64440_47/hpu__cast Unique ID:4611686018427388000 = n15301_hpu::cast{id_24725_0/hpu__input Uniqueid: 4806 id_64446_47/prim__constant } , scope=47
   %id_64434_47/prim__constant Unique ID:0 = n15297_prim::constant{} , scope=47, value=0
   %id_63932_47/aten__view Unique ID:9962 = n15296_aten::view{id_63928_47/adaln_proj/linear/aten__linear } , scope=47, View Size = [3, 32256]
   %id_63947_47/aten__slice Unique ID:9967 = n15295_aten::slice{id_63932_47/aten__view } , scope=47, dim=-1, start=21504, end=26880, step=1
   %id_64429_47/aten__index_select Unique ID:10054 = n15298_aten::index_select{id_63947_47/aten__slice id_64434_47/prim__constant id_25431_0/attn/hpu__input Uniqueid: 4787 } , scope=47
   %id_64437_47/hpu__add Unique ID:10055 = n15303_hpu::add{id_64429_47/aten__index_select id_64440_47/hpu__cast id_64449_47/prim__constant } , scope=47
   %id_64426_47/norm2/prim__constant Unique ID:0 = n15293_prim::constant{} , scope=47/norm2, value=15
   %id_6044_hpu__input Unique ID:1206 = n1207_hpu::input{} 
   %id_64406_47/norm2/prim__constant Unique ID:0 = n15286_prim::constant{} , scope=47/norm2, value=1
   %id_23854_token_refiner/0/norm1/hpu__input Unique ID:4645 = n4916_hpu::input{} , scope=token_refiner/0/norm1
   %id_64403_47/norm2/prim__constant Unique ID:0 = n15284_prim::constant{} , scope=47/norm2, value=True
   %id_64397_47/norm2/prim__constant Unique ID:0 = n15282_prim::constant{} , scope=47/norm2, value=2
   %id_64391_47/prim__constant Unique ID:0 = n15280_prim::constant{} , scope=47, value=6
   %id_64383_47/prim__constant Unique ID:0 = n15276_prim::constant{} , scope=47, value=1
   %id_6034_hpu__input Unique ID:1204 = n1205_hpu::input{} 
   %id_64356_47/attn/prim__constant Unique ID:0 = n15266_prim::constant{} , scope=47/attn, value=0
   %id_64344_47/attn/prim__constant Unique ID:0 = n15263_prim::constant{} , scope=47/attn, value=False
   %id_64340_47/attn/prim__constant Unique ID:0 = n15262_prim::constant{} , scope=47/attn, value=0.088388347648318433
   %id_64337_47/attn/prim__constant Unique ID:0 = n15261_prim::constant{} , scope=47/attn, value=0.
   %id_6004_hpu__input Unique ID:1198 = n1199_hpu::input{} 
   %id_64033_47/prim__constant Unique ID:0 = n15156_prim::constant{} , scope=47, value=1
   %id_64030_47/prim__constant Unique ID:0 = n15154_prim::constant{} , scope=47, value=0
   %id_63932_47/aten__view Unique ID:9962 = n15153_aten::view{id_63928_47/adaln_proj/linear/aten__linear } , scope=47, View Size = [3, 32256]
   %id_63935_47/aten__slice Unique ID:9963 = n15152_aten::slice{id_63932_47/aten__view } , scope=47, dim=-1, start=0, end=5376, step=1
   %id_64019_47/aten__index_select Unique ID:9979 = n15155_aten::index_select{id_63935_47/aten__slice id_64030_47/prim__constant id_25431_0/attn/hpu__input Uniqueid: 4787 } , scope=47
   %id_64016_47/prim__constant Unique ID:0 = n15149_prim::constant{} , scope=47, value=1
   %id_64013_47/prim__constant Unique ID:0 = n15147_prim::constant{} , scope=47, value=15
   %id_64007_47/hpu__cast Unique ID:4611686018427387999 = n15148_hpu::cast{id_24725_0/hpu__input Uniqueid: 4806 id_64013_47/prim__constant } , scope=47
   %id_64001_47/prim__constant Unique ID:0 = n15144_prim::constant{} , scope=47, value=0
   %id_63932_47/aten__view Unique ID:9962 = n15143_aten::view{id_63928_47/adaln_proj/linear/aten__linear } , scope=47, View Size = [3, 32256]
   %id_63938_47/aten__slice Unique ID:9964 = n15142_aten::slice{id_63932_47/aten__view } , scope=47, dim=-1, start=5376, end=10752, step=1
   %id_63996_47/aten__index_select Unique ID:9976 = n15145_aten::index_select{id_63938_47/aten__slice id_64001_47/prim__constant id_25431_0/attn/hpu__input Uniqueid: 4787 } , scope=47
   %id_64004_47/hpu__add Unique ID:9977 = n15150_hpu::add{id_63996_47/aten__index_select id_64007_47/hpu__cast id_64016_47/prim__constant } , scope=47
   %id_63993_47/norm1/prim__constant Unique ID:0 = n15140_prim::constant{} , scope=47/norm1, value=15
   %id_5974_hpu__input Unique ID:1192 = n1193_hpu::input{} 
   %id_63973_47/norm1/prim__constant Unique ID:0 = n15133_prim::constant{} , scope=47/norm1, value=1
   %id_63970_47/norm1/prim__constant Unique ID:0 = n15131_prim::constant{} , scope=47/norm1, value=True
   %id_63964_47/norm1/prim__constant Unique ID:0 = n15129_prim::constant{} , scope=47/norm1, value=2
   %id_63958_47/adaln_proj/linear/prim__constant Unique ID:0 = n15127_prim::constant{} , scope=47/adaln_proj/linear, value=6
   %id_63913_46/prim__constant Unique ID:0 = n15117_prim::constant{} , scope=46, value=1
   %id_5944_hpu__input Unique ID:1186 = n1187_hpu::input{} 
   %id_5934_hpu__input Unique ID:1184 = n1185_hpu::input{} 
   %id_63863_46/prim__constant Unique ID:0 = n15103_prim::constant{} , scope=46, value=1
   %id_63860_46/prim__constant Unique ID:0 = n15101_prim::constant{} , scope=46, value=0
   %id_63625_46/attn/hpu__input Unique ID:9851 = n15020_hpu::input{} , scope=46/attn
   %id_63641_46/aten__view Unique ID:9852 = n15100_aten::view{id_63625_46/attn/hpu__input Uniqueid: 9851 } , scope=46, View Size = [3, 32256]
   %id_62847_46/aten__slice Unique ID:9856 = n15099_aten::slice{id_63641_46/aten__view } , scope=46, dim=-1, start=16128, end=21504, step=1
   %id_63848_46/aten__index_select Unique ID:9947 = n15102_aten::index_select{id_62847_46/aten__slice id_63860_46/prim__constant id_25431_0/attn/hpu__input Uniqueid: 4787 } , scope=46
   %id_63846_46/prim__constant Unique ID:0 = n15096_prim::constant{} , scope=46, value=1
   %id_63843_46/prim__constant Unique ID:0 = n15094_prim::constant{} , scope=46, value=15
   %id_63837_46/hpu__cast Unique ID:4611686018427387998 = n15095_hpu::cast{id_24725_0/hpu__input Uniqueid: 4806 id_63843_46/prim__constant } , scope=46
   %id_63831_46/prim__constant Unique ID:0 = n15091_prim::constant{} , scope=46, value=0
   %id_63641_46/aten__view Unique ID:9852 = n15090_aten::view{id_63625_46/attn/hpu__input Uniqueid: 9851 } , scope=46, View Size = [3, 32256]
   %id_62850_46/aten__slice Unique ID:9857 = n15089_aten::slice{id_63641_46/aten__view } , scope=46, dim=-1, start=21504, end=26880, step=1
   %id_63826_46/aten__index_select Unique ID:9944 = n15092_aten::index_select{id_62850_46/aten__slice id_63831_46/prim__constant id_25431_0/attn/hpu__input Uniqueid: 4787 } , scope=46
   %id_63834_46/hpu__add Unique ID:9945 = n15097_hpu::add{id_63826_46/aten__index_select id_63837_46/hpu__cast id_63846_46/prim__constant } , scope=46
   %id_63823_46/norm2/prim__constant Unique ID:0 = n15087_prim::constant{} , scope=46/norm2, value=15
   %id_5924_hpu__input Unique ID:1182 = n1183_hpu::input{} 
   %id_63803_46/norm2/prim__constant Unique ID:0 = n15080_prim::constant{} , scope=46/norm2, value=1
   %id_63800_46/norm2/prim__constant Unique ID:0 = n15078_prim::constant{} , scope=46/norm2, value=True
   %id_63794_46/norm2/prim__constant Unique ID:0 = n15076_prim::constant{} , scope=46/norm2, value=2
   %id_63788_46/prim__constant Unique ID:0 = n15074_prim::constant{} , scope=46, value=6
   %id_63780_46/prim__constant Unique ID:0 = n15070_prim::constant{} , scope=46, value=1
   %id_5914_hpu__input Unique ID:1180 = n1181_hpu::input{} 
   %id_63751_46/attn/prim__constant Unique ID:0 = n15060_prim::constant{} , scope=46/attn, value=0
   %id_63740_46/attn/prim__constant Unique ID:0 = n15057_prim::constant{} , scope=46/attn, value=False
   %id_63736_46/attn/prim__constant Unique ID:0 = n15056_prim::constant{} , scope=46/attn, value=0.088388347648318433
   %id_63734_46/attn/prim__constant Unique ID:0 = n15055_prim::constant{} , scope=46/attn, value=0.
   %id_63629_46/attn/hpu__input Unique ID:9873 = n15022_hpu::input{} , scope=46/attn
   %id_62957_46/attn/aten__view Unique ID:9876 = n15054_aten::view{id_63629_46/attn/hpu__input Uniqueid: 9873 } , scope=46/attn, View Size = [1, 15911, 56, 128]
   %id_63718_46/attn/aten__transpose Unique ID:9925 = n15053_aten::transpose{id_62957_46/attn/aten__view } , scope=46/attn, dim0=1, dim1=2
   %id_63709_46/attn/prim__constant Unique ID:0 = n15049_prim::constant{} , scope=46/attn, value=-1
   %id_63631_46/attn/hpu__input Unique ID:9890 = n15023_hpu::input{} , scope=46/attn
   %id_63137_46/attn/aten__slice Unique ID:9908 = n15047_aten::slice{id_63631_46/attn/hpu__input Uniqueid: 9890 } , scope=46/attn, dim=3, start=96, end=9223372036854775807, step=1
   %id_63700_46/attn/prim__constant Unique ID:0 = n15045_prim::constant{} , scope=46/attn, value=1
   %id_63637_46/attn/hpu__input Unique ID:9912 = n15026_hpu::input{} , scope=46/attn
   %id_63159_46/attn/aten__unsqueeze Unique ID:9913 = n15043_aten::unsqueeze{id_63637_46/attn/hpu__input Uniqueid: 9912 } , scope=46/attn
   %id_63659_46/attn/aten__unsqueeze Unique ID:9914 = n15042_aten::unsqueeze{id_63159_46/attn/aten__unsqueeze } , scope=46/attn
   %id_63681_46/attn/prim__constant Unique ID:0 = n15036_prim::constant{} , scope=46/attn, value=-1
   %id_63133_46/attn/aten__slice Unique ID:9907 = n15034_aten::slice{id_63631_46/attn/hpu__input Uniqueid: 9890 } , scope=46/attn, dim=3, start=0, end=96, step=1
   %id_63662_46/attn/aten__slice Unique ID:9915 = n15033_aten::slice{id_63133_46/attn/aten__slice } , scope=46/attn, dim=-1, start=0, end=48, step=1
   %id_63133_46/attn/aten__slice Unique ID:9907 = n15031_aten::slice{id_63631_46/attn/hpu__input Uniqueid: 9890 } , scope=46/attn, dim=3, start=0, end=96, step=1
   %id_63665_46/attn/aten__slice Unique ID:9916 = n15030_aten::slice{id_63133_46/attn/aten__slice } , scope=46/attn, dim=-1, start=48, end=96, step=1
   %id_63668_46/attn/aten__neg Unique ID:9917 = n15032_aten::neg{id_63665_46/attn/aten__slice } , scope=46/attn
   %id_63679_46/attn/prim__ListConstruct Unique ID:0 = n15035_prim::ListConstruct{id_63668_46/attn/aten__neg id_63662_46/attn/aten__slice } , scope=46/attn
   %id_63673_46/attn/aten__cat Unique ID:9918 = n15037_aten::cat{id_63679_46/attn/prim__ListConstruct id_63681_46/attn/prim__constant } , scope=46/attn
   %id_63688_46/attn/aten__mul Unique ID:9920 = n15044_aten::mul{id_63673_46/attn/aten__cat id_63659_46/attn/aten__unsqueeze } , scope=46/attn
   %id_63635_46/attn/hpu__input Unique ID:9909 = n15025_hpu::input{} , scope=46/attn
   %id_63145_46/attn/aten__unsqueeze Unique ID:9910 = n15040_aten::unsqueeze{id_63635_46/attn/hpu__input Uniqueid: 9909 } , scope=46/attn
   %id_63151_46/attn/aten__unsqueeze Unique ID:9911 = n15039_aten::unsqueeze{id_63145_46/attn/aten__unsqueeze } , scope=46/attn
   %id_63133_46/attn/aten__slice Unique ID:9907 = n15038_aten::slice{id_63631_46/attn/hpu__input Uniqueid: 9890 } , scope=46/attn, dim=3, start=0, end=96, step=1
   %id_63684_46/attn/aten__mul Unique ID:9919 = n15041_aten::mul{id_63133_46/attn/aten__slice id_63151_46/attn/aten__unsqueeze } , scope=46/attn
   %id_63697_46/attn/hpu__add Unique ID:9921 = n15046_hpu::add{id_63684_46/attn/aten__mul id_63688_46/attn/aten__mul id_63700_46/attn/prim__constant } , scope=46/attn
   %id_63707_46/attn/prim__ListConstruct Unique ID:0 = n15048_prim::ListConstruct{id_63697_46/attn/hpu__add id_63137_46/attn/aten__slice } , scope=46/attn
   %id_63703_46/attn/aten__cat Unique ID:9922 = n15050_aten::cat{id_63707_46/attn/prim__ListConstruct id_63709_46/attn/prim__constant } , scope=46/attn
   %id_63715_46/attn/aten__transpose Unique ID:9924 = n15052_aten::transpose{id_63703_46/attn/aten__cat } , scope=46/attn, dim0=1, dim1=2
   %id_63633_46/attn/hpu__input Unique ID:9906 = n15024_hpu::input{} , scope=46/attn
   %id_63712_46/attn/aten__transpose Unique ID:9923 = n15051_aten::transpose{id_63633_46/attn/hpu__input Uniqueid: 9906 } , scope=46/attn, dim0=1, dim1=2
   %id_63721_46/attn/hpu__sdpa_fwd Unique ID:9926, %id_63724_46/attn/hpu__sdpa_fwd Unique ID:9927, %id_63727_46/attn/hpu__sdpa_fwd Unique ID:9928 = n15058_hpu::sdpa_fwd{id_63712_46/attn/aten__transpose id_63715_46/attn/aten__transpose id_63718_46/attn/aten__transpose id_63734_46/attn/prim__constant id_63736_46/attn/prim__constant id_63740_46/attn/prim__constant } @9=left, @8=None, @7=fast, @3=None, scope=46/attn
   %id_63738_46/attn/aten__transpose Unique ID:9929 = n15059_aten::transpose{id_63721_46/attn/hpu__sdpa_fwd } , scope=46/attn, dim0=1, dim1=2
   %id_63746_46/attn/aten__clone Unique ID:9930 = n15061_aten::clone{id_63738_46/attn/aten__transpose id_63751_46/attn/prim__constant } , scope=46/attn
   %id_63750_46/attn/0/aten__view Unique ID:9931 = n15062_aten::view{id_63746_46/attn/aten__clone } , scope=46/attn/0, View Size = [1, 15911, 7168]
   %id_63756_46/attn/0/aten__linear Unique ID:9932 = n15063_aten::linear{id_63750_46/attn/0/aten__view id_5914_hpu__input Uniqueid: 1180 } @2=None, scope=46/attn/0
   %id_63761_46/aten__view Unique ID:9933 = n15068_aten::view{id_63756_46/attn/0/aten__linear } , scope=46, View Size = [1, 15911, 5376]
   %id_63769_46/prim__constant Unique ID:0 = n15066_prim::constant{} , scope=46, value=0
   %id_63641_46/aten__view Unique ID:9852 = n15065_aten::view{id_63625_46/attn/hpu__input Uniqueid: 9851 } , scope=46, View Size = [3, 32256]
   %id_62844_46/aten__slice Unique ID:9855 = n15064_aten::slice{id_63641_46/aten__view } , scope=46, dim=-1, start=10752, end=16128, step=1
   %id_63764_46/aten__index_select Unique ID:9934 = n15067_aten::index_select{id_62844_46/aten__slice id_63769_46/prim__constant id_25431_0/attn/hpu__input Uniqueid: 4787 } , scope=46
   %id_63772_46/aten__mul Unique ID:9935 = n15069_aten::mul{id_63764_46/aten__index_select id_63761_46/aten__view } , scope=46
   %id_63623_46/attn/hpu__input Unique ID:9848 = n15019_hpu::input{} , scope=46/attn
   %id_63777_46/hpu__add Unique ID:9936 = n15071_hpu::add{id_63623_46/attn/hpu__input Uniqueid: 9848 id_63772_46/aten__mul id_63780_46/prim__constant } , scope=46
   %id_63786_46/hpu__cast Unique ID:9937 = n15075_hpu::cast{id_63777_46/hpu__add id_63788_46/prim__constant } , scope=46
   %id_63791_46/norm2/aten__pow Unique ID:9938 = n15077_aten::pow{id_63786_46/hpu__cast id_63794_46/norm2/prim__constant } , scope=46/norm2
   %id_63797_46/norm2/aten__mean Unique ID:9939 = n15079_aten::mean{id_63791_46/norm2/aten__pow id_63800_46/norm2/prim__constant } @3=None, @1=[2], scope=46/norm2
   %id_63797_46/norm2/hpu__add_ Unique ID:9939 = n15081_hpu::add_{id_63797_46/norm2/aten__mean id_23854_token_refiner/0/norm1/hpu__input Uniqueid: 4645 id_63803_46/norm2/prim__constant } , scope=46/norm2
   %id_63806_46/norm2/aten__rsqrt Unique ID:9940 = n15082_aten::rsqrt{id_63797_46/norm2/hpu__add_ } , scope=46/norm2
   %id_63810_46/norm2/aten__mul Unique ID:9941 = n15083_aten::mul{id_63786_46/hpu__cast id_63806_46/norm2/aten__rsqrt } , scope=46/norm2
   %id_63814_46/norm2/aten__mul Unique ID:9942 = n15084_aten::mul{id_63810_46/norm2/aten__mul id_5924_hpu__input Uniqueid: 1182 } , scope=46/norm2
   %id_63821_46/norm2/hpu__cast Unique ID:9943 = n15088_hpu::cast{id_63814_46/norm2/aten__mul id_63823_46/norm2/prim__constant } , scope=46/norm2
   %id_63840_46/aten__mul Unique ID:9946 = n15098_aten::mul{id_63821_46/norm2/hpu__cast id_63834_46/hpu__add } , scope=46
   %id_63857_46/hpu__add Unique ID:9948 = n15104_hpu::add{id_63840_46/aten__mul id_63848_46/aten__index_select id_63863_46/prim__constant } , scope=46
   %id_63866_46/ff/0/proj/aten__linear Unique ID:9949 = n15105_aten::linear{id_63857_46/hpu__add id_5934_hpu__input Uniqueid: 1184 } @2=None, scope=46/ff/0/proj
   %id_63873_46/ff/0/activation/aten__slice Unique ID:9951 = n15106_aten::slice{id_63866_46/ff/0/proj/aten__linear } , scope=46/ff/0/activation, dim=-1, start=14336, end=28672, step=1
   %id_63876_46/ff/0/activation/aten__silu Unique ID:9952 = n15107_aten::silu{id_63873_46/ff/0/activation/aten__slice } , scope=46/ff/0/activation
   %id_63870_46/ff/0/aten__slice Unique ID:9950 = n15108_aten::slice{id_63866_46/ff/0/proj/aten__linear } , scope=46/ff/0, dim=-1, start=0, end=14336, step=1
   %id_63881_46/ff/0/aten__mul Unique ID:9953 = n15109_aten::mul{id_63870_46/ff/0/aten__slice id_63876_46/ff/0/activation/aten__silu } , scope=46/ff/0
   %id_63886_46/ff/2/aten__view Unique ID:9954 = n15110_aten::view{id_63881_46/ff/0/aten__mul } , scope=46/ff/2, View Size = [1, 15911, 14336]
   %id_63889_46/ff/2/aten__linear Unique ID:9955 = n15111_aten::linear{id_63886_46/ff/2/aten__view id_5944_hpu__input Uniqueid: 1186 } @2=None, scope=46/ff/2
   %id_63902_46/prim__constant Unique ID:0 = n15114_prim::constant{} , scope=46, value=0
   %id_63641_46/aten__view Unique ID:9852 = n15113_aten::view{id_63625_46/attn/hpu__input Uniqueid: 9851 } , scope=46, View Size = [3, 32256]
   %id_62853_46/aten__slice Unique ID:9858 = n15112_aten::slice{id_63641_46/aten__view } , scope=46, dim=-1, start=26880, end=32256, step=1
   %id_63894_46/aten__index_select Unique ID:9956 = n15115_aten::index_select{id_62853_46/aten__slice id_63902_46/prim__constant id_25431_0/attn/hpu__input Uniqueid: 4787 } , scope=46
   %id_63898_46/aten__mul Unique ID:9957 = n15116_aten::mul{id_63894_46/aten__index_select id_63889_46/ff/2/aten__linear } , scope=46
   %id_63906_46/hpu__add Unique ID:9958 = n15118_hpu::add{id_63777_46/hpu__add id_63898_46/aten__mul id_63913_46/prim__constant } , scope=46
   %id_63956_47/adaln_proj/linear/hpu__cast Unique ID:9969 = n15128_hpu::cast{id_63906_46/hpu__add id_63958_47/adaln_proj/linear/prim__constant } , scope=47/adaln_proj/linear
   %id_63961_47/norm1/aten__pow Unique ID:9970 = n15130_aten::pow{id_63956_47/adaln_proj/linear/hpu__cast id_63964_47/norm1/prim__constant } , scope=47/norm1
   %id_63967_47/norm1/aten__mean Unique ID:9971 = n15132_aten::mean{id_63961_47/norm1/aten__pow id_63970_47/norm1/prim__constant } @3=None, @1=[2], scope=47/norm1
   %id_63967_47/norm1/hpu__add_ Unique ID:9971 = n15134_hpu::add_{id_63967_47/norm1/aten__mean id_23854_token_refiner/0/norm1/hpu__input Uniqueid: 4645 id_63973_47/norm1/prim__constant } , scope=47/norm1
   %id_63976_47/norm1/aten__rsqrt Unique ID:9972 = n15135_aten::rsqrt{id_63967_47/norm1/hpu__add_ } , scope=47/norm1
   %id_63980_47/norm1/aten__mul Unique ID:9973 = n15136_aten::mul{id_63956_47/adaln_proj/linear/hpu__cast id_63976_47/norm1/aten__rsqrt } , scope=47/norm1
   %id_63984_47/norm1/aten__mul Unique ID:9974 = n15137_aten::mul{id_63980_47/norm1/aten__mul id_5974_hpu__input Uniqueid: 1192 } , scope=47/norm1
   %id_63991_47/norm1/hpu__cast Unique ID:9975 = n15141_hpu::cast{id_63984_47/norm1/aten__mul id_63993_47/norm1/prim__constant } , scope=47/norm1
   %id_64010_47/aten__mul Unique ID:9978 = n15151_aten::mul{id_63991_47/norm1/hpu__cast id_64004_47/hpu__add } , scope=47
   %id_64025_47/hpu__add Unique ID:9980 = n15157_hpu::add{id_64010_47/aten__mul id_64019_47/aten__index_select id_64033_47/prim__constant } , scope=47
   %id_64044_47/attn/to_v/aten__linear Unique ID:9983 = n15160_aten::linear{id_64025_47/hpu__add id_6004_hpu__input Uniqueid: 1198 } @2=None, scope=47/attn/to_v
   %id_64054_47/attn/aten__view Unique ID:9986 = n15260_aten::view{id_64044_47/attn/to_v/aten__linear } , scope=47/attn, View Size = [1, 15911, 56, 128]
   %id_64321_47/attn/aten__transpose Unique ID:10035 = n15259_aten::transpose{id_64054_47/attn/aten__view } , scope=47/attn, dim0=1, dim1=2
   %id_64312_47/attn/prim__constant Unique ID:0 = n15255_prim::constant{} , scope=47/attn, value=-1
   %id_64144_47/attn/norm_k/prim__constant Unique ID:0 = n15197_prim::constant{} , scope=47/attn/norm_k, value=15
   %id_6024_hpu__input Unique ID:1202 = n1203_hpu::input{} 
   %id_64124_47/attn/norm_k/prim__constant Unique ID:0 = n15190_prim::constant{} , scope=47/attn/norm_k, value=1
   %id_64121_47/attn/norm_k/prim__constant Unique ID:0 = n15188_prim::constant{} , scope=47/attn/norm_k, value=True
   %id_64115_47/attn/norm_k/prim__constant Unique ID:0 = n15186_prim::constant{} , scope=47/attn/norm_k, value=2
   %id_64112_47/attn/norm_q/prim__constant Unique ID:0 = n15184_prim::constant{} , scope=47/attn/norm_q, value=6
   %id_5994_hpu__input Unique ID:1196 = n1197_hpu::input{} 
   %id_64040_47/attn/to_k/aten__linear Unique ID:9982 = n15159_aten::linear{id_64025_47/hpu__add id_5994_hpu__input Uniqueid: 1196 } @2=None, scope=47/attn/to_k
   %id_64051_47/attn/norm_q/aten__view Unique ID:9985 = n15183_aten::view{id_64040_47/attn/to_k/aten__linear } , scope=47/attn/norm_q, View Size = [1, 15911, 56, 128]
   %id_64105_47/attn/norm_q/hpu__cast Unique ID:9994 = n15185_hpu::cast{id_64051_47/attn/norm_q/aten__view id_64112_47/attn/norm_q/prim__constant } , scope=47/attn/norm_q
   %id_64108_47/attn/norm_k/aten__pow Unique ID:9995 = n15187_aten::pow{id_64105_47/attn/norm_q/hpu__cast id_64115_47/attn/norm_k/prim__constant } , scope=47/attn/norm_k
   %id_64118_47/attn/norm_k/aten__mean Unique ID:9996 = n15189_aten::mean{id_64108_47/attn/norm_k/aten__pow id_64121_47/attn/norm_k/prim__constant } @3=None, @1=[3], scope=47/attn/norm_k
   %id_64118_47/attn/norm_k/hpu__add_ Unique ID:9996 = n15191_hpu::add_{id_64118_47/attn/norm_k/aten__mean id_23854_token_refiner/0/norm1/hpu__input Uniqueid: 4645 id_64124_47/attn/norm_k/prim__constant } , scope=47/attn/norm_k
   %id_64127_47/attn/norm_k/aten__rsqrt Unique ID:9997 = n15192_aten::rsqrt{id_64118_47/attn/norm_k/hpu__add_ } , scope=47/attn/norm_k
   %id_64131_47/attn/norm_k/aten__mul Unique ID:9998 = n15193_aten::mul{id_64105_47/attn/norm_q/hpu__cast id_64127_47/attn/norm_k/aten__rsqrt } , scope=47/attn/norm_k
   %id_64135_47/attn/norm_k/aten__mul Unique ID:9999 = n15194_aten::mul{id_64131_47/attn/norm_k/aten__mul id_6024_hpu__input Uniqueid: 1202 } , scope=47/attn/norm_k
   %id_64142_47/attn/norm_k/hpu__cast Unique ID:10000 = n15198_hpu::cast{id_64135_47/attn/norm_k/aten__mul id_64144_47/attn/norm_k/prim__constant } , scope=47/attn/norm_k
   %id_64234_47/attn/aten__slice Unique ID:10018 = n15253_aten::slice{id_64142_47/attn/norm_k/hpu__cast } , scope=47/attn, dim=3, start=96, end=9223372036854775807, step=1
   %id_64303_47/attn/prim__constant Unique ID:0 = n15251_prim::constant{} , scope=47/attn, value=1
   %id_64259_47/attn/prim__constant Unique ID:0 = n15234_prim::constant{} , scope=47/attn, value=15
   %id_25419_0/attn/hpu__input Unique ID:4638 = n5314_hpu::input{} , scope=0/attn
   %id_64254_47/attn/hpu__cast Unique ID:10022 = n15235_hpu::cast{id_25419_0/attn/hpu__input Uniqueid: 4638 id_64259_47/attn/prim__constant } , scope=47/attn
   %id_64256_47/attn/aten__unsqueeze Unique ID:10023 = n15249_aten::unsqueeze{id_64254_47/attn/hpu__cast } , scope=47/attn
   %id_64262_47/attn/aten__unsqueeze Unique ID:10024 = n15248_aten::unsqueeze{id_64256_47/attn/aten__unsqueeze } , scope=47/attn
   %id_64284_47/attn/prim__constant Unique ID:0 = n15242_prim::constant{} , scope=47/attn, value=-1
   %id_64231_47/attn/aten__slice Unique ID:10017 = n15240_aten::slice{id_64142_47/attn/norm_k/hpu__cast } , scope=47/attn, dim=3, start=0, end=96, step=1
   %id_64265_47/attn/aten__slice Unique ID:10025 = n15239_aten::slice{id_64231_47/attn/aten__slice } , scope=47/attn, dim=-1, start=0, end=48, step=1
   %id_64231_47/attn/aten__slice Unique ID:10017 = n15237_aten::slice{id_64142_47/attn/norm_k/hpu__cast } , scope=47/attn, dim=3, start=0, end=96, step=1
   %id_64268_47/attn/aten__slice Unique ID:10026 = n15236_aten::slice{id_64231_47/attn/aten__slice } , scope=47/attn, dim=-1, start=48, end=96, step=1
   %id_64271_47/attn/aten__neg Unique ID:10027 = n15238_aten::neg{id_64268_47/attn/aten__slice } , scope=47/attn
   %id_64282_47/attn/prim__ListConstruct Unique ID:0 = n15241_prim::ListConstruct{id_64271_47/attn/aten__neg id_64265_47/attn/aten__slice } , scope=47/attn
   %id_64277_47/attn/aten__cat Unique ID:10028 = n15243_aten::cat{id_64282_47/attn/prim__ListConstruct id_64284_47/attn/prim__constant } , scope=47/attn
   %id_64294_47/attn/aten__mul Unique ID:10030 = n15250_aten::mul{id_64277_47/attn/aten__cat id_64262_47/attn/aten__unsqueeze } , scope=47/attn
   %id_64243_47/attn/prim__constant Unique ID:0 = n15230_prim::constant{} , scope=47/attn, value=15
   %id_25417_0/attn/hpu__input Unique ID:4637 = n5313_hpu::input{} , scope=0/attn
   %id_64240_47/attn/hpu__cast Unique ID:10019 = n15231_hpu::cast{id_25417_0/attn/hpu__input Uniqueid: 4637 id_64243_47/attn/prim__constant } , scope=47/attn
   %id_64242_47/attn/aten__unsqueeze Unique ID:10020 = n15246_aten::unsqueeze{id_64240_47/attn/hpu__cast } , scope=47/attn
   %id_64248_47/attn/aten__unsqueeze Unique ID:10021 = n15245_aten::unsqueeze{id_64242_47/attn/aten__unsqueeze } , scope=47/attn
   %id_64231_47/attn/aten__slice Unique ID:10017 = n15244_aten::slice{id_64142_47/attn/norm_k/hpu__cast } , scope=47/attn, dim=3, start=0, end=96, step=1
   %id_64285_47/attn/aten__mul Unique ID:10029 = n15247_aten::mul{id_64231_47/attn/aten__slice id_64248_47/attn/aten__unsqueeze } , scope=47/attn
   %id_64300_47/attn/hpu__add Unique ID:10031 = n15252_hpu::add{id_64285_47/attn/aten__mul id_64294_47/attn/aten__mul id_64303_47/attn/prim__constant } , scope=47/attn
   %id_64310_47/attn/prim__ListConstruct Unique ID:0 = n15254_prim::ListConstruct{id_64300_47/attn/hpu__add id_64234_47/attn/aten__slice } , scope=47/attn
   %id_64306_47/attn/aten__cat Unique ID:10032 = n15256_aten::cat{id_64310_47/attn/prim__ListConstruct id_64312_47/attn/prim__constant } , scope=47/attn
   %id_64318_47/attn/aten__transpose Unique ID:10034 = n15258_aten::transpose{id_64306_47/attn/aten__cat } , scope=47/attn, dim0=1, dim1=2
   %id_64228_47/attn/prim__constant Unique ID:0 = n15226_prim::constant{} , scope=47/attn, value=-1
   %id_64099_47/attn/norm_q/prim__constant Unique ID:0 = n15178_prim::constant{} , scope=47/attn/norm_q, value=15
   %id_6014_hpu__input Unique ID:1200 = n1201_hpu::input{} 
   %id_64079_47/attn/norm_q/prim__constant Unique ID:0 = n15171_prim::constant{} , scope=47/attn/norm_q, value=1
   %id_64076_47/attn/norm_q/prim__constant Unique ID:0 = n15169_prim::constant{} , scope=47/attn/norm_q, value=True
   %id_64070_47/attn/norm_q/prim__constant Unique ID:0 = n15167_prim::constant{} , scope=47/attn/norm_q, value=2
   %id_64067_47/attn/to_v/prim__constant Unique ID:0 = n15165_prim::constant{} , scope=47/attn/to_v, value=6
   %id_5984_hpu__input Unique ID:1194 = n1195_hpu::input{} 
   %id_64036_47/attn/to_q/aten__linear Unique ID:9981 = n15158_aten::linear{id_64025_47/hpu__add id_5984_hpu__input Uniqueid: 1194 } @2=None, scope=47/attn/to_q
   %id_64048_47/attn/to_v/aten__view Unique ID:9984 = n15164_aten::view{id_64036_47/attn/to_q/aten__linear } , scope=47/attn/to_v, View Size = [1, 15911, 56, 128]
   %id_64060_47/attn/to_v/hpu__cast Unique ID:9987 = n15166_hpu::cast{id_64048_47/attn/to_v/aten__view id_64067_47/attn/to_v/prim__constant } , scope=47/attn/to_v
   %id_64063_47/attn/norm_q/aten__pow Unique ID:9988 = n15168_aten::pow{id_64060_47/attn/to_v/hpu__cast id_64070_47/attn/norm_q/prim__constant } , scope=47/attn/norm_q
   %id_64073_47/attn/norm_q/aten__mean Unique ID:9989 = n15170_aten::mean{id_64063_47/attn/norm_q/aten__pow id_64076_47/attn/norm_q/prim__constant } @3=None, @1=[3], scope=47/attn/norm_q
   %id_64073_47/attn/norm_q/hpu__add_ Unique ID:9989 = n15172_hpu::add_{id_64073_47/attn/norm_q/aten__mean id_23854_token_refiner/0/norm1/hpu__input Uniqueid: 4645 id_64079_47/attn/norm_q/prim__constant } , scope=47/attn/norm_q
   %id_64082_47/attn/norm_q/aten__rsqrt Unique ID:9990 = n15173_aten::rsqrt{id_64073_47/attn/norm_q/hpu__add_ } , scope=47/attn/norm_q
   %id_64086_47/attn/norm_q/aten__mul Unique ID:9991 = n15174_aten::mul{id_64060_47/attn/to_v/hpu__cast id_64082_47/attn/norm_q/aten__rsqrt } , scope=47/attn/norm_q
   %id_64090_47/attn/norm_q/aten__mul Unique ID:9992 = n15175_aten::mul{id_64086_47/attn/norm_q/aten__mul id_6014_hpu__input Uniqueid: 1200 } , scope=47/attn/norm_q
   %id_64097_47/attn/norm_q/hpu__cast Unique ID:9993 = n15179_hpu::cast{id_64090_47/attn/norm_q/aten__mul id_64099_47/attn/norm_q/prim__constant } , scope=47/attn/norm_q
   %id_64150_47/attn/aten__slice Unique ID:10002 = n15224_aten::slice{id_64097_47/attn/norm_q/hpu__cast } , scope=47/attn, dim=3, start=96, end=9223372036854775807, step=1
   %id_64219_47/attn/prim__constant Unique ID:0 = n15222_prim::constant{} , scope=47/attn, value=1
   %id_64174_47/attn/norm_k/prim__constant Unique ID:0 = n15205_prim::constant{} , scope=47/attn/norm_k, value=15
   %id_64170_47/attn/norm_k/hpu__cast Unique ID:10006 = n15206_hpu::cast{id_25419_0/attn/hpu__input Uniqueid: 4638 id_64174_47/attn/norm_k/prim__constant } , scope=47/attn/norm_k
   %id_64172_47/attn/aten__unsqueeze Unique ID:10007 = n15220_aten::unsqueeze{id_64170_47/attn/norm_k/hpu__cast } , scope=47/attn
   %id_64178_47/attn/aten__unsqueeze Unique ID:10008 = n15219_aten::unsqueeze{id_64172_47/attn/aten__unsqueeze } , scope=47/attn
   %id_64200_47/attn/prim__constant Unique ID:0 = n15213_prim::constant{} , scope=47/attn, value=-1
   %id_64147_47/attn/aten__slice Unique ID:10001 = n15211_aten::slice{id_64097_47/attn/norm_q/hpu__cast } , scope=47/attn, dim=3, start=0, end=96, step=1
   %id_64181_47/attn/aten__slice Unique ID:10009 = n15210_aten::slice{id_64147_47/attn/aten__slice } , scope=47/attn, dim=-1, start=0, end=48, step=1
   %id_64147_47/attn/aten__slice Unique ID:10001 = n15208_aten::slice{id_64097_47/attn/norm_q/hpu__cast } , scope=47/attn, dim=3, start=0, end=96, step=1
   %id_64184_47/attn/aten__slice Unique ID:10010 = n15207_aten::slice{id_64147_47/attn/aten__slice } , scope=47/attn, dim=-1, start=48, end=96, step=1
   %id_64187_47/attn/aten__neg Unique ID:10011 = n15209_aten::neg{id_64184_47/attn/aten__slice } , scope=47/attn
   %id_64198_47/attn/prim__ListConstruct Unique ID:0 = n15212_prim::ListConstruct{id_64187_47/attn/aten__neg id_64181_47/attn/aten__slice } , scope=47/attn
   %id_64193_47/attn/aten__cat Unique ID:10012 = n15214_aten::cat{id_64198_47/attn/prim__ListConstruct id_64200_47/attn/prim__constant } , scope=47/attn
   %id_64207_47/attn/aten__mul Unique ID:10014 = n15221_aten::mul{id_64193_47/attn/aten__cat id_64178_47/attn/aten__unsqueeze } , scope=47/attn
   %id_64158_47/attn/norm_k/prim__constant Unique ID:0 = n15201_prim::constant{} , scope=47/attn/norm_k, value=15
   %id_64156_47/attn/norm_k/hpu__cast Unique ID:10003 = n15202_hpu::cast{id_25417_0/attn/hpu__input Uniqueid: 4637 id_64158_47/attn/norm_k/prim__constant } , scope=47/attn/norm_k
   %id_64161_47/attn/aten__unsqueeze Unique ID:10004 = n15217_aten::unsqueeze{id_64156_47/attn/norm_k/hpu__cast } , scope=47/attn
   %id_64164_47/attn/aten__unsqueeze Unique ID:10005 = n15216_aten::unsqueeze{id_64161_47/attn/aten__unsqueeze } , scope=47/attn
   %id_64147_47/attn/aten__slice Unique ID:10001 = n15215_aten::slice{id_64097_47/attn/norm_q/hpu__cast } , scope=47/attn, dim=3, start=0, end=96, step=1
   %id_64203_47/attn/aten__mul Unique ID:10013 = n15218_aten::mul{id_64147_47/attn/aten__slice id_64164_47/attn/aten__unsqueeze } , scope=47/attn
   %id_64216_47/attn/hpu__add Unique ID:10015 = n15223_hpu::add{id_64203_47/attn/aten__mul id_64207_47/attn/aten__mul id_64219_47/attn/prim__constant } , scope=47/attn
   %id_64226_47/attn/prim__ListConstruct Unique ID:0 = n15225_prim::ListConstruct{id_64216_47/attn/hpu__add id_64150_47/attn/aten__slice } , scope=47/attn
   %id_64222_47/attn/aten__cat Unique ID:10016 = n15227_aten::cat{id_64226_47/attn/prim__ListConstruct id_64228_47/attn/prim__constant } , scope=47/attn
   %id_64315_47/attn/aten__transpose Unique ID:10033 = n15257_aten::transpose{id_64222_47/attn/aten__cat } , scope=47/attn, dim0=1, dim1=2
   %id_64324_47/attn/hpu__sdpa_fwd Unique ID:10036, %id_64327_47/attn/hpu__sdpa_fwd Unique ID:10037, %id_64330_47/attn/hpu__sdpa_fwd Unique ID:10038 = n15264_hpu::sdpa_fwd{id_64315_47/attn/aten__transpose id_64318_47/attn/aten__transpose id_64321_47/attn/aten__transpose id_64337_47/attn/prim__constant id_64340_47/attn/prim__constant id_64344_47/attn/prim__constant } @9=left, @8=None, @7=fast, @3=None, scope=47/attn
   %id_64339_47/attn/aten__transpose Unique ID:10039 = n15265_aten::transpose{id_64324_47/attn/hpu__sdpa_fwd } , scope=47/attn, dim0=1, dim1=2
   %id_64349_47/attn/aten__clone Unique ID:10040 = n15267_aten::clone{id_64339_47/attn/aten__transpose id_64356_47/attn/prim__constant } , scope=47/attn
   %id_64353_47/attn/0/aten__view Unique ID:10041 = n15268_aten::view{id_64349_47/attn/aten__clone } , scope=47/attn/0, View Size = [1, 15911, 7168]
   %id_64359_47/attn/0/aten__linear Unique ID:10042 = n15269_aten::linear{id_64353_47/attn/0/aten__view id_6034_hpu__input Uniqueid: 1204 } @2=None, scope=47/attn/0
   %id_64364_47/aten__view Unique ID:10043 = n15274_aten::view{id_64359_47/attn/0/aten__linear } , scope=47, View Size = [1, 15911, 5376]
   %id_64372_47/prim__constant Unique ID:0 = n15272_prim::constant{} , scope=47, value=0
   %id_63932_47/aten__view Unique ID:9962 = n15271_aten::view{id_63928_47/adaln_proj/linear/aten__linear } , scope=47, View Size = [3, 32256]
   %id_63941_47/aten__slice Unique ID:9965 = n15270_aten::slice{id_63932_47/aten__view } , scope=47, dim=-1, start=10752, end=16128, step=1
   %id_64367_47/aten__index_select Unique ID:10044 = n15273_aten::index_select{id_63941_47/aten__slice id_64372_47/prim__constant id_25431_0/attn/hpu__input Uniqueid: 4787 } , scope=47
   %id_64375_47/aten__mul Unique ID:10045 = n15275_aten::mul{id_64367_47/aten__index_select id_64364_47/aten__view } , scope=47
   %id_64380_47/hpu__add Unique ID:10046 = n15277_hpu::add{id_63906_46/hpu__add id_64375_47/aten__mul id_64383_47/prim__constant } , scope=47
   %id_64389_47/hpu__cast Unique ID:10047 = n15281_hpu::cast{id_64380_47/hpu__add id_64391_47/prim__constant } , scope=47
   %id_64394_47/norm2/aten__pow Unique ID:10048 = n15283_aten::pow{id_64389_47/hpu__cast id_64397_47/norm2/prim__constant } , scope=47/norm2
   %id_64400_47/norm2/aten__mean Unique ID:10049 = n15285_aten::mean{id_64394_47/norm2/aten__pow id_64403_47/norm2/prim__constant } @3=None, @1=[2], scope=47/norm2
   %id_64400_47/norm2/hpu__add_ Unique ID:10049 = n15287_hpu::add_{id_64400_47/norm2/aten__mean id_23854_token_refiner/0/norm1/hpu__input Uniqueid: 4645 id_64406_47/norm2/prim__constant } , scope=47/norm2
   %id_64409_47/norm2/aten__rsqrt Unique ID:10050 = n15288_aten::rsqrt{id_64400_47/norm2/hpu__add_ } , scope=47/norm2
   %id_64413_47/norm2/aten__mul Unique ID:10051 = n15289_aten::mul{id_64389_47/hpu__cast id_64409_47/norm2/aten__rsqrt } , scope=47/norm2
   %id_64417_47/norm2/aten__mul Unique ID:10052 = n15290_aten::mul{id_64413_47/norm2/aten__mul id_6044_hpu__input Uniqueid: 1206 } , scope=47/norm2
   %id_64424_47/norm2/hpu__cast Unique ID:10053 = n15294_hpu::cast{id_64417_47/norm2/aten__mul id_64426_47/norm2/prim__constant } , scope=47/norm2
   %id_64443_47/aten__mul Unique ID:10056 = n15304_aten::mul{id_64424_47/norm2/hpu__cast id_64437_47/hpu__add } , scope=47
   %id_64460_47/hpu__add Unique ID:10058 = n15310_hpu::add{id_64443_47/aten__mul id_64454_47/aten__index_select id_64466_47/prim__constant } , scope=47
   %id_64469_47/ff/0/proj/aten__linear Unique ID:10059 = n15311_aten::linear{id_64460_47/hpu__add id_6054_hpu__input Uniqueid: 1208 } @2=None, scope=47/ff/0/proj
   %id_64476_47/ff/0/activation/aten__slice Unique ID:10061 = n15312_aten::slice{id_64469_47/ff/0/proj/aten__linear } , scope=47/ff/0/activation, dim=-1, start=14336, end=28672, step=1
   %id_64479_47/ff/0/activation/aten__silu Unique ID:10062 = n15313_aten::silu{id_64476_47/ff/0/activation/aten__slice } , scope=47/ff/0/activation
   %id_64473_47/ff/0/aten__slice Unique ID:10060 = n15314_aten::slice{id_64469_47/ff/0/proj/aten__linear } , scope=47/ff/0, dim=-1, start=0, end=14336, step=1
   %id_64484_47/ff/0/aten__mul Unique ID:10063 = n15315_aten::mul{id_64473_47/ff/0/aten__slice id_64479_47/ff/0/activation/aten__silu } , scope=47/ff/0
   %id_64489_47/ff/2/aten__view Unique ID:10064 = n15316_aten::view{id_64484_47/ff/0/aten__mul } , scope=47/ff/2, View Size = [1, 15911, 14336]
   %id_64492_47/ff/2/aten__linear Unique ID:10065 = n15317_aten::linear{id_64489_47/ff/2/aten__view id_6064_hpu__input Uniqueid: 1210 } @2=None, scope=47/ff/2
   %id_64505_47/prim__constant Unique ID:0 = n15320_prim::constant{} , scope=47, value=0
   %id_63932_47/aten__view Unique ID:9962 = n15319_aten::view{id_63928_47/adaln_proj/linear/aten__linear } , scope=47, View Size = [3, 32256]
   %id_63950_47/aten__slice Unique ID:9968 = n15318_aten::slice{id_63932_47/aten__view } , scope=47, dim=-1, start=26880, end=32256, step=1
   %id_64497_47/aten__index_select Unique ID:10066 = n15321_aten::index_select{id_63950_47/aten__slice id_64505_47/prim__constant id_25431_0/attn/hpu__input Uniqueid: 4787 } , scope=47
   %id_64502_47/aten__mul Unique ID:10067 = n15322_aten::mul{id_64497_47/aten__index_select id_64492_47/ff/2/aten__linear } , scope=47
   %id_64509_47/hpu__add Unique ID:10068 = n15324_hpu::add{id_64380_47/hpu__add id_64502_47/aten__mul id_64512_47/prim__constant } , scope=47
   %id_6204_hpu__input Unique ID:1238 = n1239_hpu::input{} 
   %id_6194_hpu__input Unique ID:1236 = n1237_hpu::input{} 
   %id_64524_48/adaln_proj/prim__constant Unique ID:0 = n15328_prim::constant{} , scope=48/adaln_proj, value=15
   %id_64515_48/adaln_proj/aten__silu Unique ID:10069 = n15325_aten::silu{id_25429_0/attn/hpu__input Uniqueid: 4784 } , scope=48/adaln_proj
   %id_64522_48/adaln_proj/hpu__cast Unique ID:10070 = n15329_hpu::cast{id_64515_48/adaln_proj/aten__silu id_64524_48/adaln_proj/prim__constant } , scope=48/adaln_proj
   %id_64527_48/adaln_proj/linear/aten__linear Unique ID:10071 = n15330_aten::linear{id_64522_48/adaln_proj/hpu__cast id_6194_hpu__input Uniqueid: 1236 id_6204_hpu__input Uniqueid: 1238 } , scope=48/adaln_proj/linear
   %id_64632_48/prim__constant Unique ID:0 = n15362_prim::constant{} , scope=48, value=1
   %id_64629_48/prim__constant Unique ID:0 = n15360_prim::constant{} , scope=48, value=0
   %id_64531_48/aten__view Unique ID:10072 = n15359_aten::view{id_64527_48/adaln_proj/linear/aten__linear Uniqueid: 10071 } , scope=48, View Size = [3, 32256]
   %id_64534_48/aten__slice Unique ID:10073 = n15358_aten::slice{id_64531_48/aten__view } , scope=48, dim=-1, start=0, end=5376, step=1
   %id_64618_48/aten__index_select Unique ID:10089 = n15361_aten::index_select{id_64534_48/aten__slice id_64629_48/prim__constant id_25431_0/attn/hpu__input Uniqueid: 4787 } , scope=48
   %id_64615_48/prim__constant Unique ID:0 = n15355_prim::constant{} , scope=48, value=1
   %id_64612_48/prim__constant Unique ID:0 = n15353_prim::constant{} , scope=48, value=15
   %id_64606_48/hpu__cast Unique ID:4611686018427388001 = n15354_hpu::cast{id_24725_0/hpu__input Uniqueid: 4806 id_64612_48/prim__constant } , scope=48
   %id_64600_48/prim__constant Unique ID:0 = n15350_prim::constant{} , scope=48, value=0
   %id_64531_48/aten__view Unique ID:10072 = n15349_aten::view{id_64527_48/adaln_proj/linear/aten__linear Uniqueid: 10071 } , scope=48, View Size = [3, 32256]
   %id_64537_48/aten__slice Unique ID:10074 = n15348_aten::slice{id_64531_48/aten__view } , scope=48, dim=-1, start=5376, end=10752, step=1
   %id_64595_48/aten__index_select Unique ID:10086 = n15351_aten::index_select{id_64537_48/aten__slice id_64600_48/prim__constant id_25431_0/attn/hpu__input Uniqueid: 4787 } , scope=48
   %id_64603_48/hpu__add Unique ID:10087 = n15356_hpu::add{id_64595_48/aten__index_select id_64606_48/hpu__cast id_64615_48/prim__constant } , scope=48
   %id_64592_48/norm1/prim__constant Unique ID:0 = n15346_prim::constant{} , scope=48/norm1, value=15
   %id_6094_hpu__input Unique ID:1216 = n1217_hpu::input{} 
   %id_64572_48/norm1/prim__constant Unique ID:0 = n15339_prim::constant{} , scope=48/norm1, value=1
   %id_64569_48/norm1/prim__constant Unique ID:0 = n15337_prim::constant{} , scope=48/norm1, value=True
   %id_64563_48/norm1/prim__constant Unique ID:0 = n15335_prim::constant{} , scope=48/norm1, value=2
   %id_64557_48/adaln_proj/linear/prim__constant Unique ID:0 = n15333_prim::constant{} , scope=48/adaln_proj/linear, value=6
   %id_64555_48/adaln_proj/linear/hpu__cast Unique ID:10079 = n15334_hpu::cast{id_64509_47/hpu__add Uniqueid: 10068 id_64557_48/adaln_proj/linear/prim__constant } , scope=48/adaln_proj/linear
   %id_64560_48/norm1/aten__pow Unique ID:10080 = n15336_aten::pow{id_64555_48/adaln_proj/linear/hpu__cast id_64563_48/norm1/prim__constant } , scope=48/norm1
   %id_64566_48/norm1/aten__mean Unique ID:10081 = n15338_aten::mean{id_64560_48/norm1/aten__pow id_64569_48/norm1/prim__constant } @3=None, @1=[2], scope=48/norm1
   %id_64566_48/norm1/hpu__add_ Unique ID:10081 = n15340_hpu::add_{id_64566_48/norm1/aten__mean id_23854_token_refiner/0/norm1/hpu__input Uniqueid: 4645 id_64572_48/norm1/prim__constant } , scope=48/norm1
   %id_64575_48/norm1/aten__rsqrt Unique ID:10082 = n15341_aten::rsqrt{id_64566_48/norm1/hpu__add_ } , scope=48/norm1
   %id_64579_48/norm1/aten__mul Unique ID:10083 = n15342_aten::mul{id_64555_48/adaln_proj/linear/hpu__cast id_64575_48/norm1/aten__rsqrt } , scope=48/norm1
   %id_64583_48/norm1/aten__mul Unique ID:10084 = n15343_aten::mul{id_64579_48/norm1/aten__mul id_6094_hpu__input Uniqueid: 1216 } , scope=48/norm1
   %id_64590_48/norm1/hpu__cast Unique ID:10085 = n15347_hpu::cast{id_64583_48/norm1/aten__mul id_64592_48/norm1/prim__constant } , scope=48/norm1
   %id_64609_48/aten__mul Unique ID:10088 = n15357_aten::mul{id_64590_48/norm1/hpu__cast id_64603_48/hpu__add } , scope=48
   %id_64624_48/hpu__add Unique ID:10090 = n15363_hpu::add{id_64609_48/aten__mul id_64618_48/aten__index_select id_64632_48/prim__constant } , scope=48
   %id_6154_hpu__input Unique ID:1228 = n1229_hpu::input{} 
   %id_64955_48/attn/prim__constant Unique ID:0 = n15472_prim::constant{} , scope=48/attn, value=0
   %id_64943_48/attn/prim__constant Unique ID:0 = n15469_prim::constant{} , scope=48/attn, value=False
   %id_64941_48/attn/prim__constant Unique ID:0 = n15468_prim::constant{} , scope=48/attn, value=0.088388347648318433
   %id_64939_48/attn/prim__constant Unique ID:0 = n15467_prim::constant{} , scope=48/attn, value=0.
   %id_6124_hpu__input Unique ID:1222 = n1223_hpu::input{} 
   %id_64643_48/attn/to_v/aten__linear Unique ID:10093 = n15366_aten::linear{id_64624_48/hpu__add Uniqueid: 10090 id_6124_hpu__input Uniqueid: 1222 } @2=None, scope=48/attn/to_v
   %id_64653_48/attn/aten__view Unique ID:10096 = n15466_aten::view{id_64643_48/attn/to_v/aten__linear } , scope=48/attn, View Size = [1, 15911, 56, 128]
   %id_64920_48/attn/aten__transpose Unique ID:10145 = n15465_aten::transpose{id_64653_48/attn/aten__view } , scope=48/attn, dim0=1, dim1=2
   %id_64911_48/attn/prim__constant Unique ID:0 = n15461_prim::constant{} , scope=48/attn, value=-1
   %id_64743_48/attn/norm_k/prim__constant Unique ID:0 = n15403_prim::constant{} , scope=48/attn/norm_k, value=15
   %id_6144_hpu__input Unique ID:1226 = n1227_hpu::input{} 
   %id_64723_48/attn/norm_k/prim__constant Unique ID:0 = n15396_prim::constant{} , scope=48/attn/norm_k, value=1
   %id_64720_48/attn/norm_k/prim__constant Unique ID:0 = n15394_prim::constant{} , scope=48/attn/norm_k, value=True
   %id_64714_48/attn/norm_k/prim__constant Unique ID:0 = n15392_prim::constant{} , scope=48/attn/norm_k, value=2
   %id_64711_48/attn/norm_q/prim__constant Unique ID:0 = n15390_prim::constant{} , scope=48/attn/norm_q, value=6
   %id_6114_hpu__input Unique ID:1220 = n1221_hpu::input{} 
   %id_64639_48/attn/to_k/aten__linear Unique ID:10092 = n15365_aten::linear{id_64624_48/hpu__add Uniqueid: 10090 id_6114_hpu__input Uniqueid: 1220 } @2=None, scope=48/attn/to_k
   %id_64650_48/attn/norm_q/aten__view Unique ID:10095 = n15389_aten::view{id_64639_48/attn/to_k/aten__linear } , scope=48/attn/norm_q, View Size = [1, 15911, 56, 128]
   %id_64704_48/attn/norm_q/hpu__cast Unique ID:10104 = n15391_hpu::cast{id_64650_48/attn/norm_q/aten__view id_64711_48/attn/norm_q/prim__constant } , scope=48/attn/norm_q
   %id_64707_48/attn/norm_k/aten__pow Unique ID:10105 = n15393_aten::pow{id_64704_48/attn/norm_q/hpu__cast id_64714_48/attn/norm_k/prim__constant } , scope=48/attn/norm_k
   %id_64717_48/attn/norm_k/aten__mean Unique ID:10106 = n15395_aten::mean{id_64707_48/attn/norm_k/aten__pow id_64720_48/attn/norm_k/prim__constant } @3=None, @1=[3], scope=48/attn/norm_k
   %id_64717_48/attn/norm_k/hpu__add_ Unique ID:10106 = n15397_hpu::add_{id_64717_48/attn/norm_k/aten__mean id_23854_token_refiner/0/norm1/hpu__input Uniqueid: 4645 id_64723_48/attn/norm_k/prim__constant } , scope=48/attn/norm_k
   %id_64725_48/attn/norm_k/aten__rsqrt Unique ID:10107 = n15398_aten::rsqrt{id_64717_48/attn/norm_k/hpu__add_ } , scope=48/attn/norm_k
   %id_64730_48/attn/norm_k/aten__mul Unique ID:10108 = n15399_aten::mul{id_64704_48/attn/norm_q/hpu__cast id_64725_48/attn/norm_k/aten__rsqrt } , scope=48/attn/norm_k
   %id_64734_48/attn/norm_k/aten__mul Unique ID:10109 = n15400_aten::mul{id_64730_48/attn/norm_k/aten__mul id_6144_hpu__input Uniqueid: 1226 } , scope=48/attn/norm_k
   %id_64741_48/attn/norm_k/hpu__cast Unique ID:10110 = n15404_hpu::cast{id_64734_48/attn/norm_k/aten__mul id_64743_48/attn/norm_k/prim__constant } , scope=48/attn/norm_k
   %id_64833_48/attn/aten__slice Unique ID:10128 = n15459_aten::slice{id_64741_48/attn/norm_k/hpu__cast } , scope=48/attn, dim=3, start=96, end=9223372036854775807, step=1
   %id_64902_48/attn/prim__constant Unique ID:0 = n15457_prim::constant{} , scope=48/attn, value=1
   %id_64858_48/attn/prim__constant Unique ID:0 = n15440_prim::constant{} , scope=48/attn, value=15
   %id_64853_48/attn/hpu__cast Unique ID:10132 = n15441_hpu::cast{id_25419_0/attn/hpu__input Uniqueid: 4638 id_64858_48/attn/prim__constant } , scope=48/attn
   %id_64855_48/attn/aten__unsqueeze Unique ID:10133 = n15455_aten::unsqueeze{id_64853_48/attn/hpu__cast } , scope=48/attn
   %id_64861_48/attn/aten__unsqueeze Unique ID:10134 = n15454_aten::unsqueeze{id_64855_48/attn/aten__unsqueeze } , scope=48/attn
   %id_64886_48/attn/prim__constant Unique ID:0 = n15448_prim::constant{} , scope=48/attn, value=-1
   %id_64830_48/attn/aten__slice Unique ID:10127 = n15446_aten::slice{id_64741_48/attn/norm_k/hpu__cast } , scope=48/attn, dim=3, start=0, end=96, step=1
   %id_64864_48/attn/aten__slice Unique ID:10135 = n15445_aten::slice{id_64830_48/attn/aten__slice } , scope=48/attn, dim=-1, start=0, end=48, step=1
   %id_64830_48/attn/aten__slice Unique ID:10127 = n15443_aten::slice{id_64741_48/attn/norm_k/hpu__cast } , scope=48/attn, dim=3, start=0, end=96, step=1
   %id_64867_48/attn/aten__slice Unique ID:10136 = n15442_aten::slice{id_64830_48/attn/aten__slice } , scope=48/attn, dim=-1, start=48, end=96, step=1
   %id_64870_48/attn/aten__neg Unique ID:10137 = n15444_aten::neg{id_64867_48/attn/aten__slice } , scope=48/attn
   %id_64884_48/attn/prim__ListConstruct Unique ID:0 = n15447_prim::ListConstruct{id_64870_48/attn/aten__neg id_64864_48/attn/aten__slice } , scope=48/attn
   %id_64876_48/attn/aten__cat Unique ID:10138 = n15449_aten::cat{id_64884_48/attn/prim__ListConstruct id_64886_48/attn/prim__constant } , scope=48/attn
   %id_64890_48/attn/aten__mul Unique ID:10140 = n15456_aten::mul{id_64876_48/attn/aten__cat id_64861_48/attn/aten__unsqueeze } , scope=48/attn
   %id_64841_48/attn/prim__constant Unique ID:0 = n15436_prim::constant{} , scope=48/attn, value=15
   %id_64839_48/attn/hpu__cast Unique ID:10129 = n15437_hpu::cast{id_25417_0/attn/hpu__input Uniqueid: 4637 id_64841_48/attn/prim__constant } , scope=48/attn
   %id_64843_48/attn/aten__unsqueeze Unique ID:10130 = n15452_aten::unsqueeze{id_64839_48/attn/hpu__cast } , scope=48/attn
   %id_64847_48/attn/aten__unsqueeze Unique ID:10131 = n15451_aten::unsqueeze{id_64843_48/attn/aten__unsqueeze } , scope=48/attn
   %id_64830_48/attn/aten__slice Unique ID:10127 = n15450_aten::slice{id_64741_48/attn/norm_k/hpu__cast } , scope=48/attn, dim=3, start=0, end=96, step=1
   %id_64881_48/attn/aten__mul Unique ID:10139 = n15453_aten::mul{id_64830_48/attn/aten__slice id_64847_48/attn/aten__unsqueeze } , scope=48/attn
   %id_64898_48/attn/hpu__add Unique ID:10141 = n15458_hpu::add{id_64881_48/attn/aten__mul id_64890_48/attn/aten__mul id_64902_48/attn/prim__constant } , scope=48/attn
   %id_64909_48/attn/prim__ListConstruct Unique ID:0 = n15460_prim::ListConstruct{id_64898_48/attn/hpu__add id_64833_48/attn/aten__slice } , scope=48/attn
   %id_64905_48/attn/aten__cat Unique ID:10142 = n15462_aten::cat{id_64909_48/attn/prim__ListConstruct id_64911_48/attn/prim__constant } , scope=48/attn
   %id_64917_48/attn/aten__transpose Unique ID:10144 = n15464_aten::transpose{id_64905_48/attn/aten__cat } , scope=48/attn, dim0=1, dim1=2
   %id_64827_48/attn/prim__constant Unique ID:0 = n15432_prim::constant{} , scope=48/attn, value=-1
   %id_64698_48/attn/norm_q/prim__constant Unique ID:0 = n15384_prim::constant{} , scope=48/attn/norm_q, value=15
   %id_6134_hpu__input Unique ID:1224 = n1225_hpu::input{} 
   %id_64678_48/attn/norm_q/prim__constant Unique ID:0 = n15377_prim::constant{} , scope=48/attn/norm_q, value=1
   %id_64675_48/attn/norm_q/prim__constant Unique ID:0 = n15375_prim::constant{} , scope=48/attn/norm_q, value=True
   %id_64669_48/attn/norm_q/prim__constant Unique ID:0 = n15373_prim::constant{} , scope=48/attn/norm_q, value=2
   %id_64663_48/attn/to_v/prim__constant Unique ID:0 = n15371_prim::constant{} , scope=48/attn/to_v, value=6
   %id_6104_hpu__input Unique ID:1218 = n1219_hpu::input{} 
   %id_64635_48/attn/to_q/aten__linear Unique ID:10091 = n15364_aten::linear{id_64624_48/hpu__add Uniqueid: 10090 id_6104_hpu__input Uniqueid: 1218 } @2=None, scope=48/attn/to_q
   %id_64647_48/attn/to_v/aten__view Unique ID:10094 = n15370_aten::view{id_64635_48/attn/to_q/aten__linear } , scope=48/attn/to_v, View Size = [1, 15911, 56, 128]
   %id_64659_48/attn/to_v/hpu__cast Unique ID:10097 = n15372_hpu::cast{id_64647_48/attn/to_v/aten__view id_64663_48/attn/to_v/prim__constant } , scope=48/attn/to_v
   %id_64666_48/attn/norm_q/aten__pow Unique ID:10098 = n15374_aten::pow{id_64659_48/attn/to_v/hpu__cast id_64669_48/attn/norm_q/prim__constant } , scope=48/attn/norm_q
   %id_64672_48/attn/norm_q/aten__mean Unique ID:10099 = n15376_aten::mean{id_64666_48/attn/norm_q/aten__pow id_64675_48/attn/norm_q/prim__constant } @3=None, @1=[3], scope=48/attn/norm_q
   %id_64672_48/attn/norm_q/hpu__add_ Unique ID:10099 = n15378_hpu::add_{id_64672_48/attn/norm_q/aten__mean id_23854_token_refiner/0/norm1/hpu__input Uniqueid: 4645 id_64678_48/attn/norm_q/prim__constant } , scope=48/attn/norm_q
   %id_64681_48/attn/norm_q/aten__rsqrt Unique ID:10100 = n15379_aten::rsqrt{id_64672_48/attn/norm_q/hpu__add_ } , scope=48/attn/norm_q
   %id_64685_48/attn/norm_q/aten__mul Unique ID:10101 = n15380_aten::mul{id_64659_48/attn/to_v/hpu__cast id_64681_48/attn/norm_q/aten__rsqrt } , scope=48/attn/norm_q
   %id_64689_48/attn/norm_q/aten__mul Unique ID:10102 = n15381_aten::mul{id_64685_48/attn/norm_q/aten__mul id_6134_hpu__input Uniqueid: 1224 } , scope=48/attn/norm_q
   %id_64696_48/attn/norm_q/hpu__cast Unique ID:10103 = n15385_hpu::cast{id_64689_48/attn/norm_q/aten__mul id_64698_48/attn/norm_q/prim__constant } , scope=48/attn/norm_q
   %id_64749_48/attn/aten__slice Unique ID:10112 = n15430_aten::slice{id_64696_48/attn/norm_q/hpu__cast } , scope=48/attn, dim=3, start=96, end=9223372036854775807, step=1
   %id_64818_48/attn/prim__constant Unique ID:0 = n15428_prim::constant{} , scope=48/attn, value=1
   %id_64774_48/attn/norm_k/prim__constant Unique ID:0 = n15411_prim::constant{} , scope=48/attn/norm_k, value=15
   %id_64769_48/attn/norm_k/hpu__cast Unique ID:10116 = n15412_hpu::cast{id_25419_0/attn/hpu__input Uniqueid: 4638 id_64774_48/attn/norm_k/prim__constant } , scope=48/attn/norm_k
   %id_64771_48/attn/aten__unsqueeze Unique ID:10117 = n15426_aten::unsqueeze{id_64769_48/attn/norm_k/hpu__cast } , scope=48/attn
   %id_64777_48/attn/aten__unsqueeze Unique ID:10118 = n15425_aten::unsqueeze{id_64771_48/attn/aten__unsqueeze } , scope=48/attn
   %id_64799_48/attn/prim__constant Unique ID:0 = n15419_prim::constant{} , scope=48/attn, value=-1
   %id_64746_48/attn/aten__slice Unique ID:10111 = n15417_aten::slice{id_64696_48/attn/norm_q/hpu__cast } , scope=48/attn, dim=3, start=0, end=96, step=1
   %id_64780_48/attn/aten__slice Unique ID:10119 = n15416_aten::slice{id_64746_48/attn/aten__slice } , scope=48/attn, dim=-1, start=0, end=48, step=1
   %id_64746_48/attn/aten__slice Unique ID:10111 = n15414_aten::slice{id_64696_48/attn/norm_q/hpu__cast } , scope=48/attn, dim=3, start=0, end=96, step=1
   %id_64783_48/attn/aten__slice Unique ID:10120 = n15413_aten::slice{id_64746_48/attn/aten__slice } , scope=48/attn, dim=-1, start=48, end=96, step=1
   %id_64786_48/attn/aten__neg Unique ID:10121 = n15415_aten::neg{id_64783_48/attn/aten__slice } , scope=48/attn
   %id_64797_48/attn/prim__ListConstruct Unique ID:0 = n15418_prim::ListConstruct{id_64786_48/attn/aten__neg id_64780_48/attn/aten__slice } , scope=48/attn
   %id_64792_48/attn/aten__cat Unique ID:10122 = n15420_aten::cat{id_64797_48/attn/prim__ListConstruct id_64799_48/attn/prim__constant } , scope=48/attn
   %id_64806_48/attn/aten__mul Unique ID:10124 = n15427_aten::mul{id_64792_48/attn/aten__cat id_64777_48/attn/aten__unsqueeze } , scope=48/attn
   %id_64757_48/attn/norm_k/prim__constant Unique ID:0 = n15407_prim::constant{} , scope=48/attn/norm_k, value=15
   %id_64755_48/attn/norm_k/hpu__cast Unique ID:10113 = n15408_hpu::cast{id_25417_0/attn/hpu__input Uniqueid: 4637 id_64757_48/attn/norm_k/prim__constant } , scope=48/attn/norm_k
   %id_64760_48/attn/aten__unsqueeze Unique ID:10114 = n15423_aten::unsqueeze{id_64755_48/attn/norm_k/hpu__cast } , scope=48/attn
   %id_64763_48/attn/aten__unsqueeze Unique ID:10115 = n15422_aten::unsqueeze{id_64760_48/attn/aten__unsqueeze } , scope=48/attn
   %id_64746_48/attn/aten__slice Unique ID:10111 = n15421_aten::slice{id_64696_48/attn/norm_q/hpu__cast } , scope=48/attn, dim=3, start=0, end=96, step=1
   %id_64801_48/attn/aten__mul Unique ID:10123 = n15424_aten::mul{id_64746_48/attn/aten__slice id_64763_48/attn/aten__unsqueeze } , scope=48/attn
   %id_64814_48/attn/hpu__add Unique ID:10125 = n15429_hpu::add{id_64801_48/attn/aten__mul id_64806_48/attn/aten__mul id_64818_48/attn/prim__constant } , scope=48/attn
   %id_64825_48/attn/prim__ListConstruct Unique ID:0 = n15431_prim::ListConstruct{id_64814_48/attn/hpu__add id_64749_48/attn/aten__slice } , scope=48/attn
   %id_64821_48/attn/aten__cat Unique ID:10126 = n15433_aten::cat{id_64825_48/attn/prim__ListConstruct id_64827_48/attn/prim__constant } , scope=48/attn
   %id_64914_48/attn/aten__transpose Unique ID:10143 = n15463_aten::transpose{id_64821_48/attn/aten__cat } , scope=48/attn, dim0=1, dim1=2
   %id_64923_48/attn/hpu__sdpa_fwd Unique ID:10146, %id_64926_48/attn/hpu__sdpa_fwd Unique ID:10147, %id_64929_48/attn/hpu__sdpa_fwd Unique ID:10148 = n15470_hpu::sdpa_fwd{id_64914_48/attn/aten__transpose id_64917_48/attn/aten__transpose id_64920_48/attn/aten__transpose id_64939_48/attn/prim__constant id_64941_48/attn/prim__constant id_64943_48/attn/prim__constant } @9=left, @8=None, @7=fast, @3=None, scope=48/attn
   %id_64934_48/attn/aten__transpose Unique ID:10149 = n15471_aten::transpose{id_64923_48/attn/hpu__sdpa_fwd } , scope=48/attn, dim0=1, dim1=2
   %id_64948_48/attn/aten__clone Unique ID:10150 = n15473_aten::clone{id_64934_48/attn/aten__transpose id_64955_48/attn/prim__constant } , scope=48/attn
   %id_64951_48/attn/0/aten__view Unique ID:10151 = n15474_aten::view{id_64948_48/attn/aten__clone } , scope=48/attn/0, View Size = [1, 15911, 7168]
   %id_64958_48/attn/0/aten__linear Unique ID:10152 = n15475_aten::linear{id_64951_48/attn/0/aten__view id_6154_hpu__input Uniqueid: 1228 } @2=None, scope=48/attn/0
   %id_64982_48/prim__constant Unique ID:0 = n15482_prim::constant{} , scope=48, value=1
   %id_64963_48/aten__view Unique ID:10153 = n15480_aten::view{id_64958_48/attn/0/aten__linear Uniqueid: 10152 } , scope=48, View Size = [1, 15911, 5376]
   %id_64971_48/prim__constant Unique ID:0 = n15478_prim::constant{} , scope=48, value=0
   %id_64531_48/aten__view Unique ID:10072 = n15477_aten::view{id_64527_48/adaln_proj/linear/aten__linear Uniqueid: 10071 } , scope=48, View Size = [3, 32256]
   %id_64540_48/aten__slice Unique ID:10075 = n15476_aten::slice{id_64531_48/aten__view } , scope=48, dim=-1, start=10752, end=16128, step=1
   %id_64966_48/aten__index_select Unique ID:10154 = n15479_aten::index_select{id_64540_48/aten__slice id_64971_48/prim__constant id_25431_0/attn/hpu__input Uniqueid: 4787 } , scope=48
   %id_64974_48/aten__mul Unique ID:10155 = n15481_aten::mul{id_64966_48/aten__index_select id_64963_48/aten__view } , scope=48
   %id_64979_48/hpu__add Unique ID:10156 = n15483_hpu::add{id_64509_47/hpu__add Uniqueid: 10068 id_64974_48/aten__mul id_64982_48/prim__constant } , scope=48
   %id_64990_48/prim__constant Unique ID:0 = n15486_prim::constant{} , scope=48, value=6
   %id_64988_48/hpu__cast Unique ID:10157 = n15487_hpu::cast{id_64979_48/hpu__add Uniqueid: 10156 id_64990_48/prim__constant } , scope=48
}

[Rank:0] Habana exception raised from ValidateSyncInputTensors at hpu_lazy_tensors.cpp:871

Error in block: (denoise.denoise, MiniMaxH3DenoiseStep)
Error details: [Rank:0] FATAL ERROR :: MODULE:PT_BRIDGE Exception in Launch thread...
Check $HABANA_LOGS/ for details[Rank:0] FATAL ERROR :: MODULE:PT_LAZY Error, ValidateSyncInputTensors tensor_data is empty. Tensorid:4787 QueueStatus: ThreadPool m_tasks size: 1 irValue:id_25431_0/attn/hpu__input Uniqueid: 4787 Strided Params Has Value: 0 Failing Graph: IR {
   %id_64512_47/prim__constant Unique ID:0 = n15323_prim::constant{} , scope=47, value=1
   %id_6064_hpu__input Unique ID:1210 = n1211_hpu::input{} 
   %id_6054_hpu__input Unique ID:1208 = n1209_hpu::input{} 
   %id_64466_47/prim__constant Unique ID:0 = n15309_prim::constant{} , scope=47, value=1
   %id_25431_0/attn/hpu__input Unique ID:4787 = n5320_hpu::input{} , scope=0/attn
   %id_64463_47/prim__constant Unique ID:0 = n15307_prim::constant{} , scope=47, value=0
   %id_6084_hpu__input Unique ID:1214 = n1215_hpu::input{} 
   %id_6074_hpu__input Unique ID:1212 = n1213_hpu::input{} 
   %id_63925_47/adaln_proj/prim__constant Unique ID:0 = n15122_prim::constant{} , scope=47/adaln_proj, value=15
   %id_25429_0/attn/hpu__input Unique ID:4784 = n5319_hpu::input{} , scope=0/attn
   %id_63916_47/adaln_proj/aten__silu Unique ID:9959 = n15119_aten::silu{id_25429_0/attn/hpu__input Uniqueid: 4784 } , scope=47/adaln_proj
   %id_63923_47/adaln_proj/hpu__cast Unique ID:9960 = n15123_hpu::cast{id_63916_47/adaln_proj/aten__silu id_63925_47/adaln_proj/prim__constant } , scope=47/adaln_proj
   %id_63928_47/adaln_proj/linear/aten__linear Unique ID:9961 = n15124_aten::linear{id_63923_47/adaln_proj/hpu__cast id_6074_hpu__input Uniqueid: 1212 id_6084_hpu__input Uniqueid: 1214 } , scope=47/adaln_proj/linear
   %id_63932_47/aten__view Unique ID:9962 = n15306_aten::view{id_63928_47/adaln_proj/linear/aten__linear } , scope=47, View Size = [3, 32256]
   %id_63944_47/aten__slice Unique ID:9966 = n15305_aten::slice{id_63932_47/aten__view } , scope=47, dim=-1, start=16128, end=21504, step=1
   %id_64454_47/aten__index_select Unique ID:10057 = n15308_aten::index_select{id_63944_47/aten__slice id_64463_47/prim__constant id_25431_0/attn/hpu__input Uniqueid: 4787 } , scope=47
   %id_64449_47/prim__constant Unique ID:0 = n15302_prim::constant{} , scope=47, value=1
   %id_64446_47/prim__constant Unique ID:0 = n15300_prim::constant{} , scope=47, value=15
   %id_24725_0/hpu__input Unique ID:4806 = n5207_hpu::input{} , scope=0
   %id_64440_47/hpu__cast Unique ID:4611686018427388000 = n15301_hpu::cast{id_24725_0/hpu__input Uniqueid: 4806 id_64446_47/prim__constant } , scope=47
   %id_64434_47/prim__constant Unique ID:0 = n15297_prim::constant{} , scope=47, value=0
   %id_63932_47/aten__view Unique ID:9962 = n15296_aten::view{id_63928_47/adaln_proj/linear/aten__linear } , scope=47, View Size = [3, 32256]
   %id_63947_47/aten__slice Unique ID:9967 = n15295_aten::slice{id_63932_47/aten__view } , scope=47, dim=-1, start=21504, end=26880, step=1
   %id_64429_47/aten__index_select Unique ID:10054 = n15298_aten::index_select{id_63947_47/aten__slice id_64434_47/prim__constant id_25431_0/attn/hpu__input Uniqueid: 4787 } , scope=47
   %id_64437_47/hpu__add Unique ID:10055 = n15303_hpu::add{id_64429_47/aten__index_select id_64440_47/hpu__cast id_64449_47/prim__constant } , scope=47
   %id_64426_47/norm2/prim__constant Unique ID:0 = n15293_prim::constant{} , scope=47/norm2, value=15
   %id_6044_hpu__input Unique ID:1206 = n1207_hpu::input{} 
   %id_64406_47/norm2/prim__constant Unique ID:0 = n15286_prim::constant{} , scope=47/norm2, value=1
   %id_23854_token_refiner/0/norm1/hpu__input Unique ID:4645 = n4916_hpu::input{} , scope=token_refiner/0/norm1
   %id_64403_47/norm2/prim__constant Unique ID:0 = n15284_prim::constant{} , scope=47/norm2, value=True
   %id_64397_47/norm2/prim__constant Unique ID:0 = n15282_prim::constant{} , scope=47/norm2, value=2
   %id_64391_47/prim__constant Unique ID:0 = n15280_prim::constant{} , scope=47, value=6
   %id_64383_47/prim__constant Unique ID:0 = n15276_prim::constant{} , scope=47, value=1
   %id_6034_hpu__input Unique ID:1204 = n1205_hpu::input{} 
   %id_64356_47/attn/prim__constant Unique ID:0 = n15266_prim::constant{} , scope=47/attn, value=0
   %id_64344_47/attn/prim__constant Unique ID:0 = n15263_prim::constant{} , scope=47/attn, value=False
   %id_64340_47/attn/prim__constant Unique ID:0 = n15262_prim::constant{} , scope=47/attn, value=0.088388347648318433
   %id_64337_47/attn/prim__constant Unique ID:0 = n15261_prim::constant{} , scope=47/attn, value=0.
   %id_6004_hpu__input Unique ID:1198 = n1199_hpu::input{} 
   %id_64033_47/prim__constant Unique ID:0 = n15156_prim::constant{} , scope=47, value=1
   %id_64030_47/prim__constant Unique ID:0 = n15154_prim::constant{} , scope=47, value=0
   %id_63932_47/aten__view Unique ID:9962 = n15153_aten::view{id_63928_47/adaln_proj/linear/aten__linear } , scope=47, View Size = [3, 32256]
   %id_63935_47/aten__slice Unique ID:9963 = n15152_aten::slice{id_63932_47/aten__view } , scope=47, dim=-1, start=0, end=5376, step=1
   %id_64019_47/aten__index_select Unique ID:9979 = n15155_aten::index_select{id_63935_47/aten__slice id_64030_47/prim__constant id_25431_0/attn/hpu__input Uniqueid: 4787 } , scope=47
   %id_64016_47/prim__constant Unique ID:0 = n15149_prim::constant{} , scope=47, value=1
   %id_64013_47/prim__constant Unique ID:0 = n15147_prim::constant{} , scope=47, value=15
   %id_64007_47/hpu__cast Unique ID:4611686018427387999 = n15148_hpu::cast{id_24725_0/hpu__input Uniqueid: 4806 id_64013_47/prim__constant } , scope=47
   %id_64001_47/prim__constant Unique ID:0 = n15144_prim::constant{} , scope=47, value=0
   %id_63932_47/aten__view Unique ID:9962 = n15143_aten::view{id_63928_47/adaln_proj/linear/aten__linear } , scope=47, View Size = [3, 32256]
   %id_63938_47/aten__slice Unique ID:9964 = n15142_aten::slice{id_63932_47/aten__view } , scope=47, dim=-1, start=5376, end=10752, step=1
   %id_63996_47/aten__index_select Unique ID:9976 = n15145_aten::index_select{id_63938_47/aten__slice id_64001_47/prim__constant id_25431_0/attn/hpu__input Uniqueid: 4787 } , scope=47
   %id_64004_47/hpu__add Unique ID:9977 = n15150_hpu::add{id_63996_47/aten__index_select id_64007_47/hpu__cast id_64016_47/prim__constant } , scope=47
   %id_63993_47/norm1/prim__constant Unique ID:0 = n15140_prim::constant{} , scope=47/norm1, value=15
   %id_5974_hpu__input Unique ID:1192 = n1193_hpu::input{} 
   %id_63973_47/norm1/prim__constant Unique ID:0 = n15133_prim::constant{} , scope=47/norm1, value=1
   %id_63970_47/norm1/prim__constant Unique ID:0 = n15131_prim::constant{} , scope=47/norm1, value=True
   %id_63964_47/norm1/prim__constant Unique ID:0 = n15129_prim::constant{} , scope=47/norm1, value=2
   %id_63958_47/adaln_proj/linear/prim__constant Unique ID:0 = n15127_prim::constant{} , scope=47/adaln_proj/linear, value=6
   %id_63913_46/prim__constant Unique ID:0 = n15117_prim::constant{} , scope=46, value=1
   %id_5944_hpu__input Unique ID:1186 = n1187_hpu::input{} 
   %id_5934_hpu__input Unique ID:1184 = n1185_hpu::input{} 
   %id_63863_46/prim__constant Unique ID:0 = n15103_prim::constant{} , scope=46, value=1
   %id_63860_46/prim__constant Unique ID:0 = n15101_prim::constant{} , scope=46, value=0
   %id_63625_46/attn/hpu__input Unique ID:9851 = n15020_hpu::input{} , scope=46/attn
   %id_63641_46/aten__view Unique ID:9852 = n15100_aten::view{id_63625_46/attn/hpu__input Uniqueid: 9851 } , scope=46, View Size = [3, 32256]
   %id_62847_46/aten__slice Unique ID:9856 = n15099_aten::slice{id_63641_46/aten__view } , scope=46, dim=-1, start=16128, end=21504, step=1
   %id_63848_46/aten__index_select Unique ID:9947 = n15102_aten::index_select{id_62847_46/aten__slice id_63860_46/prim__constant id_25431_0/attn/hpu__input Uniqueid: 4787 } , scope=46
   %id_63846_46/prim__constant Unique ID:0 = n15096_prim::constant{} , scope=46, value=1
   %id_63843_46/prim__constant Unique ID:0 = n15094_prim::constant{} , scope=46, value=15
   %id_63837_46/hpu__cast Unique ID:4611686018427387998 = n15095_hpu::cast{id_24725_0/hpu__input Uniqueid: 4806 id_63843_46/prim__constant } , scope=46
   %id_63831_46/prim__constant Unique ID:0 = n15091_prim::constant{} , scope=46, value=0
   %id_63641_46/aten__view Unique ID:9852 = n15090_aten::view{id_63625_46/attn/hpu__input Uniqueid: 9851 } , scope=46, View Size = [3, 32256]
   %id_62850_46/aten__slice Unique ID:9857 = n15089_aten::slice{id_63641_46/aten__view } , scope=46, dim=-1, start=21504, end=26880, step=1
   %id_63826_46/aten__index_select Unique ID:9944 = n15092_aten::index_select{id_62850_46/aten__slice id_63831_46/prim__constant id_25431_0/attn/hpu__input Uniqueid: 4787 } , scope=46
   %id_63834_46/hpu__add Unique ID:9945 = n15097_hpu::add{id_63826_46/aten__index_select id_63837_46/hpu__cast id_63846_46/prim__constant } , scope=46
   %id_63823_46/norm2/prim__constant Unique ID:0 = n15087_prim::constant{} , scope=46/norm2, value=15
   %id_5924_hpu__input Unique ID:1182 = n1183_hpu::input{} 
   %id_63803_46/norm2/prim__constant Unique ID:0 = n15080_prim::constant{} , scope=46/norm2, value=1
   %id_63800_46/norm2/prim__constant Unique ID:0 = n15078_prim::constant{} , scope=46/norm2, value=True
   %id_63794_46/norm2/prim__constant Unique ID:0 = n15076_prim::constant{} , scope=46/norm2, value=2
   %id_63788_46/prim__constant Unique ID:0 = n15074_prim::constant{} , scope=46, value=6
   %id_63780_46/prim__constant Unique ID:0 = n15070_prim::constant{} , scope=46, value=1
   %id_5914_hpu__input Unique ID:1180 = n1181_hpu::input{} 
   %id_63751_46/attn/prim__constant Unique ID:0 = n15060_prim::constant{} , scope=46/attn, value=0
   %id_63740_46/attn/prim__constant Unique ID:0 = n15057_prim::constant{} , scope=46/attn, value=False
   %id_63736_46/attn/prim__constant Unique ID:0 = n15056_prim::constant{} , scope=46/attn, value=0.088388347648318433
   %id_63734_46/attn/prim__constant Unique ID:0 = n15055_prim::constant{} , scope=46/attn, value=0.
   %id_63629_46/attn/hpu__input Unique ID:9873 = n15022_hpu::input{} , scope=46/attn
   %id_62957_46/attn/aten__view Unique ID:9876 = n15054_aten::view{id_63629_46/attn/hpu__input Uniqueid: 9873 } , scope=46/attn, View Size = [1, 15911, 56, 128]
   %id_63718_46/attn/aten__transpose Unique ID:9925 = n15053_aten::transpose{id_62957_46/attn/aten__view } , scope=46/attn, dim0=1, dim1=2
   %id_63709_46/attn/prim__constant Unique ID:0 = n15049_prim::constant{} , scope=46/attn, value=-1
   %id_63631_46/attn/hpu__input Unique ID:9890 = n15023_hpu::input{} , scope=46/attn
   %id_63137_46/attn/aten__slice Unique ID:9908 = n15047_aten::slice{id_63631_46/attn/hpu__input Uniqueid: 9890 } , scope=46/attn, dim=3, start=96, end=9223372036854775807, step=1
   %id_63700_46/attn/prim__constant Unique ID:0 = n15045_prim::constant{} , scope=46/attn, value=1
   %id_63637_46/attn/hpu__input Unique ID:9912 = n15026_hpu::input{} , scope=46/attn
   %id_63159_46/attn/aten__unsqueeze Unique ID:9913 = n15043_aten::unsqueeze{id_63637_46/attn/hpu__input Uniqueid: 9912 } , scope=46/attn
   %id_63659_46/attn/aten__unsqueeze Unique ID:9914 = n15042_aten::unsqueeze{id_63159_46/attn/aten__unsqueeze } , scope=46/attn
   %id_63681_46/attn/prim__constant Unique ID:0 = n15036_prim::constant{} , scope=46/attn, value=-1
   %id_63133_46/attn/aten__slice Unique ID:9907 = n15034_aten::slice{id_63631_46/attn/hpu__input Uniqueid: 9890 } , scope=46/attn, dim=3, start=0, end=96, step=1
   %id_63662_46/attn/aten__slice Unique ID:9915 = n15033_aten::slice{id_63133_46/attn/aten__slice } , scope=46/attn, dim=-1, start=0, end=48, step=1
   %id_63133_46/attn/aten__slice Unique ID:9907 = n15031_aten::slice{id_63631_46/attn/hpu__input Uniqueid: 9890 } , scope=46/attn, dim=3, start=0, end=96, step=1
   %id_63665_46/attn/aten__slice Unique ID:9916 = n15030_aten::slice{id_63133_46/attn/aten__slice } , scope=46/attn, dim=-1, start=48, end=96, step=1
   %id_63668_46/attn/aten__neg Unique ID:9917 = n15032_aten::neg{id_63665_46/attn/aten__slice } , scope=46/attn
   %id_63679_46/attn/prim__ListConstruct Unique ID:0 = n15035_prim::ListConstruct{id_63668_46/attn/aten__neg id_63662_46/attn/aten__slice } , scope=46/attn
   %id_63673_46/attn/aten__cat Unique ID:9918 = n15037_aten::cat{id_63679_46/attn/prim__ListConstruct id_63681_46/attn/prim__constant } , scope=46/attn
   %id_63688_46/attn/aten__mul Unique ID:9920 = n15044_aten::mul{id_63673_46/attn/aten__cat id_63659_46/attn/aten__unsqueeze } , scope=46/attn
   %id_63635_46/attn/hpu__input Unique ID:9909 = n15025_hpu::input{} , scope=46/attn
   %id_63145_46/attn/aten__unsqueeze Unique ID:9910 = n15040_aten::unsqueeze{id_63635_46/attn/hpu__input Uniqueid: 9909 } , scope=46/attn
   %id_63151_46/attn/aten__unsqueeze Unique ID:9911 = n15039_aten::unsqueeze{id_63145_46/attn/aten__unsqueeze } , scope=46/attn
   %id_63133_46/attn/aten__slice Unique ID:9907 = n15038_aten::slice{id_63631_46/attn/hpu__input Uniqueid: 9890 } , scope=46/attn, dim=3, start=0, end=96, step=1
   %id_63684_46/attn/aten__mul Unique ID:9919 = n15041_aten::mul{id_63133_46/attn/aten__slice id_63151_46/attn/aten__unsqueeze } , scope=46/attn
   %id_63697_46/attn/hpu__add Unique ID:9921 = n15046_hpu::add{id_63684_46/attn/aten__mul id_63688_46/attn/aten__mul id_63700_46/attn/prim__constant } , scope=46/attn
   %id_63707_46/attn/prim__ListConstruct Unique ID:0 = n15048_prim::ListConstruct{id_63697_46/attn/hpu__add id_63137_46/attn/aten__slice } , scope=46/attn
   %id_63703_46/attn/aten__cat Unique ID:9922 = n15050_aten::cat{id_63707_46/attn/prim__ListConstruct id_63709_46/attn/prim__constant } , scope=46/attn
   %id_63715_46/attn/aten__transpose Unique ID:9924 = n15052_aten::transpose{id_63703_46/attn/aten__cat } , scope=46/attn, dim0=1, dim1=2
   %id_63633_46/attn/hpu__input Unique ID:9906 = n15024_hpu::input{} , scope=46/attn
   %id_63712_46/attn/aten__transpose Unique ID:9923 = n15051_aten::transpose{id_63633_46/attn/hpu__input Uniqueid: 9906 } , scope=46/attn, dim0=1, dim1=2
   %id_63721_46/attn/hpu__sdpa_fwd Unique ID:9926, %id_63724_46/attn/hpu__sdpa_fwd Unique ID:9927, %id_63727_46/attn/hpu__sdpa_fwd Unique ID:9928 = n15058_hpu::sdpa_fwd{id_63712_46/attn/aten__transpose id_63715_46/attn/aten__transpose id_63718_46/attn/aten__transpose id_63734_46/attn/prim__constant id_63736_46/attn/prim__constant id_63740_46/attn/prim__constant } @9=left, @8=None, @7=fast, @3=None, scope=46/attn
   %id_63738_46/attn/aten__transpose Unique ID:9929 = n15059_aten::transpose{id_63721_46/attn/hpu__sdpa_fwd } , scope=46/attn, dim0=1, dim1=2
   %id_63746_46/attn/aten__clone Unique ID:9930 = n15061_aten::clone{id_63738_46/attn/aten__transpose id_63751_46/attn/prim__constant } , scope=46/attn
   %id_63750_46/attn/0/aten__view Unique ID:9931 = n15062_aten::view{id_63746_46/attn/aten__clone } , scope=46/attn/0, View Size = [1, 15911, 7168]
   %id_63756_46/attn/0/aten__linear Unique ID:9932 = n15063_aten::linear{id_63750_46/attn/0/aten__view id_5914_hpu__input Uniqueid: 1180 } @2=None, scope=46/attn/0
   %id_63761_46/aten__view Unique ID:9933 = n15068_aten::view{id_63756_46/attn/0/aten__linear } , scope=46, View Size = [1, 15911, 5376]
   %id_63769_46/prim__constant Unique ID:0 = n15066_prim::constant{} , scope=46, value=0
   %id_63641_46/aten__view Unique ID:9852 = n15065_aten::view{id_63625_46/attn/hpu__input Uniqueid: 9851 } , scope=46, View Size = [3, 32256]
   %id_62844_46/aten__slice Unique ID:9855 = n15064_aten::slice{id_63641_46/aten__view } , scope=46, dim=-1, start=10752, end=16128, step=1
   %id_63764_46/aten__index_select Unique ID:9934 = n15067_aten::index_select{id_62844_46/aten__slice id_63769_46/prim__constant id_25431_0/attn/hpu__input Uniqueid: 4787 } , scope=46
   %id_63772_46/aten__mul Unique ID:9935 = n15069_aten::mul{id_63764_46/aten__index_select id_63761_46/aten__view } , scope=46
   %id_63623_46/attn/hpu__input Unique ID:9848 = n15019_hpu::input{} , scope=46/attn
   %id_63777_46/hpu__add Unique ID:9936 = n15071_hpu::add{id_63623_46/attn/hpu__input Uniqueid: 9848 id_63772_46/aten__mul id_63780_46/prim__constant } , scope=46
   %id_63786_46/hpu__cast Unique ID:9937 = n15075_hpu::cast{id_63777_46/hpu__add id_63788_46/prim__constant } , scope=46
   %id_63791_46/norm2/aten__pow Unique ID:9938 = n15077_aten::pow{id_63786_46/hpu__cast id_63794_46/norm2/prim__constant } , scope=46/norm2
   %id_63797_46/norm2/aten__mean Unique ID:9939 = n15079_aten::mean{id_63791_46/norm2/aten__pow id_63800_46/norm2/prim__constant } @3=None, @1=[2], scope=46/norm2
   %id_63797_46/norm2/hpu__add_ Unique ID:9939 = n15081_hpu::add_{id_63797_46/norm2/aten__mean id_23854_token_refiner/0/norm1/hpu__input Uniqueid: 4645 id_63803_46/norm2/prim__constant } , scope=46/norm2
   %id_63806_46/norm2/aten__rsqrt Unique ID:9940 = n15082_aten::rsqrt{id_63797_46/norm2/hpu__add_ } , scope=46/norm2
   %id_63810_46/norm2/aten__mul Unique ID:9941 = n15083_aten::mul{id_63786_46/hpu__cast id_63806_46/norm2/aten__rsqrt } , scope=46/norm2
   %id_63814_46/norm2/aten__mul Unique ID:9942 = n15084_aten::mul{id_63810_46/norm2/aten__mul id_5924_hpu__input Uniqueid: 1182 } , scope=46/norm2
   %id_63821_46/norm2/hpu__cast Unique ID:9943 = n15088_hpu::cast{id_63814_46/norm2/aten__mul id_63823_46/norm2/prim__constant } , scope=46/norm2
   %id_63840_46/aten__mul Unique ID:9946 = n15098_aten::mul{id_63821_46/norm2/hpu__cast id_63834_46/hpu__add } , scope=46
   %id_63857_46/hpu__add Unique ID:9948 = n15104_hpu::add{id_63840_46/aten__mul id_63848_46/aten__index_select id_63863_46/prim__constant } , scope=46
   %id_63866_46/ff/0/proj/aten__linear Unique ID:9949 = n15105_aten::linear{id_63857_46/hpu__add id_5934_hpu__input Uniqueid: 1184 } @2=None, scope=46/ff/0/proj
   %id_63873_46/ff/0/activation/aten__slice Unique ID:9951 = n15106_aten::slice{id_63866_46/ff/0/proj/aten__linear } , scope=46/ff/0/activation, dim=-1, start=14336, end=28672, step=1
   %id_63876_46/ff/0/activation/aten__silu Unique ID:9952 = n15107_aten::silu{id_63873_46/ff/0/activation/aten__slice } , scope=46/ff/0/activation
   %id_63870_46/ff/0/aten__slice Unique ID:9950 = n15108_aten::slice{id_63866_46/ff/0/proj/aten__linear } , scope=46/ff/0, dim=-1, start=0, end=14336, step=1
   %id_63881_46/ff/0/aten__mul Unique ID:9953 = n15109_aten::mul{id_63870_46/ff/0/aten__slice id_63876_46/ff/0/activation/aten__silu } , scope=46/ff/0
   %id_63886_46/ff/2/aten__view Unique ID:9954 = n15110_aten::view{id_63881_46/ff/0/aten__mul } , scope=46/ff/2, View Size = [1, 15911, 14336]
   %id_63889_46/ff/2/aten__linear Unique ID:9955 = n15111_aten::linear{id_63886_46/ff/2/aten__view id_5944_hpu__input Uniqueid: 1186 } @2=None, scope=46/ff/2
   %id_63902_46/prim__constant Unique ID:0 = n15114_prim::constant{} , scope=46, value=0
   %id_63641_46/aten__view Unique ID:9852 = n15113_aten::view{id_63625_46/attn/hpu__input Uniqueid: 9851 } , scope=46, View Size = [3, 32256]
   %id_62853_46/aten__slice Unique ID:9858 = n15112_aten::slice{id_63641_46/aten__view } , scope=46, dim=-1, start=26880, end=32256, step=1
   %id_63894_46/aten__index_select Unique ID:9956 = n15115_aten::index_select{id_62853_46/aten__slice id_63902_46/prim__constant id_25431_0/attn/hpu__input Uniqueid: 4787 } , scope=46
   %id_63898_46/aten__mul Unique ID:9957 = n15116_aten::mul{id_63894_46/aten__index_select id_63889_46/ff/2/aten__linear } , scope=46
   %id_63906_46/hpu__add Unique ID:9958 = n15118_hpu::add{id_63777_46/hpu__add id_63898_46/aten__mul id_63913_46/prim__constant } , scope=46
   %id_63956_47/adaln_proj/linear/hpu__cast Unique ID:9969 = n15128_hpu::cast{id_63906_46/hpu__add id_63958_47/adaln_proj/linear/prim__constant } , scope=47/adaln_proj/linear
   %id_63961_47/norm1/aten__pow Unique ID:9970 = n15130_aten::pow{id_63956_47/adaln_proj/linear/hpu__cast id_63964_47/norm1/prim__constant } , scope=47/norm1
   %id_63967_47/norm1/aten__mean Unique ID:9971 = n15132_aten::mean{id_63961_47/norm1/aten__pow id_63970_47/norm1/prim__constant } @3=None, @1=[2], scope=47/norm1
   %id_63967_47/norm1/hpu__add_ Unique ID:9971 = n15134_hpu::add_{id_63967_47/norm1/aten__mean id_23854_token_refiner/0/norm1/hpu__input Uniqueid: 4645 id_63973_47/norm1/prim__constant } , scope=47/norm1
   %id_63976_47/norm1/aten__rsqrt Unique ID:9972 = n15135_aten::rsqrt{id_63967_47/norm1/hpu__add_ } , scope=47/norm1
   %id_63980_47/norm1/aten__mul Unique ID:9973 = n15136_aten::mul{id_63956_47/adaln_proj/linear/hpu__cast id_63976_47/norm1/aten__rsqrt } , scope=47/norm1
   %id_63984_47/norm1/aten__mul Unique ID:9974 = n15137_aten::mul{id_63980_47/norm1/aten__mul id_5974_hpu__input Uniqueid: 1192 } , scope=47/norm1
   %id_63991_47/norm1/hpu__cast Unique ID:9975 = n15141_hpu::cast{id_63984_47/norm1/aten__mul id_63993_47/norm1/prim__constant } , scope=47/norm1
   %id_64010_47/aten__mul Unique ID:9978 = n15151_aten::mul{id_63991_47/norm1/hpu__cast id_64004_47/hpu__add } , scope=47
   %id_64025_47/hpu__add Unique ID:9980 = n15157_hpu::add{id_64010_47/aten__mul id_64019_47/aten__index_select id_64033_47/prim__constant } , scope=47
   %id_64044_47/attn/to_v/aten__linear Unique ID:9983 = n15160_aten::linear{id_64025_47/hpu__add id_6004_hpu__input Uniqueid: 1198 } @2=None, scope=47/attn/to_v
   %id_64054_47/attn/aten__view Unique ID:9986 = n15260_aten::view{id_64044_47/attn/to_v/aten__linear } , scope=47/attn, View Size = [1, 15911, 56, 128]
   %id_64321_47/attn/aten__transpose Unique ID:10035 = n15259_aten::transpose{id_64054_47/attn/aten__view } , scope=47/attn, dim0=1, dim1=2
   %id_64312_47/attn/prim__constant Unique ID:0 = n15255_prim::constant{} , scope=47/attn, value=-1
   %id_64144_47/attn/norm_k/prim__constant Unique ID:0 = n15197_prim::constant{} , scope=47/attn/norm_k, value=15
   %id_6024_hpu__input Unique ID:1202 = n1203_hpu::input{} 
   %id_64124_47/attn/norm_k/prim__constant Unique ID:0 = n15190_prim::constant{} , scope=47/attn/norm_k, value=1
   %id_64121_47/attn/norm_k/prim__constant Unique ID:0 = n15188_prim::constant{} , scope=47/attn/norm_k, value=True
   %id_64115_47/attn/norm_k/prim__constant Unique ID:0 = n15186_prim::constant{} , scope=47/attn/norm_k, value=2
   %id_64112_47/attn/norm_q/prim__constant Unique ID:0 = n15184_prim::constant{} , scope=47/attn/norm_q, value=6
   %id_5994_hpu__input Unique ID:1196 = n1197_hpu::input{} 
   %id_64040_47/attn/to_k/aten__linear Unique ID:9982 = n15159_aten::linear{id_64025_47/hpu__add id_5994_hpu__input Uniqueid: 1196 } @2=None, scope=47/attn/to_k
   %id_64051_47/attn/norm_q/aten__view Unique ID:9985 = n15183_aten::view{id_64040_47/attn/to_k/aten__linear } , scope=47/attn/norm_q, View Size = [1, 15911, 56, 128]
   %id_64105_47/attn/norm_q/hpu__cast Unique ID:9994 = n15185_hpu::cast{id_64051_47/attn/norm_q/aten__view id_64112_47/attn/norm_q/prim__constant } , scope=47/attn/norm_q
   %id_64108_47/attn/norm_k/aten__pow Unique ID:9995 = n15187_aten::pow{id_64105_47/attn/norm_q/hpu__cast id_64115_47/attn/norm_k/prim__constant } , scope=47/attn/norm_k
   %id_64118_47/attn/norm_k/aten__mean Unique ID:9996 = n15189_aten::mean{id_64108_47/attn/norm_k/aten__pow id_64121_47/attn/norm_k/prim__constant } @3=None, @1=[3], scope=47/attn/norm_k
   %id_64118_47/attn/norm_k/hpu__add_ Unique ID:9996 = n15191_hpu::add_{id_64118_47/attn/norm_k/aten__mean id_23854_token_refiner/0/norm1/hpu__input Uniqueid: 4645 id_64124_47/attn/norm_k/prim__constant } , scope=47/attn/norm_k
   %id_64127_47/attn/norm_k/aten__rsqrt Unique ID:9997 = n15192_aten::rsqrt{id_64118_47/attn/norm_k/hpu__add_ } , scope=47/attn/norm_k
   %id_64131_47/attn/norm_k/aten__mul Unique ID:9998 = n15193_aten::mul{id_64105_47/attn/norm_q/hpu__cast id_64127_47/attn/norm_k/aten__rsqrt } , scope=47/attn/norm_k
   %id_64135_47/attn/norm_k/aten__mul Unique ID:9999 = n15194_aten::mul{id_64131_47/attn/norm_k/aten__mul id_6024_hpu__input Uniqueid: 1202 } , scope=47/attn/norm_k
   %id_64142_47/attn/norm_k/hpu__cast Unique ID:10000 = n15198_hpu::cast{id_64135_47/attn/norm_k/aten__mul id_64144_47/attn/norm_k/prim__constant } , scope=47/attn/norm_k
   %id_64234_47/attn/aten__slice Unique ID:10018 = n15253_aten::slice{id_64142_47/attn/norm_k/hpu__cast } , scope=47/attn, dim=3, start=96, end=9223372036854775807, step=1
   %id_64303_47/attn/prim__constant Unique ID:0 = n15251_prim::constant{} , scope=47/attn, value=1
   %id_64259_47/attn/prim__constant Unique ID:0 = n15234_prim::constant{} , scope=47/attn, value=15
   %id_25419_0/attn/hpu__input Unique ID:4638 = n5314_hpu::input{} , scope=0/attn
   %id_64254_47/attn/hpu__cast Unique ID:10022 = n15235_hpu::cast{id_25419_0/attn/hpu__input Uniqueid: 4638 id_64259_47/attn/prim__constant } , scope=47/attn
   %id_64256_47/attn/aten__unsqueeze Unique ID:10023 = n15249_aten::unsqueeze{id_64254_47/attn/hpu__cast } , scope=47/attn
   %id_64262_47/attn/aten__unsqueeze Unique ID:10024 = n15248_aten::unsqueeze{id_64256_47/attn/aten__unsqueeze } , scope=47/attn
   %id_64284_47/attn/prim__constant Unique ID:0 = n15242_prim::constant{} , scope=47/attn, value=-1
   %id_64231_47/attn/aten__slice Unique ID:10017 = n15240_aten::slice{id_64142_47/attn/norm_k/hpu__cast } , scope=47/attn, dim=3, start=0, end=96, step=1
   %id_64265_47/attn/aten__slice Unique ID:10025 = n15239_aten::slice{id_64231_47/attn/aten__slice } , scope=47/attn, dim=-1, start=0, end=48, step=1
   %id_64231_47/attn/aten__slice Unique ID:10017 = n15237_aten::slice{id_64142_47/attn/norm_k/hpu__cast } , scope=47/attn, dim=3, start=0, end=96, step=1
   %id_64268_47/attn/aten__slice Unique ID:10026 = n15236_aten::slice{id_64231_47/attn/aten__slice } , scope=47/attn, dim=-1, start=48, end=96, step=1
   %id_64271_47/attn/aten__neg Unique ID:10027 = n15238_aten::neg{id_64268_47/attn/aten__slice } , scope=47/attn
   %id_64282_47/attn/prim__ListConstruct Unique ID:0 = n15241_prim::ListConstruct{id_64271_47/attn/aten__neg id_64265_47/attn/aten__slice } , scope=47/attn
   %id_64277_47/attn/aten__cat Unique ID:10028 = n15243_aten::cat{id_64282_47/attn/prim__ListConstruct id_64284_47/attn/prim__constant } , scope=47/attn
   %id_64294_47/attn/aten__mul Unique ID:10030 = n15250_aten::mul{id_64277_47/attn/aten__cat id_64262_47/attn/aten__unsqueeze } , scope=47/attn
   %id_64243_47/attn/prim__constant Unique ID:0 = n15230_prim::constant{} , scope=47/attn, value=15
   %id_25417_0/attn/hpu__input Unique ID:4637 = n5313_hpu::input{} , scope=0/attn
   %id_64240_47/attn/hpu__cast Unique ID:10019 = n15231_hpu::cast{id_25417_0/attn/hpu__input Uniqueid: 4637 id_64243_47/attn/prim__constant } , scope=47/attn
   %id_64242_47/attn/aten__unsqueeze Unique ID:10020 = n15246_aten::unsqueeze{id_64240_47/attn/hpu__cast } , scope=47/attn
   %id_64248_47/attn/aten__unsqueeze Unique ID:10021 = n15245_aten::unsqueeze{id_64242_47/attn/aten__unsqueeze } , scope=47/attn
   %id_64231_47/attn/aten__slice Unique ID:10017 = n15244_aten::slice{id_64142_47/attn/norm_k/hpu__cast } , scope=47/attn, dim=3, start=0, end=96, step=1
   %id_64285_47/attn/aten__mul Unique ID:10029 = n15247_aten::mul{id_64231_47/attn/aten__slice id_64248_47/attn/aten__unsqueeze } , scope=47/attn
   %id_64300_47/attn/hpu__add Unique ID:10031 = n15252_hpu::add{id_64285_47/attn/aten__mul id_64294_47/attn/aten__mul id_64303_47/attn/prim__constant } , scope=47/attn
   %id_64310_47/attn/prim__ListConstruct Unique ID:0 = n15254_prim::ListConstruct{id_64300_47/attn/hpu__add id_64234_47/attn/aten__slice } , scope=47/attn
   %id_64306_47/attn/aten__cat Unique ID:10032 = n15256_aten::cat{id_64310_47/attn/prim__ListConstruct id_64312_47/attn/prim__constant } , scope=47/attn
   %id_64318_47/attn/aten__transpose Unique ID:10034 = n15258_aten::transpose{id_64306_47/attn/aten__cat } , scope=47/attn, dim0=1, dim1=2
   %id_64228_47/attn/prim__constant Unique ID:0 = n15226_prim::constant{} , scope=47/attn, value=-1
   %id_64099_47/attn/norm_q/prim__constant Unique ID:0 = n15178_prim::constant{} , scope=47/attn/norm_q, value=15
   %id_6014_hpu__input Unique ID:1200 = n1201_hpu::input{} 
   %id_64079_47/attn/norm_q/prim__constant Unique ID:0 = n15171_prim::constant{} , scope=47/attn/norm_q, value=1
   %id_64076_47/attn/norm_q/prim__constant Unique ID:0 = n15169_prim::constant{} , scope=47/attn/norm_q, value=True
   %id_64070_47/attn/norm_q/prim__constant Unique ID:0 = n15167_prim::constant{} , scope=47/attn/norm_q, value=2
   %id_64067_47/attn/to_v/prim__constant Unique ID:0 = n15165_prim::constant{} , scope=47/attn/to_v, value=6
   %id_5984_hpu__input Unique ID:1194 = n1195_hpu::input{} 
   %id_64036_47/attn/to_q/aten__linear Unique ID:9981 = n15158_aten::linear{id_64025_47/hpu__add id_5984_hpu__input Uniqueid: 1194 } @2=None, scope=47/attn/to_q
   %id_64048_47/attn/to_v/aten__view Unique ID:9984 = n15164_aten::view{id_64036_47/attn/to_q/aten__linear } , scope=47/attn/to_v, View Size = [1, 15911, 56, 128]
   %id_64060_47/attn/to_v/hpu__cast Unique ID:9987 = n15166_hpu::cast{id_64048_47/attn/to_v/aten__view id_64067_47/attn/to_v/prim__constant } , scope=47/attn/to_v
   %id_64063_47/attn/norm_q/aten__pow Unique ID:9988 = n15168_aten::pow{id_64060_47/attn/to_v/hpu__cast id_64070_47/attn/norm_q/prim__constant } , scope=47/attn/norm_q
   %id_64073_47/attn/norm_q/aten__mean Unique ID:9989 = n15170_aten::mean{id_64063_47/attn/norm_q/aten__pow id_64076_47/attn/norm_q/prim__constant } @3=None, @1=[3], scope=47/attn/norm_q
   %id_64073_47/attn/norm_q/hpu__add_ Unique ID:9989 = n15172_hpu::add_{id_64073_47/attn/norm_q/aten__mean id_23854_token_refiner/0/norm1/hpu__input Uniqueid: 4645 id_64079_47/attn/norm_q/prim__constant } , scope=47/attn/norm_q
   %id_64082_47/attn/norm_q/aten__rsqrt Unique ID:9990 = n15173_aten::rsqrt{id_64073_47/attn/norm_q/hpu__add_ } , scope=47/attn/norm_q
   %id_64086_47/attn/norm_q/aten__mul Unique ID:9991 = n15174_aten::mul{id_64060_47/attn/to_v/hpu__cast id_64082_47/attn/norm_q/aten__rsqrt } , scope=47/attn/norm_q
   %id_64090_47/attn/norm_q/aten__mul Unique ID:9992 = n15175_aten::mul{id_64086_47/attn/norm_q/aten__mul id_6014_hpu__input Uniqueid: 1200 } , scope=47/attn/norm_q
   %id_64097_47/attn/norm_q/hpu__cast Unique ID:9993 = n15179_hpu::cast{id_64090_47/attn/norm_q/aten__mul id_64099_47/attn/norm_q/prim__constant } , scope=47/attn/norm_q
   %id_64150_47/attn/aten__slice Unique ID:10002 = n15224_aten::slice{id_64097_47/attn/norm_q/hpu__cast } , scope=47/attn, dim=3, start=96, end=9223372036854775807, step=1
   %id_64219_47/attn/prim__constant Unique ID:0 = n15222_prim::constant{} , scope=47/attn, value=1
   %id_64174_47/attn/norm_k/prim__constant Unique ID:0 = n15205_prim::constant{} , scope=47/attn/norm_k, value=15
   %id_64170_47/attn/norm_k/hpu__cast Unique ID:10006 = n15206_hpu::cast{id_25419_0/attn/hpu__input Uniqueid: 4638 id_64174_47/attn/norm_k/prim__constant } , scope=47/attn/norm_k
   %id_64172_47/attn/aten__unsqueeze Unique ID:10007 = n15220_aten::unsqueeze{id_64170_47/attn/norm_k/hpu__cast } , scope=47/attn
   %id_64178_47/attn/aten__unsqueeze Unique ID:10008 = n15219_aten::unsqueeze{id_64172_47/attn/aten__unsqueeze } , scope=47/attn
   %id_64200_47/attn/prim__constant Unique ID:0 = n15213_prim::constant{} , scope=47/attn, value=-1
   %id_64147_47/attn/aten__slice Unique ID:10001 = n15211_aten::slice{id_64097_47/attn/norm_q/hpu__cast } , scope=47/attn, dim=3, start=0, end=96, step=1
   %id_64181_47/attn/aten__slice Unique ID:10009 = n15210_aten::slice{id_64147_47/attn/aten__slice } , scope=47/attn, dim=-1, start=0, end=48, step=1
   %id_64147_47/attn/aten__slice Unique ID:10001 = n15208_aten::slice{id_64097_47/attn/norm_q/hpu__cast } , scope=47/attn, dim=3, start=0, end=96, step=1
   %id_64184_47/attn/aten__slice Unique ID:10010 = n15207_aten::slice{id_64147_47/attn/aten__slice } , scope=47/attn, dim=-1, start=48, end=96, step=1
   %id_64187_47/attn/aten__neg Unique ID:10011 = n15209_aten::neg{id_64184_47/attn/aten__slice } , scope=47/attn
   %id_64198_47/attn/prim__ListConstruct Unique ID:0 = n15212_prim::ListConstruct{id_64187_47/attn/aten__neg id_64181_47/attn/aten__slice } , scope=47/attn
   %id_64193_47/attn/aten__cat Unique ID:10012 = n15214_aten::cat{id_64198_47/attn/prim__ListConstruct id_64200_47/attn/prim__constant } , scope=47/attn
   %id_64207_47/attn/aten__mul Unique ID:10014 = n15221_aten::mul{id_64193_47/attn/aten__cat id_64178_47/attn/aten__unsqueeze } , scope=47/attn
   %id_64158_47/attn/norm_k/prim__constant Unique ID:0 = n15201_prim::constant{} , scope=47/attn/norm_k, value=15
   %id_64156_47/attn/norm_k/hpu__cast Unique ID:10003 = n15202_hpu::cast{id_25417_0/attn/hpu__input Uniqueid: 4637 id_64158_47/attn/norm_k/prim__constant } , scope=47/attn/norm_k
   %id_64161_47/attn/aten__unsqueeze Unique ID:10004 = n15217_aten::unsqueeze{id_64156_47/attn/norm_k/hpu__cast } , scope=47/attn
   %id_64164_47/attn/aten__unsqueeze Unique ID:10005 = n15216_aten::unsqueeze{id_64161_47/attn/aten__unsqueeze } , scope=47/attn
   %id_64147_47/attn/aten__slice Unique ID:10001 = n15215_aten::slice{id_64097_47/attn/norm_q/hpu__cast } , scope=47/attn, dim=3, start=0, end=96, step=1
   %id_64203_47/attn/aten__mul Unique ID:10013 = n15218_aten::mul{id_64147_47/attn/aten__slice id_64164_47/attn/aten__unsqueeze } , scope=47/attn
   %id_64216_47/attn/hpu__add Unique ID:10015 = n15223_hpu::add{id_64203_47/attn/aten__mul id_64207_47/attn/aten__mul id_64219_47/attn/prim__constant } , scope=47/attn
   %id_64226_47/attn/prim__ListConstruct Unique ID:0 = n15225_prim::ListConstruct{id_64216_47/attn/hpu__add id_64150_47/attn/aten__slice } , scope=47/attn
   %id_64222_47/attn/aten__cat Unique ID:10016 = n15227_aten::cat{id_64226_47/attn/prim__ListConstruct id_64228_47/attn/prim__constant } , scope=47/attn
   %id_64315_47/attn/aten__transpose Unique ID:10033 = n15257_aten::transpose{id_64222_47/attn/aten__cat } , scope=47/attn, dim0=1, dim1=2
   %id_64324_47/attn/hpu__sdpa_fwd Unique ID:10036, %id_64327_47/attn/hpu__sdpa_fwd Unique ID:10037, %id_64330_47/attn/hpu__sdpa_fwd Unique ID:10038 = n15264_hpu::sdpa_fwd{id_64315_47/attn/aten__transpose id_64318_47/attn/aten__transpose id_64321_47/attn/aten__transpose id_64337_47/attn/prim__constant id_64340_47/attn/prim__constant id_64344_47/attn/prim__constant } @9=left, @8=None, @7=fast, @3=None, scope=47/attn
   %id_64339_47/attn/aten__transpose Unique ID:10039 = n15265_aten::transpose{id_64324_47/attn/hpu__sdpa_fwd } , scope=47/attn, dim0=1, dim1=2
   %id_64349_47/attn/aten__clone Unique ID:10040 = n15267_aten::clone{id_64339_47/attn/aten__transpose id_64356_47/attn/prim__constant } , scope=47/attn
   %id_64353_47/attn/0/aten__view Unique ID:10041 = n15268_aten::view{id_64349_47/attn/aten__clone } , scope=47/attn/0, View Size = [1, 15911, 7168]
   %id_64359_47/attn/0/aten__linear Unique ID:10042 = n15269_aten::linear{id_64353_47/attn/0/aten__view id_6034_hpu__input Uniqueid: 1204 } @2=None, scope=47/attn/0
   %id_64364_47/aten__view Unique ID:10043 = n15274_aten::view{id_64359_47/attn/0/aten__linear } , scope=47, View Size = [1, 15911, 5376]
   %id_64372_47/prim__constant Unique ID:0 = n15272_prim::constant{} , scope=47, value=0
   %id_63932_47/aten__view Unique ID:9962 = n15271_aten::view{id_63928_47/adaln_proj/linear/aten__linear } , scope=47, View Size = [3, 32256]
   %id_63941_47/aten__slice Unique ID:9965 = n15270_aten::slice{id_63932_47/aten__view } , scope=47, dim=-1, start=10752, end=16128, step=1
   %id_64367_47/aten__index_select Unique ID:10044 = n15273_aten::index_select{id_63941_47/aten__slice id_64372_47/prim__constant id_25431_0/attn/hpu__input Uniqueid: 4787 } , scope=47
   %id_64375_47/aten__mul Unique ID:10045 = n15275_aten::mul{id_64367_47/aten__index_select id_64364_47/aten__view } , scope=47
   %id_64380_47/hpu__add Unique ID:10046 = n15277_hpu::add{id_63906_46/hpu__add id_64375_47/aten__mul id_64383_47/prim__constant } , scope=47
   %id_64389_47/hpu__cast Unique ID:10047 = n15281_hpu::cast{id_64380_47/hpu__add id_64391_47/prim__constant } , scope=47
   %id_64394_47/norm2/aten__pow Unique ID:10048 = n15283_aten::pow{id_64389_47/hpu__cast id_64397_47/norm2/prim__constant } , scope=47/norm2
   %id_64400_47/norm2/aten__mean Unique ID:10049 = n15285_aten::mean{id_64394_47/norm2/aten__pow id_64403_47/norm2/prim__constant } @3=None, @1=[2], scope=47/norm2
   %id_64400_47/norm2/hpu__add_ Unique ID:10049 = n15287_hpu::add_{id_64400_47/norm2/aten__mean id_23854_token_refiner/0/norm1/hpu__input Uniqueid: 4645 id_64406_47/norm2/prim__constant } , scope=47/norm2
   %id_64409_47/norm2/aten__rsqrt Unique ID:10050 = n15288_aten::rsqrt{id_64400_47/norm2/hpu__add_ } , scope=47/norm2
   %id_64413_47/norm2/aten__mul Unique ID:10051 = n15289_aten::mul{id_64389_47/hpu__cast id_64409_47/norm2/aten__rsqrt } , scope=47/norm2
   %id_64417_47/norm2/aten__mul Unique ID:10052 = n15290_aten::mul{id_64413_47/norm2/aten__mul id_6044_hpu__input Uniqueid: 1206 } , scope=47/norm2
   %id_64424_47/norm2/hpu__cast Unique ID:10053 = n15294_hpu::cast{id_64417_47/norm2/aten__mul id_64426_47/norm2/prim__constant } , scope=47/norm2
   %id_64443_47/aten__mul Unique ID:10056 = n15304_aten::mul{id_64424_47/norm2/hpu__cast id_64437_47/hpu__add } , scope=47
   %id_64460_47/hpu__add Unique ID:10058 = n15310_hpu::add{id_64443_47/aten__mul id_64454_47/aten__index_select id_64466_47/prim__constant } , scope=47
   %id_64469_47/ff/0/proj/aten__linear Unique ID:10059 = n15311_aten::linear{id_64460_47/hpu__add id_6054_hpu__input Uniqueid: 1208 } @2=None, scope=47/ff/0/proj
   %id_64476_47/ff/0/activation/aten__slice Unique ID:10061 = n15312_aten::slice{id_64469_47/ff/0/proj/aten__linear } , scope=47/ff/0/activation, dim=-1, start=14336, end=28672, step=1
   %id_64479_47/ff/0/activation/aten__silu Unique ID:10062 = n15313_aten::silu{id_64476_47/ff/0/activation/aten__slice } , scope=47/ff/0/activation
   %id_64473_47/ff/0/aten__slice Unique ID:10060 = n15314_aten::slice{id_64469_47/ff/0/proj/aten__linear } , scope=47/ff/0, dim=-1, start=0, end=14336, step=1
   %id_64484_47/ff/0/aten__mul Unique ID:10063 = n15315_aten::mul{id_64473_47/ff/0/aten__slice id_64479_47/ff/0/activation/aten__silu } , scope=47/ff/0
   %id_64489_47/ff/2/aten__view Unique ID:10064 = n15316_aten::view{id_64484_47/ff/0/aten__mul } , scope=47/ff/2, View Size = [1, 15911, 14336]
   %id_64492_47/ff/2/aten__linear Unique ID:10065 = n15317_aten::linear{id_64489_47/ff/2/aten__view id_6064_hpu__input Uniqueid: 1210 } @2=None, scope=47/ff/2
   %id_64505_47/prim__constant Unique ID:0 = n15320_prim::constant{} , scope=47, value=0
   %id_63932_47/aten__view Unique ID:9962 = n15319_aten::view{id_63928_47/adaln_proj/linear/aten__linear } , scope=47, View Size = [3, 32256]
   %id_63950_47/aten__slice Unique ID:9968 = n15318_aten::slice{id_63932_47/aten__view } , scope=47, dim=-1, start=26880, end=32256, step=1
   %id_64497_47/aten__index_select Unique ID:10066 = n15321_aten::index_select{id_63950_47/aten__slice id_64505_47/prim__constant id_25431_0/attn/hpu__input Uniqueid: 4787 } , scope=47
   %id_64502_47/aten__mul Unique ID:10067 = n15322_aten::mul{id_64497_47/aten__index_select id_64492_47/ff/2/aten__linear } , scope=47
   %id_64509_47/hpu__add Unique ID:10068 = n15324_hpu::add{id_64380_47/hpu__add id_64502_47/aten__mul id_64512_47/prim__constant } , scope=47
   %id_6204_hpu__input Unique ID:1238 = n1239_hpu::input{} 
   %id_6194_hpu__input Unique ID:1236 = n1237_hpu::input{} 
   %id_64524_48/adaln_proj/prim__constant Unique ID:0 = n15328_prim::constant{} , scope=48/adaln_proj, value=15
   %id_64515_48/adaln_proj/aten__silu Unique ID:10069 = n15325_aten::silu{id_25429_0/attn/hpu__input Uniqueid: 4784 } , scope=48/adaln_proj
   %id_64522_48/adaln_proj/hpu__cast Unique ID:10070 = n15329_hpu::cast{id_64515_48/adaln_proj/aten__silu id_64524_48/adaln_proj/prim__constant } , scope=48/adaln_proj
   %id_64527_48/adaln_proj/linear/aten__linear Unique ID:10071 = n15330_aten::linear{id_64522_48/adaln_proj/hpu__cast id_6194_hpu__input Uniqueid: 1236 id_6204_hpu__input Uniqueid: 1238 } , scope=48/adaln_proj/linear
   %id_64632_48/prim__constant Unique ID:0 = n15362_prim::constant{} , scope=48, value=1
   %id_64629_48/prim__constant Unique ID:0 = n15360_prim::constant{} , scope=48, value=0
   %id_64531_48/aten__view Unique ID:10072 = n15359_aten::view{id_64527_48/adaln_proj/linear/aten__linear Uniqueid: 10071 } , scope=48, View Size = [3, 32256]
   %id_64534_48/aten__slice Unique ID:10073 = n15358_aten::slice{id_64531_48/aten__view } , scope=48, dim=-1, start=0, end=5376, step=1
   %id_64618_48/aten__index_select Unique ID:10089 = n15361_aten::index_select{id_64534_48/aten__slice id_64629_48/prim__constant id_25431_0/attn/hpu__input Uniqueid: 4787 } , scope=48
   %id_64615_48/prim__constant Unique ID:0 = n15355_prim::constant{} , scope=48, value=1
   %id_64612_48/prim__constant Unique ID:0 = n15353_prim::constant{} , scope=48, value=15
   %id_64606_48/hpu__cast Unique ID:4611686018427388001 = n15354_hpu::cast{id_24725_0/hpu__input Uniqueid: 4806 id_64612_48/prim__constant } , scope=48
   %id_64600_48/prim__constant Unique ID:0 = n15350_prim::constant{} , scope=48, value=0
   %id_64531_48/aten__view Unique ID:10072 = n15349_aten::view{id_64527_48/adaln_proj/linear/aten__linear Uniqueid: 10071 } , scope=48, View Size = [3, 32256]
   %id_64537_48/aten__slice Unique ID:10074 = n15348_aten::slice{id_64531_48/aten__view } , scope=48, dim=-1, start=5376, end=10752, step=1
   %id_64595_48/aten__index_select Unique ID:10086 = n15351_aten::index_select{id_64537_48/aten__slice id_64600_48/prim__constant id_25431_0/attn/hpu__input Uniqueid: 4787 } , scope=48
   %id_64603_48/hpu__add Unique ID:10087 = n15356_hpu::add{id_64595_48/aten__index_select id_64606_48/hpu__cast id_64615_48/prim__constant } , scope=48
   %id_64592_48/norm1/prim__constant Unique ID:0 = n15346_prim::constant{} , scope=48/norm1, value=15
   %id_6094_hpu__input Unique ID:1216 = n1217_hpu::input{} 
   %id_64572_48/norm1/prim__constant Unique ID:0 = n15339_prim::constant{} , scope=48/norm1, value=1
   %id_64569_48/norm1/prim__constant Unique ID:0 = n15337_prim::constant{} , scope=48/norm1, value=True
   %id_64563_48/norm1/prim__constant Unique ID:0 = n15335_prim::constant{} , scope=48/norm1, value=2
   %id_64557_48/adaln_proj/linear/prim__constant Unique ID:0 = n15333_prim::constant{} , scope=48/adaln_proj/linear, value=6
   %id_64555_48/adaln_proj/linear/hpu__cast Unique ID:10079 = n15334_hpu::cast{id_64509_47/hpu__add Uniqueid: 10068 id_64557_48/adaln_proj/linear/prim__constant } , scope=48/adaln_proj/linear
   %id_64560_48/norm1/aten__pow Unique ID:10080 = n15336_aten::pow{id_64555_48/adaln_proj/linear/hpu__cast id_64563_48/norm1/prim__constant } , scope=48/norm1
   %id_64566_48/norm1/aten__mean Unique ID:10081 = n15338_aten::mean{id_64560_48/norm1/aten__pow id_64569_48/norm1/prim__constant } @3=None, @1=[2], scope=48/norm1
   %id_64566_48/norm1/hpu__add_ Unique ID:10081 = n15340_hpu::add_{id_64566_48/norm1/aten__mean id_23854_token_refiner/0/norm1/hpu__input Uniqueid: 4645 id_64572_48/norm1/prim__constant } , scope=48/norm1
   %id_64575_48/norm1/aten__rsqrt Unique ID:10082 = n15341_aten::rsqrt{id_64566_48/norm1/hpu__add_ } , scope=48/norm1
   %id_64579_48/norm1/aten__mul Unique ID:10083 = n15342_aten::mul{id_64555_48/adaln_proj/linear/hpu__cast id_64575_48/norm1/aten__rsqrt } , scope=48/norm1
   %id_64583_48/norm1/aten__mul Unique ID:10084 = n15343_aten::mul{id_64579_48/norm1/aten__mul id_6094_hpu__input Uniqueid: 1216 } , scope=48/norm1
   %id_64590_48/norm1/hpu__cast Unique ID:10085 = n15347_hpu::cast{id_64583_48/norm1/aten__mul id_64592_48/norm1/prim__constant } , scope=48/norm1
   %id_64609_48/aten__mul Unique ID:10088 = n15357_aten::mul{id_64590_48/norm1/hpu__cast id_64603_48/hpu__add } , scope=48
   %id_64624_48/hpu__add Unique ID:10090 = n15363_hpu::add{id_64609_48/aten__mul id_64618_48/aten__index_select id_64632_48/prim__constant } , scope=48
   %id_6154_hpu__input Unique ID:1228 = n1229_hpu::input{} 
   %id_64955_48/attn/prim__constant Unique ID:0 = n15472_prim::constant{} , scope=48/attn, value=0
   %id_64943_48/attn/prim__constant Unique ID:0 = n15469_prim::constant{} , scope=48/attn, value=False
   %id_64941_48/attn/prim__constant Unique ID:0 = n15468_prim::constant{} , scope=48/attn, value=0.088388347648318433
   %id_64939_48/attn/prim__constant Unique ID:0 = n15467_prim::constant{} , scope=48/attn, value=0.
   %id_6124_hpu__input Unique ID:1222 = n1223_hpu::input{} 
   %id_64643_48/attn/to_v/aten__linear Unique ID:10093 = n15366_aten::linear{id_64624_48/hpu__add Uniqueid: 10090 id_6124_hpu__input Uniqueid: 1222 } @2=None, scope=48/attn/to_v
   %id_64653_48/attn/aten__view Unique ID:10096 = n15466_aten::view{id_64643_48/attn/to_v/aten__linear } , scope=48/attn, View Size = [1, 15911, 56, 128]
   %id_64920_48/attn/aten__transpose Unique ID:10145 = n15465_aten::transpose{id_64653_48/attn/aten__view } , scope=48/attn, dim0=1, dim1=2
   %id_64911_48/attn/prim__constant Unique ID:0 = n15461_prim::constant{} , scope=48/attn, value=-1
   %id_64743_48/attn/norm_k/prim__constant Unique ID:0 = n15403_prim::constant{} , scope=48/attn/norm_k, value=15
   %id_6144_hpu__input Unique ID:1226 = n1227_hpu::input{} 
   %id_64723_48/attn/norm_k/prim__constant Unique ID:0 = n15396_prim::constant{} , scope=48/attn/norm_k, value=1
   %id_64720_48/attn/norm_k/prim__constant Unique ID:0 = n15394_prim::constant{} , scope=48/attn/norm_k, value=True
   %id_64714_48/attn/norm_k/prim__constant Unique ID:0 = n15392_prim::constant{} , scope=48/attn/norm_k, value=2
   %id_64711_48/attn/norm_q/prim__constant Unique ID:0 = n15390_prim::constant{} , scope=48/attn/norm_q, value=6
   %id_6114_hpu__input Unique ID:1220 = n1221_hpu::input{} 
   %id_64639_48/attn/to_k/aten__linear Unique ID:10092 = n15365_aten::linear{id_64624_48/hpu__add Uniqueid: 10090 id_6114_hpu__input Uniqueid: 1220 } @2=None, scope=48/attn/to_k
   %id_64650_48/attn/norm_q/aten__view Unique ID:10095 = n15389_aten::view{id_64639_48/attn/to_k/aten__linear } , scope=48/attn/norm_q, View Size = [1, 15911, 56, 128]
   %id_64704_48/attn/norm_q/hpu__cast Unique ID:10104 = n15391_hpu::cast{id_64650_48/attn/norm_q/aten__view id_64711_48/attn/norm_q/prim__constant } , scope=48/attn/norm_q
   %id_64707_48/attn/norm_k/aten__pow Unique ID:10105 = n15393_aten::pow{id_64704_48/attn/norm_q/hpu__cast id_64714_48/attn/norm_k/prim__constant } , scope=48/attn/norm_k
   %id_64717_48/attn/norm_k/aten__mean Unique ID:10106 = n15395_aten::mean{id_64707_48/attn/norm_k/aten__pow id_64720_48/attn/norm_k/prim__constant } @3=None, @1=[3], scope=48/attn/norm_k
   %id_64717_48/attn/norm_k/hpu__add_ Unique ID:10106 = n15397_hpu::add_{id_64717_48/attn/norm_k/aten__mean id_23854_token_refiner/0/norm1/hpu__input Uniqueid: 4645 id_64723_48/attn/norm_k/prim__constant } , scope=48/attn/norm_k
   %id_64725_48/attn/norm_k/aten__rsqrt Unique ID:10107 = n15398_aten::rsqrt{id_64717_48/attn/norm_k/hpu__add_ } , scope=48/attn/norm_k
   %id_64730_48/attn/norm_k/aten__mul Unique ID:10108 = n15399_aten::mul{id_64704_48/attn/norm_q/hpu__cast id_64725_48/attn/norm_k/aten__rsqrt } , scope=48/attn/norm_k
   %id_64734_48/attn/norm_k/aten__mul Unique ID:10109 = n15400_aten::mul{id_64730_48/attn/norm_k/aten__mul id_6144_hpu__input Uniqueid: 1226 } , scope=48/attn/norm_k
   %id_64741_48/attn/norm_k/hpu__cast Unique ID:10110 = n15404_hpu::cast{id_64734_48/attn/norm_k/aten__mul id_64743_48/attn/norm_k/prim__constant } , scope=48/attn/norm_k
   %id_64833_48/attn/aten__slice Unique ID:10128 = n15459_aten::slice{id_64741_48/attn/norm_k/hpu__cast } , scope=48/attn, dim=3, start=96, end=9223372036854775807, step=1
   %id_64902_48/attn/prim__constant Unique ID:0 = n15457_prim::constant{} , scope=48/attn, value=1
   %id_64858_48/attn/prim__constant Unique ID:0 = n15440_prim::constant{} , scope=48/attn, value=15
   %id_64853_48/attn/hpu__cast Unique ID:10132 = n15441_hpu::cast{id_25419_0/attn/hpu__input Uniqueid: 4638 id_64858_48/attn/prim__constant } , scope=48/attn
   %id_64855_48/attn/aten__unsqueeze Unique ID:10133 = n15455_aten::unsqueeze{id_64853_48/attn/hpu__cast } , scope=48/attn
   %id_64861_48/attn/aten__unsqueeze Unique ID:10134 = n15454_aten::unsqueeze{id_64855_48/attn/aten__unsqueeze } , scope=48/attn
   %id_64886_48/attn/prim__constant Unique ID:0 = n15448_prim::constant{} , scope=48/attn, value=-1
   %id_64830_48/attn/aten__slice Unique ID:10127 = n15446_aten::slice{id_64741_48/attn/norm_k/hpu__cast } , scope=48/attn, dim=3, start=0, end=96, step=1
   %id_64864_48/attn/aten__slice Unique ID:10135 = n15445_aten::slice{id_64830_48/attn/aten__slice } , scope=48/attn, dim=-1, start=0, end=48, step=1
   %id_64830_48/attn/aten__slice Unique ID:10127 = n15443_aten::slice{id_64741_48/attn/norm_k/hpu__cast } , scope=48/attn, dim=3, start=0, end=96, step=1
   %id_64867_48/attn/aten__slice Unique ID:10136 = n15442_aten::slice{id_64830_48/attn/aten__slice } , scope=48/attn, dim=-1, start=48, end=96, step=1
   %id_64870_48/attn/aten__neg Unique ID:10137 = n15444_aten::neg{id_64867_48/attn/aten__slice } , scope=48/attn
   %id_64884_48/attn/prim__ListConstruct Unique ID:0 = n15447_prim::ListConstruct{id_64870_48/attn/aten__neg id_64864_48/attn/aten__slice } , scope=48/attn
   %id_64876_48/attn/aten__cat Unique ID:10138 = n15449_aten::cat{id_64884_48/attn/prim__ListConstruct id_64886_48/attn/prim__constant } , scope=48/attn
   %id_64890_48/attn/aten__mul Unique ID:10140 = n15456_aten::mul{id_64876_48/attn/aten__cat id_64861_48/attn/aten__unsqueeze } , scope=48/attn
   %id_64841_48/attn/prim__constant Unique ID:0 = n15436_prim::constant{} , scope=48/attn, value=15
   %id_64839_48/attn/hpu__cast Unique ID:10129 = n15437_hpu::cast{id_25417_0/attn/hpu__input Uniqueid: 4637 id_64841_48/attn/prim__constant } , scope=48/attn
   %id_64843_48/attn/aten__unsqueeze Unique ID:10130 = n15452_aten::unsqueeze{id_64839_48/attn/hpu__cast } , scope=48/attn
   %id_64847_48/attn/aten__unsqueeze Unique ID:10131 = n15451_aten::unsqueeze{id_64843_48/attn/aten__unsqueeze } , scope=48/attn
   %id_64830_48/attn/aten__slice Unique ID:10127 = n15450_aten::slice{id_64741_48/attn/norm_k/hpu__cast } , scope=48/attn, dim=3, start=0, end=96, step=1
   %id_64881_48/attn/aten__mul Unique ID:10139 = n15453_aten::mul{id_64830_48/attn/aten__slice id_64847_48/attn/aten__unsqueeze } , scope=48/attn
   %id_64898_48/attn/hpu__add Unique ID:10141 = n15458_hpu::add{id_64881_48/attn/aten__mul id_64890_48/attn/aten__mul id_64902_48/attn/prim__constant } , scope=48/attn
   %id_64909_48/attn/prim__ListConstruct Unique ID:0 = n15460_prim::ListConstruct{id_64898_48/attn/hpu__add id_64833_48/attn/aten__slice } , scope=48/attn
   %id_64905_48/attn/aten__cat Unique ID:10142 = n15462_aten::cat{id_64909_48/attn/prim__ListConstruct id_64911_48/attn/prim__constant } , scope=48/attn
   %id_64917_48/attn/aten__transpose Unique ID:10144 = n15464_aten::transpose{id_64905_48/attn/aten__cat } , scope=48/attn, dim0=1, dim1=2
   %id_64827_48/attn/prim__constant Unique ID:0 = n15432_prim::constant{} , scope=48/attn, value=-1
   %id_64698_48/attn/norm_q/prim__constant Unique ID:0 = n15384_prim::constant{} , scope=48/attn/norm_q, value=15
   %id_6134_hpu__input Unique ID:1224 = n1225_hpu::input{} 
   %id_64678_48/attn/norm_q/prim__constant Unique ID:0 = n15377_prim::constant{} , scope=48/attn/norm_q, value=1
   %id_64675_48/attn/norm_q/prim__constant Unique ID:0 = n15375_prim::constant{} , scope=48/attn/norm_q, value=True
   %id_64669_48/attn/norm_q/prim__constant Unique ID:0 = n15373_prim::constant{} , scope=48/attn/norm_q, value=2
   %id_64663_48/attn/to_v/prim__constant Unique ID:0 = n15371_prim::constant{} , scope=48/attn/to_v, value=6
   %id_6104_hpu__input Unique ID:1218 = n1219_hpu::input{} 
   %id_64635_48/attn/to_q/aten__linear Unique ID:10091 = n15364_aten::linear{id_64624_48/hpu__add Uniqueid: 10090 id_6104_hpu__input Uniqueid: 1218 } @2=None, scope=48/attn/to_q
   %id_64647_48/attn/to_v/aten__view Unique ID:10094 = n15370_aten::view{id_64635_48/attn/to_q/aten__linear } , scope=48/attn/to_v, View Size = [1, 15911, 56, 128]
   %id_64659_48/attn/to_v/hpu__cast Unique ID:10097 = n15372_hpu::cast{id_64647_48/attn/to_v/aten__view id_64663_48/attn/to_v/prim__constant } , scope=48/attn/to_v
   %id_64666_48/attn/norm_q/aten__pow Unique ID:10098 = n15374_aten::pow{id_64659_48/attn/to_v/hpu__cast id_64669_48/attn/norm_q/prim__constant } , scope=48/attn/norm_q
   %id_64672_48/attn/norm_q/aten__mean Unique ID:10099 = n15376_aten::mean{id_64666_48/attn/norm_q/aten__pow id_64675_48/attn/norm_q/prim__constant } @3=None, @1=[3], scope=48/attn/norm_q
   %id_64672_48/attn/norm_q/hpu__add_ Unique ID:10099 = n15378_hpu::add_{id_64672_48/attn/norm_q/aten__mean id_23854_token_refiner/0/norm1/hpu__input Uniqueid: 4645 id_64678_48/attn/norm_q/prim__constant } , scope=48/attn/norm_q
   %id_64681_48/attn/norm_q/aten__rsqrt Unique ID:10100 = n15379_aten::rsqrt{id_64672_48/attn/norm_q/hpu__add_ } , scope=48/attn/norm_q
   %id_64685_48/attn/norm_q/aten__mul Unique ID:10101 = n15380_aten::mul{id_64659_48/attn/to_v/hpu__cast id_64681_48/attn/norm_q/aten__rsqrt } , scope=48/attn/norm_q
   %id_64689_48/attn/norm_q/aten__mul Unique ID:10102 = n15381_aten::mul{id_64685_48/attn/norm_q/aten__mul id_6134_hpu__input Uniqueid: 1224 } , scope=48/attn/norm_q
   %id_64696_48/attn/norm_q/hpu__cast Unique ID:10103 = n15385_hpu::cast{id_64689_48/attn/norm_q/aten__mul id_64698_48/attn/norm_q/prim__constant } , scope=48/attn/norm_q
   %id_64749_48/attn/aten__slice Unique ID:10112 = n15430_aten::slice{id_64696_48/attn/norm_q/hpu__cast } , scope=48/attn, dim=3, start=96, end=9223372036854775807, step=1
   %id_64818_48/attn/prim__constant Unique ID:0 = n15428_prim::constant{} , scope=48/attn, value=1
   %id_64774_48/attn/norm_k/prim__constant Unique ID:0 = n15411_prim::constant{} , scope=48/attn/norm_k, value=15
   %id_64769_48/attn/norm_k/hpu__cast Unique ID:10116 = n15412_hpu::cast{id_25419_0/attn/hpu__input Uniqueid: 4638 id_64774_48/attn/norm_k/prim__constant } , scope=48/attn/norm_k
   %id_64771_48/attn/aten__unsqueeze Unique ID:10117 = n15426_aten::unsqueeze{id_64769_48/attn/norm_k/hpu__cast } , scope=48/attn
   %id_64777_48/attn/aten__unsqueeze Unique ID:10118 = n15425_aten::unsqueeze{id_64771_48/attn/aten__unsqueeze } , scope=48/attn
   %id_64799_48/attn/prim__constant Unique ID:0 = n15419_prim::constant{} , scope=48/attn, value=-1
   %id_64746_48/attn/aten__slice Unique ID:10111 = n15417_aten::slice{id_64696_48/attn/norm_q/hpu__cast } , scope=48/attn, dim=3, start=0, end=96, step=1
   %id_64780_48/attn/aten__slice Unique ID:10119 = n15416_aten::slice{id_64746_48/attn/aten__slice } , scope=48/attn, dim=-1, start=0, end=48, step=1
   %id_64746_48/attn/aten__slice Unique ID:10111 = n15414_aten::slice{id_64696_48/attn/norm_q/hpu__cast } , scope=48/attn, dim=3, start=0, end=96, step=1
   %id_64783_48/attn/aten__slice Unique ID:10120 = n15413_aten::slice{id_64746_48/attn/aten__slice } , scope=48/attn, dim=-1, start=48, end=96, step=1
   %id_64786_48/attn/aten__neg Unique ID:10121 = n15415_aten::neg{id_64783_48/attn/aten__slice } , scope=48/attn
   %id_64797_48/attn/prim__ListConstruct Unique ID:0 = n15418_prim::ListConstruct{id_64786_48/attn/aten__neg id_64780_48/attn/aten__slice } , scope=48/attn
   %id_64792_48/attn/aten__cat Unique ID:10122 = n15420_aten::cat{id_64797_48/attn/prim__ListConstruct id_64799_48/attn/prim__constant } , scope=48/attn
   %id_64806_48/attn/aten__mul Unique ID:10124 = n15427_aten::mul{id_64792_48/attn/aten__cat id_64777_48/attn/aten__unsqueeze } , scope=48/attn
   %id_64757_48/attn/norm_k/prim__constant Unique ID:0 = n15407_prim::constant{} , scope=48/attn/norm_k, value=15
   %id_64755_48/attn/norm_k/hpu__cast Unique ID:10113 = n15408_hpu::cast{id_25417_0/attn/hpu__input Uniqueid: 4637 id_64757_48/attn/norm_k/prim__constant } , scope=48/attn/norm_k
   %id_64760_48/attn/aten__unsqueeze Unique ID:10114 = n15423_aten::unsqueeze{id_64755_48/attn/norm_k/hpu__cast } , scope=48/attn
   %id_64763_48/attn/aten__unsqueeze Unique ID:10115 = n15422_aten::unsqueeze{id_64760_48/attn/aten__unsqueeze } , scope=48/attn
   %id_64746_48/attn/aten__slice Unique ID:10111 = n15421_aten::slice{id_64696_48/attn/norm_q/hpu__cast } , scope=48/attn, dim=3, start=0, end=96, step=1
   %id_64801_48/attn/aten__mul Unique ID:10123 = n15424_aten::mul{id_64746_48/attn/aten__slice id_64763_48/attn/aten__unsqueeze } , scope=48/attn
   %id_64814_48/attn/hpu__add Unique ID:10125 = n15429_hpu::add{id_64801_48/attn/aten__mul id_64806_48/attn/aten__mul id_64818_48/attn/prim__constant } , scope=48/attn
   %id_64825_48/attn/prim__ListConstruct Unique ID:0 = n15431_prim::ListConstruct{id_64814_48/attn/hpu__add id_64749_48/attn/aten__slice } , scope=48/attn
   %id_64821_48/attn/aten__cat Unique ID:10126 = n15433_aten::cat{id_64825_48/attn/prim__ListConstruct id_64827_48/attn/prim__constant } , scope=48/attn
   %id_64914_48/attn/aten__transpose Unique ID:10143 = n15463_aten::transpose{id_64821_48/attn/aten__cat } , scope=48/attn, dim0=1, dim1=2
   %id_64923_48/attn/hpu__sdpa_fwd Unique ID:10146, %id_64926_48/attn/hpu__sdpa_fwd Unique ID:10147, %id_64929_48/attn/hpu__sdpa_fwd Unique ID:10148 = n15470_hpu::sdpa_fwd{id_64914_48/attn/aten__transpose id_64917_48/attn/aten__transpose id_64920_48/attn/aten__transpose id_64939_48/attn/prim__constant id_64941_48/attn/prim__constant id_64943_48/attn/prim__constant } @9=left, @8=None, @7=fast, @3=None, scope=48/attn
   %id_64934_48/attn/aten__transpose Unique ID:10149 = n15471_aten::transpose{id_64923_48/attn/hpu__sdpa_fwd } , scope=48/attn, dim0=1, dim1=2
   %id_64948_48/attn/aten__clone Unique ID:10150 = n15473_aten::clone{id_64934_48/attn/aten__transpose id_64955_48/attn/prim__constant } , scope=48/attn
   %id_64951_48/attn/0/aten__view Unique ID:10151 = n15474_aten::view{id_64948_48/attn/aten__clone } , scope=48/attn/0, View Size = [1, 15911, 7168]
   %id_64958_48/attn/0/aten__linear Unique ID:10152 = n15475_aten::linear{id_64951_48/attn/0/aten__view id_6154_hpu__input Uniqueid: 1228 } @2=None, scope=48/attn/0
   %id_64982_48/prim__constant Unique ID:0 = n15482_prim::constant{} , scope=48, value=1
   %id_64963_48/aten__view Unique ID:10153 = n15480_aten::view{id_64958_48/attn/0/aten__linear Uniqueid: 10152 } , scope=48, View Size = [1, 15911, 5376]
   %id_64971_48/prim__constant Unique ID:0 = n15478_prim::constant{} , scope=48, value=0
   %id_64531_48/aten__view Unique ID:10072 = n15477_aten::view{id_64527_48/adaln_proj/linear/aten__linear Uniqueid: 10071 } , scope=48, View Size = [3, 32256]
   %id_64540_48/aten__slice Unique ID:10075 = n15476_aten::slice{id_64531_48/aten__view } , scope=48, dim=-1, start=10752, end=16128, step=1
   %id_64966_48/aten__index_select Unique ID:10154 = n15479_aten::index_select{id_64540_48/aten__slice id_64971_48/prim__constant id_25431_0/attn/hpu__input Uniqueid: 4787 } , scope=48
   %id_64974_48/aten__mul Unique ID:10155 = n15481_aten::mul{id_64966_48/aten__index_select id_64963_48/aten__view } , scope=48
   %id_64979_48/hpu__add Unique ID:10156 = n15483_hpu::add{id_64509_47/hpu__add Uniqueid: 10068 id_64974_48/aten__mul id_64982_48/prim__constant } , scope=48
   %id_64990_48/prim__constant Unique ID:0 = n15486_prim::constant{} , scope=48, value=6
   %id_64988_48/hpu__cast Unique ID:10157 = n15487_hpu::cast{id_64979_48/hpu__add Uniqueid: 10156 id_64990_48/prim__constant } , scope=48
}

[Rank:0] Habana exception raised from ValidateSyncInputTensors at hpu_lazy_tensors.cpp:871
Traceback:
Traceback (most recent call last):
  File "/root/src/h3/.venv/lib/python3.12/site-packages/diffusers/modular_pipelines/modular_pipeline.py", line 1145, in __call__
    pipeline, state = block(pipeline, state)
                      ^^^^^^^^^^^^^^^^^^^^^^
  File "/root/src/h3/hpu_port/run_t2va.py", line 935, in logged
    out = orig(self, *args, **kwargs)
          ^^^^^^^^^^^^^^^^^^^^^^^^^^^
  File "/root/src/h3/.venv/lib/python3.12/site-packages/torch/utils/_contextlib.py", line 124, in decorate_context
    return func(*args, **kwargs)
           ^^^^^^^^^^^^^^^^^^^^^
  File "/root/src/h3/.venv/lib/python3.12/site-packages/diffusers/modular_pipelines/minimax_h3/denoise.py", line 265, in __call__
    components, block_state = self.loop_step(components, block_state, i=i, t=t)
                              ^^^^^^^^^^^^^^^^^^^^^^^^^^^^^^^^^^^^^^^^^^^^^^^^^
  File "/root/src/h3/.venv/lib/python3.12/site-packages/diffusers/modular_pipelines/modular_pipeline.py", line 1515, in loop_step
    components, state = block(components, state, **kwargs)
                        ^^^^^^^^^^^^^^^^^^^^^^^^^^^^^^^^^^
  File "/root/src/h3/hpu_port/run_t2va.py", line 950, in logged
    torch.hpu.synchronize()
  File "/root/src/h3/.venv/lib/python3.12/site-packages/habana_frameworks/torch/hpu/__init__.py", line 164, in synchronize
    return _hpu_C.synchronize_device()
           ^^^^^^^^^^^^^^^^^^^^^^^^^^^
RuntimeError: [Rank:0] FATAL ERROR :: MODULE:PT_BRIDGE Exception in Launch thread...
Check $HABANA_LOGS/ for details[Rank:0] FATAL ERROR :: MODULE:PT_LAZY Error, ValidateSyncInputTensors tensor_data is empty. Tensorid:4787 QueueStatus: ThreadPool m_tasks size: 1 irValue:id_25431_0/attn/hpu__input Uniqueid: 4787 Strided Params Has Value: 0 Failing Graph: IR {
   %id_64512_47/prim__constant Unique ID:0 = n15323_prim::constant{} , scope=47, value=1
   %id_6064_hpu__input Unique ID:1210 = n1211_hpu::input{} 
   %id_6054_hpu__input Unique ID:1208 = n1209_hpu::input{} 
   %id_64466_47/prim__constant Unique ID:0 = n15309_prim::constant{} , scope=47, value=1
   %id_25431_0/attn/hpu__input Unique ID:4787 = n5320_hpu::input{} , scope=0/attn
   %id_64463_47/prim__constant Unique ID:0 = n15307_prim::constant{} , scope=47, value=0
   %id_6084_hpu__input Unique ID:1214 = n1215_hpu::input{} 
   %id_6074_hpu__input Unique ID:1212 = n1213_hpu::input{} 
   %id_63925_47/adaln_proj/prim__constant Unique ID:0 = n15122_prim::constant{} , scope=47/adaln_proj, value=15
   %id_25429_0/attn/hpu__input Unique ID:4784 = n5319_hpu::input{} , scope=0/attn
   %id_63916_47/adaln_proj/aten__silu Unique ID:9959 = n15119_aten::silu{id_25429_0/attn/hpu__input Uniqueid: 4784 } , scope=47/adaln_proj
   %id_63923_47/adaln_proj/hpu__cast Unique ID:9960 = n15123_hpu::cast{id_63916_47/adaln_proj/aten__silu id_63925_47/adaln_proj/prim__constant } , scope=47/adaln_proj
   %id_63928_47/adaln_proj/linear/aten__linear Unique ID:9961 = n15124_aten::linear{id_63923_47/adaln_proj/hpu__cast id_6074_hpu__input Uniqueid: 1212 id_6084_hpu__input Uniqueid: 1214 } , scope=47/adaln_proj/linear
   %id_63932_47/aten__view Unique ID:9962 = n15306_aten::view{id_63928_47/adaln_proj/linear/aten__linear } , scope=47, View Size = [3, 32256]
   %id_63944_47/aten__slice Unique ID:9966 = n15305_aten::slice{id_63932_47/aten__view } , scope=47, dim=-1, start=16128, end=21504, step=1
   %id_64454_47/aten__index_select Unique ID:10057 = n15308_aten::index_select{id_63944_47/aten__slice id_64463_47/prim__constant id_25431_0/attn/hpu__input Uniqueid: 4787 } , scope=47
   %id_64449_47/prim__constant Unique ID:0 = n15302_prim::constant{} , scope=47, value=1
   %id_64446_47/prim__constant Unique ID:0 = n15300_prim::constant{} , scope=47, value=15
   %id_24725_0/hpu__input Unique ID:4806 = n5207_hpu::input{} , scope=0
   %id_64440_47/hpu__cast Unique ID:4611686018427388000 = n15301_hpu::cast{id_24725_0/hpu__input Uniqueid: 4806 id_64446_47/prim__constant } , scope=47
   %id_64434_47/prim__constant Unique ID:0 = n15297_prim::constant{} , scope=47, value=0
   %id_63932_47/aten__view Unique ID:9962 = n15296_aten::view{id_63928_47/adaln_proj/linear/aten__linear } , scope=47, View Size = [3, 32256]
   %id_63947_47/aten__slice Unique ID:9967 = n15295_aten::slice{id_63932_47/aten__view } , scope=47, dim=-1, start=21504, end=26880, step=1
   %id_64429_47/aten__index_select Unique ID:10054 = n15298_aten::index_select{id_63947_47/aten__slice id_64434_47/prim__constant id_25431_0/attn/hpu__input Uniqueid: 4787 } , scope=47
   %id_64437_47/hpu__add Unique ID:10055 = n15303_hpu::add{id_64429_47/aten__index_select id_64440_47/hpu__cast id_64449_47/prim__constant } , scope=47
   %id_64426_47/norm2/prim__constant Unique ID:0 = n15293_prim::constant{} , scope=47/norm2, value=15
   %id_6044_hpu__input Unique ID:1206 = n1207_hpu::input{} 
   %id_64406_47/norm2/prim__constant Unique ID:0 = n15286_prim::constant{} , scope=47/norm2, value=1
   %id_23854_token_refiner/0/norm1/hpu__input Unique ID:4645 = n4916_hpu::input{} , scope=token_refiner/0/norm1
   %id_64403_47/norm2/prim__constant Unique ID:0 = n15284_prim::constant{} , scope=47/norm2, value=True
   %id_64397_47/norm2/prim__constant Unique ID:0 = n15282_prim::constant{} , scope=47/norm2, value=2
   %id_64391_47/prim__constant Unique ID:0 = n15280_prim::constant{} , scope=47, value=6
   %id_64383_47/prim__constant Unique ID:0 = n15276_prim::constant{} , scope=47, value=1
   %id_6034_hpu__input Unique ID:1204 = n1205_hpu::input{} 
   %id_64356_47/attn/prim__constant Unique ID:0 = n15266_prim::constant{} , scope=47/attn, value=0
   %id_64344_47/attn/prim__constant Unique ID:0 = n15263_prim::constant{} , scope=47/attn, value=False
   %id_64340_47/attn/prim__constant Unique ID:0 = n15262_prim::constant{} , scope=47/attn, value=0.088388347648318433
   %id_64337_47/attn/prim__constant Unique ID:0 = n15261_prim::constant{} , scope=47/attn, value=0.
   %id_6004_hpu__input Unique ID:1198 = n1199_hpu::input{} 
   %id_64033_47/prim__constant Unique ID:0 = n15156_prim::constant{} , scope=47, value=1
   %id_64030_47/prim__constant Unique ID:0 = n15154_prim::constant{} , scope=47, value=0
   %id_63932_47/aten__view Unique ID:9962 = n15153_aten::view{id_63928_47/adaln_proj/linear/aten__linear } , scope=47, View Size = [3, 32256]
   %id_63935_47/aten__slice Unique ID:9963 = n15152_aten::slice{id_63932_47/aten__view } , scope=47, dim=-1, start=0, end=5376, step=1
   %id_64019_47/aten__index_select Unique ID:9979 = n15155_aten::index_select{id_63935_47/aten__slice id_64030_47/prim__constant id_25431_0/attn/hpu__input Uniqueid: 4787 } , scope=47
   %id_64016_47/prim__constant Unique ID:0 = n15149_prim::constant{} , scope=47, value=1
   %id_64013_47/prim__constant Unique ID:0 = n15147_prim::constant{} , scope=47, value=15
   %id_64007_47/hpu__cast Unique ID:4611686018427387999 = n15148_hpu::cast{id_24725_0/hpu__input Uniqueid: 4806 id_64013_47/prim__constant } , scope=47
   %id_64001_47/prim__constant Unique ID:0 = n15144_prim::constant{} , scope=47, value=0
   %id_63932_47/aten__view Unique ID:9962 = n15143_aten::view{id_63928_47/adaln_proj/linear/aten__linear } , scope=47, View Size = [3, 32256]
   %id_63938_47/aten__slice Unique ID:9964 = n15142_aten::slice{id_63932_47/aten__view } , scope=47, dim=-1, start=5376, end=10752, step=1
   %id_63996_47/aten__index_select Unique ID:9976 = n15145_aten::index_select{id_63938_47/aten__slice id_64001_47/prim__constant id_25431_0/attn/hpu__input Uniqueid: 4787 } , scope=47
   %id_64004_47/hpu__add Unique ID:9977 = n15150_hpu::add{id_63996_47/aten__index_select id_64007_47/hpu__cast id_64016_47/prim__constant } , scope=47
   %id_63993_47/norm1/prim__constant Unique ID:0 = n15140_prim::constant{} , scope=47/norm1, value=15
   %id_5974_hpu__input Unique ID:1192 = n1193_hpu::input{} 
   %id_63973_47/norm1/prim__constant Unique ID:0 = n15133_prim::constant{} , scope=47/norm1, value=1
   %id_63970_47/norm1/prim__constant Unique ID:0 = n15131_prim::constant{} , scope=47/norm1, value=True
   %id_63964_47/norm1/prim__constant Unique ID:0 = n15129_prim::constant{} , scope=47/norm1, value=2
   %id_63958_47/adaln_proj/linear/prim__constant Unique ID:0 = n15127_prim::constant{} , scope=47/adaln_proj/linear, value=6
   %id_63913_46/prim__constant Unique ID:0 = n15117_prim::constant{} , scope=46, value=1
   %id_5944_hpu__input Unique ID:1186 = n1187_hpu::input{} 
   %id_5934_hpu__input Unique ID:1184 = n1185_hpu::input{} 
   %id_63863_46/prim__constant Unique ID:0 = n15103_prim::constant{} , scope=46, value=1
   %id_63860_46/prim__constant Unique ID:0 = n15101_prim::constant{} , scope=46, value=0
   %id_63625_46/attn/hpu__input Unique ID:9851 = n15020_hpu::input{} , scope=46/attn
   %id_63641_46/aten__view Unique ID:9852 = n15100_aten::view{id_63625_46/attn/hpu__input Uniqueid: 9851 } , scope=46, View Size = [3, 32256]
   %id_62847_46/aten__slice Unique ID:9856 = n15099_aten::slice{id_63641_46/aten__view } , scope=46, dim=-1, start=16128, end=21504, step=1
   %id_63848_46/aten__index_select Unique ID:9947 = n15102_aten::index_select{id_62847_46/aten__slice id_63860_46/prim__constant id_25431_0/attn/hpu__input Uniqueid: 4787 } , scope=46
   %id_63846_46/prim__constant Unique ID:0 = n15096_prim::constant{} , scope=46, value=1
   %id_63843_46/prim__constant Unique ID:0 = n15094_prim::constant{} , scope=46, value=15
   %id_63837_46/hpu__cast Unique ID:4611686018427387998 = n15095_hpu::cast{id_24725_0/hpu__input Uniqueid: 4806 id_63843_46/prim__constant } , scope=46
   %id_63831_46/prim__constant Unique ID:0 = n15091_prim::constant{} , scope=46, value=0
   %id_63641_46/aten__view Unique ID:9852 = n15090_aten::view{id_63625_46/attn/hpu__input Uniqueid: 9851 } , scope=46, View Size = [3, 32256]
   %id_62850_46/aten__slice Unique ID:9857 = n15089_aten::slice{id_63641_46/aten__view } , scope=46, dim=-1, start=21504, end=26880, step=1
   %id_63826_46/aten__index_select Unique ID:9944 = n15092_aten::index_select{id_62850_46/aten__slice id_63831_46/prim__constant id_25431_0/attn/hpu__input Uniqueid: 4787 } , scope=46
   %id_63834_46/hpu__add Unique ID:9945 = n15097_hpu::add{id_63826_46/aten__index_select id_63837_46/hpu__cast id_63846_46/prim__constant } , scope=46
   %id_63823_46/norm2/prim__constant Unique ID:0 = n15087_prim::constant{} , scope=46/norm2, value=15
   %id_5924_hpu__input Unique ID:1182 = n1183_hpu::input{} 
   %id_63803_46/norm2/prim__constant Unique ID:0 = n15080_prim::constant{} , scope=46/norm2, value=1
   %id_63800_46/norm2/prim__constant Unique ID:0 = n15078_prim::constant{} , scope=46/norm2, value=True
   %id_63794_46/norm2/prim__constant Unique ID:0 = n15076_prim::constant{} , scope=46/norm2, value=2
   %id_63788_46/prim__constant Unique ID:0 = n15074_prim::constant{} , scope=46, value=6
   %id_63780_46/prim__constant Unique ID:0 = n15070_prim::constant{} , scope=46, value=1
   %id_5914_hpu__input Unique ID:1180 = n1181_hpu::input{} 
   %id_63751_46/attn/prim__constant Unique ID:0 = n15060_prim::constant{} , scope=46/attn, value=0
   %id_63740_46/attn/prim__constant Unique ID:0 = n15057_prim::constant{} , scope=46/attn, value=False
   %id_63736_46/attn/prim__constant Unique ID:0 = n15056_prim::constant{} , scope=46/attn, value=0.088388347648318433
   %id_63734_46/attn/prim__constant Unique ID:0 = n15055_prim::constant{} , scope=46/attn, value=0.
   %id_63629_46/attn/hpu__input Unique ID:9873 = n15022_hpu::input{} , scope=46/attn
   %id_62957_46/attn/aten__view Unique ID:9876 = n15054_aten::view{id_63629_46/attn/hpu__input Uniqueid: 9873 } , scope=46/attn, View Size = [1, 15911, 56, 128]
   %id_63718_46/attn/aten__transpose Unique ID:9925 = n15053_aten::transpose{id_62957_46/attn/aten__view } , scope=46/attn, dim0=1, dim1=2
   %id_63709_46/attn/prim__constant Unique ID:0 = n15049_prim::constant{} , scope=46/attn, value=-1
   %id_63631_46/attn/hpu__input Unique ID:9890 = n15023_hpu::input{} , scope=46/attn
   %id_63137_46/attn/aten__slice Unique ID:9908 = n15047_aten::slice{id_63631_46/attn/hpu__input Uniqueid: 9890 } , scope=46/attn, dim=3, start=96, end=9223372036854775807, step=1
   %id_63700_46/attn/prim__constant Unique ID:0 = n15045_prim::constant{} , scope=46/attn, value=1
   %id_63637_46/attn/hpu__input Unique ID:9912 = n15026_hpu::input{} , scope=46/attn
   %id_63159_46/attn/aten__unsqueeze Unique ID:9913 = n15043_aten::unsqueeze{id_63637_46/attn/hpu__input Uniqueid: 9912 } , scope=46/attn
   %id_63659_46/attn/aten__unsqueeze Unique ID:9914 = n15042_aten::unsqueeze{id_63159_46/attn/aten__unsqueeze } , scope=46/attn
   %id_63681_46/attn/prim__constant Unique ID:0 = n15036_prim::constant{} , scope=46/attn, value=-1
   %id_63133_46/attn/aten__slice Unique ID:9907 = n15034_aten::slice{id_63631_46/attn/hpu__input Uniqueid: 9890 } , scope=46/attn, dim=3, start=0, end=96, step=1
   %id_63662_46/attn/aten__slice Unique ID:9915 = n15033_aten::slice{id_63133_46/attn/aten__slice } , scope=46/attn, dim=-1, start=0, end=48, step=1
   %id_63133_46/attn/aten__slice Unique ID:9907 = n15031_aten::slice{id_63631_46/attn/hpu__input Uniqueid: 9890 } , scope=46/attn, dim=3, start=0, end=96, step=1
   %id_63665_46/attn/aten__slice Unique ID:9916 = n15030_aten::slice{id_63133_46/attn/aten__slice } , scope=46/attn, dim=-1, start=48, end=96, step=1
   %id_63668_46/attn/aten__neg Unique ID:9917 = n15032_aten::neg{id_63665_46/attn/aten__slice } , scope=46/attn
   %id_63679_46/attn/prim__ListConstruct Unique ID:0 = n15035_prim::ListConstruct{id_63668_46/attn/aten__neg id_63662_46/attn/aten__slice } , scope=46/attn
   %id_63673_46/attn/aten__cat Unique ID:9918 = n15037_aten::cat{id_63679_46/attn/prim__ListConstruct id_63681_46/attn/prim__constant } , scope=46/attn
   %id_63688_46/attn/aten__mul Unique ID:9920 = n15044_aten::mul{id_63673_46/attn/aten__cat id_63659_46/attn/aten__unsqueeze } , scope=46/attn
   %id_63635_46/attn/hpu__input Unique ID:9909 = n15025_hpu::input{} , scope=46/attn
   %id_63145_46/attn/aten__unsqueeze Unique ID:9910 = n15040_aten::unsqueeze{id_63635_46/attn/hpu__input Uniqueid: 9909 } , scope=46/attn
   %id_63151_46/attn/aten__unsqueeze Unique ID:9911 = n15039_aten::unsqueeze{id_63145_46/attn/aten__unsqueeze } , scope=46/attn
   %id_63133_46/attn/aten__slice Unique ID:9907 = n15038_aten::slice{id_63631_46/attn/hpu__input Uniqueid: 9890 } , scope=46/attn, dim=3, start=0, end=96, step=1
   %id_63684_46/attn/aten__mul Unique ID:9919 = n15041_aten::mul{id_63133_46/attn/aten__slice id_63151_46/attn/aten__unsqueeze } , scope=46/attn
   %id_63697_46/attn/hpu__add Unique ID:9921 = n15046_hpu::add{id_63684_46/attn/aten__mul id_63688_46/attn/aten__mul id_63700_46/attn/prim__constant } , scope=46/attn
   %id_63707_46/attn/prim__ListConstruct Unique ID:0 = n15048_prim::ListConstruct{id_63697_46/attn/hpu__add id_63137_46/attn/aten__slice } , scope=46/attn
   %id_63703_46/attn/aten__cat Unique ID:9922 = n15050_aten::cat{id_63707_46/attn/prim__ListConstruct id_63709_46/attn/prim__constant } , scope=46/attn
   %id_63715_46/attn/aten__transpose Unique ID:9924 = n15052_aten::transpose{id_63703_46/attn/aten__cat } , scope=46/attn, dim0=1, dim1=2
   %id_63633_46/attn/hpu__input Unique ID:9906 = n15024_hpu::input{} , scope=46/attn
   %id_63712_46/attn/aten__transpose Unique ID:9923 = n15051_aten::transpose{id_63633_46/attn/hpu__input Uniqueid: 9906 } , scope=46/attn, dim0=1, dim1=2
   %id_63721_46/attn/hpu__sdpa_fwd Unique ID:9926, %id_63724_46/attn/hpu__sdpa_fwd Unique ID:9927, %id_63727_46/attn/hpu__sdpa_fwd Unique ID:9928 = n15058_hpu::sdpa_fwd{id_63712_46/attn/aten__transpose id_63715_46/attn/aten__transpose id_63718_46/attn/aten__transpose id_63734_46/attn/prim__constant id_63736_46/attn/prim__constant id_63740_46/attn/prim__constant } @9=left, @8=None, @7=fast, @3=None, scope=46/attn
   %id_63738_46/attn/aten__transpose Unique ID:9929 = n15059_aten::transpose{id_63721_46/attn/hpu__sdpa_fwd } , scope=46/attn, dim0=1, dim1=2
   %id_63746_46/attn/aten__clone Unique ID:9930 = n15061_aten::clone{id_63738_46/attn/aten__transpose id_63751_46/attn/prim__constant } , scope=46/attn
   %id_63750_46/attn/0/aten__view Unique ID:9931 = n15062_aten::view{id_63746_46/attn/aten__clone } , scope=46/attn/0, View Size = [1, 15911, 7168]
   %id_63756_46/attn/0/aten__linear Unique ID:9932 = n15063_aten::linear{id_63750_46/attn/0/aten__view id_5914_hpu__input Uniqueid: 1180 } @2=None, scope=46/attn/0
   %id_63761_46/aten__view Unique ID:9933 = n15068_aten::view{id_63756_46/attn/0/aten__linear } , scope=46, View Size = [1, 15911, 5376]
   %id_63769_46/prim__constant Unique ID:0 = n15066_prim::constant{} , scope=46, value=0
   %id_63641_46/aten__view Unique ID:9852 = n15065_aten::view{id_63625_46/attn/hpu__input Uniqueid: 9851 } , scope=46, View Size = [3, 32256]
   %id_62844_46/aten__slice Unique ID:9855 = n15064_aten::slice{id_63641_46/aten__view } , scope=46, dim=-1, start=10752, end=16128, step=1
   %id_63764_46/aten__index_select Unique ID:9934 = n15067_aten::index_select{id_62844_46/aten__slice id_63769_46/prim__constant id_25431_0/attn/hpu__input Uniqueid: 4787 } , scope=46
   %id_63772_46/aten__mul Unique ID:9935 = n15069_aten::mul{id_63764_46/aten__index_select id_63761_46/aten__view } , scope=46
   %id_63623_46/attn/hpu__input Unique ID:9848 = n15019_hpu::input{} , scope=46/attn
   %id_63777_46/hpu__add Unique ID:9936 = n15071_hpu::add{id_63623_46/attn/hpu__input Uniqueid: 9848 id_63772_46/aten__mul id_63780_46/prim__constant } , scope=46
   %id_63786_46/hpu__cast Unique ID:9937 = n15075_hpu::cast{id_63777_46/hpu__add id_63788_46/prim__constant } , scope=46
   %id_63791_46/norm2/aten__pow Unique ID:9938 = n15077_aten::pow{id_63786_46/hpu__cast id_63794_46/norm2/prim__constant } , scope=46/norm2
   %id_63797_46/norm2/aten__mean Unique ID:9939 = n15079_aten::mean{id_63791_46/norm2/aten__pow id_63800_46/norm2/prim__constant } @3=None, @1=[2], scope=46/norm2
   %id_63797_46/norm2/hpu__add_ Unique ID:9939 = n15081_hpu::add_{id_63797_46/norm2/aten__mean id_23854_token_refiner/0/norm1/hpu__input Uniqueid: 4645 id_63803_46/norm2/prim__constant } , scope=46/norm2
   %id_63806_46/norm2/aten__rsqrt Unique ID:9940 = n15082_aten::rsqrt{id_63797_46/norm2/hpu__add_ } , scope=46/norm2
   %id_63810_46/norm2/aten__mul Unique ID:9941 = n15083_aten::mul{id_63786_46/hpu__cast id_63806_46/norm2/aten__rsqrt } , scope=46/norm2
   %id_63814_46/norm2/aten__mul Unique ID:9942 = n15084_aten::mul{id_63810_46/norm2/aten__mul id_5924_hpu__input Uniqueid: 1182 } , scope=46/norm2
   %id_63821_46/norm2/hpu__cast Unique ID:9943 = n15088_hpu::cast{id_63814_46/norm2/aten__mul id_63823_46/norm2/prim__constant } , scope=46/norm2
   %id_63840_46/aten__mul Unique ID:9946 = n15098_aten::mul{id_63821_46/norm2/hpu__cast id_63834_46/hpu__add } , scope=46
   %id_63857_46/hpu__add Unique ID:9948 = n15104_hpu::add{id_63840_46/aten__mul id_63848_46/aten__index_select id_63863_46/prim__constant } , scope=46
   %id_63866_46/ff/0/proj/aten__linear Unique ID:9949 = n15105_aten::linear{id_63857_46/hpu__add id_5934_hpu__input Uniqueid: 1184 } @2=None, scope=46/ff/0/proj
   %id_63873_46/ff/0/activation/aten__slice Unique ID:9951 = n15106_aten::slice{id_63866_46/ff/0/proj/aten__linear } , scope=46/ff/0/activation, dim=-1, start=14336, end=28672, step=1
   %id_63876_46/ff/0/activation/aten__silu Unique ID:9952 = n15107_aten::silu{id_63873_46/ff/0/activation/aten__slice } , scope=46/ff/0/activation
   %id_63870_46/ff/0/aten__slice Unique ID:9950 = n15108_aten::slice{id_63866_46/ff/0/proj/aten__linear } , scope=46/ff/0, dim=-1, start=0, end=14336, step=1
   %id_63881_46/ff/0/aten__mul Unique ID:9953 = n15109_aten::mul{id_63870_46/ff/0/aten__slice id_63876_46/ff/0/activation/aten__silu } , scope=46/ff/0
   %id_63886_46/ff/2/aten__view Unique ID:9954 = n15110_aten::view{id_63881_46/ff/0/aten__mul } , scope=46/ff/2, View Size = [1, 15911, 14336]
   %id_63889_46/ff/2/aten__linear Unique ID:9955 = n15111_aten::linear{id_63886_46/ff/2/aten__view id_5944_hpu__input Uniqueid: 1186 } @2=None, scope=46/ff/2
   %id_63902_46/prim__constant Unique ID:0 = n15114_prim::constant{} , scope=46, value=0
   %id_63641_46/aten__view Unique ID:9852 = n15113_aten::view{id_63625_46/attn/hpu__input Uniqueid: 9851 } , scope=46, View Size = [3, 32256]
   %id_62853_46/aten__slice Unique ID:9858 = n15112_aten::slice{id_63641_46/aten__view } , scope=46, dim=-1, start=26880, end=32256, step=1
   %id_63894_46/aten__index_select Unique ID:9956 = n15115_aten::index_select{id_62853_46/aten__slice id_63902_46/prim__constant id_25431_0/attn/hpu__input Uniqueid: 4787 } , scope=46
   %id_63898_46/aten__mul Unique ID:9957 = n15116_aten::mul{id_63894_46/aten__index_select id_63889_46/ff/2/aten__linear } , scope=46
   %id_63906_46/hpu__add Unique ID:9958 = n15118_hpu::add{id_63777_46/hpu__add id_63898_46/aten__mul id_63913_46/prim__constant } , scope=46
   %id_63956_47/adaln_proj/linear/hpu__cast Unique ID:9969 = n15128_hpu::cast{id_63906_46/hpu__add id_63958_47/adaln_proj/linear/prim__constant } , scope=47/adaln_proj/linear
   %id_63961_47/norm1/aten__pow Unique ID:9970 = n15130_aten::pow{id_63956_47/adaln_proj/linear/hpu__cast id_63964_47/norm1/prim__constant } , scope=47/norm1
   %id_63967_47/norm1/aten__mean Unique ID:9971 = n15132_aten::mean{id_63961_47/norm1/aten__pow id_63970_47/norm1/prim__constant } @3=None, @1=[2], scope=47/norm1
   %id_63967_47/norm1/hpu__add_ Unique ID:9971 = n15134_hpu::add_{id_63967_47/norm1/aten__mean id_23854_token_refiner/0/norm1/hpu__input Uniqueid: 4645 id_63973_47/norm1/prim__constant } , scope=47/norm1
   %id_63976_47/norm1/aten__rsqrt Unique ID:9972 = n15135_aten::rsqrt{id_63967_47/norm1/hpu__add_ } , scope=47/norm1
   %id_63980_47/norm1/aten__mul Unique ID:9973 = n15136_aten::mul{id_63956_47/adaln_proj/linear/hpu__cast id_63976_47/norm1/aten__rsqrt } , scope=47/norm1
   %id_63984_47/norm1/aten__mul Unique ID:9974 = n15137_aten::mul{id_63980_47/norm1/aten__mul id_5974_hpu__input Uniqueid: 1192 } , scope=47/norm1
   %id_63991_47/norm1/hpu__cast Unique ID:9975 = n15141_hpu::cast{id_63984_47/norm1/aten__mul id_63993_47/norm1/prim__constant } , scope=47/norm1
   %id_64010_47/aten__mul Unique ID:9978 = n15151_aten::mul{id_63991_47/norm1/hpu__cast id_64004_47/hpu__add } , scope=47
   %id_64025_47/hpu__add Unique ID:9980 = n15157_hpu::add{id_64010_47/aten__mul id_64019_47/aten__index_select id_64033_47/prim__constant } , scope=47
   %id_64044_47/attn/to_v/aten__linear Unique ID:9983 = n15160_aten::linear{id_64025_47/hpu__add id_6004_hpu__input Uniqueid: 1198 } @2=None, scope=47/attn/to_v
   %id_64054_47/attn/aten__view Unique ID:9986 = n15260_aten::view{id_64044_47/attn/to_v/aten__linear } , scope=47/attn, View Size = [1, 15911, 56, 128]
   %id_64321_47/attn/aten__transpose Unique ID:10035 = n15259_aten::transpose{id_64054_47/attn/aten__view } , scope=47/attn, dim0=1, dim1=2
   %id_64312_47/attn/prim__constant Unique ID:0 = n15255_prim::constant{} , scope=47/attn, value=-1
   %id_64144_47/attn/norm_k/prim__constant Unique ID:0 = n15197_prim::constant{} , scope=47/attn/norm_k, value=15
   %id_6024_hpu__input Unique ID:1202 = n1203_hpu::input{} 
   %id_64124_47/attn/norm_k/prim__constant Unique ID:0 = n15190_prim::constant{} , scope=47/attn/norm_k, value=1
   %id_64121_47/attn/norm_k/prim__constant Unique ID:0 = n15188_prim::constant{} , scope=47/attn/norm_k, value=True
   %id_64115_47/attn/norm_k/prim__constant Unique ID:0 = n15186_prim::constant{} , scope=47/attn/norm_k, value=2
   %id_64112_47/attn/norm_q/prim__constant Unique ID:0 = n15184_prim::constant{} , scope=47/attn/norm_q, value=6
   %id_5994_hpu__input Unique ID:1196 = n1197_hpu::input{} 
   %id_64040_47/attn/to_k/aten__linear Unique ID:9982 = n15159_aten::linear{id_64025_47/hpu__add id_5994_hpu__input Uniqueid: 1196 } @2=None, scope=47/attn/to_k
   %id_64051_47/attn/norm_q/aten__view Unique ID:9985 = n15183_aten::view{id_64040_47/attn/to_k/aten__linear } , scope=47/attn/norm_q, View Size = [1, 15911, 56, 128]
   %id_64105_47/attn/norm_q/hpu__cast Unique ID:9994 = n15185_hpu::cast{id_64051_47/attn/norm_q/aten__view id_64112_47/attn/norm_q/prim__constant } , scope=47/attn/norm_q
   %id_64108_47/attn/norm_k/aten__pow Unique ID:9995 = n15187_aten::pow{id_64105_47/attn/norm_q/hpu__cast id_64115_47/attn/norm_k/prim__constant } , scope=47/attn/norm_k
   %id_64118_47/attn/norm_k/aten__mean Unique ID:9996 = n15189_aten::mean{id_64108_47/attn/norm_k/aten__pow id_64121_47/attn/norm_k/prim__constant } @3=None, @1=[3], scope=47/attn/norm_k
   %id_64118_47/attn/norm_k/hpu__add_ Unique ID:9996 = n15191_hpu::add_{id_64118_47/attn/norm_k/aten__mean id_23854_token_refiner/0/norm1/hpu__input Uniqueid: 4645 id_64124_47/attn/norm_k/prim__constant } , scope=47/attn/norm_k
   %id_64127_47/attn/norm_k/aten__rsqrt Unique ID:9997 = n15192_aten::rsqrt{id_64118_47/attn/norm_k/hpu__add_ } , scope=47/attn/norm_k
   %id_64131_47/attn/norm_k/aten__mul Unique ID:9998 = n15193_aten::mul{id_64105_47/attn/norm_q/hpu__cast id_64127_47/attn/norm_k/aten__rsqrt } , scope=47/attn/norm_k
   %id_64135_47/attn/norm_k/aten__mul Unique ID:9999 = n15194_aten::mul{id_64131_47/attn/norm_k/aten__mul id_6024_hpu__input Uniqueid: 1202 } , scope=47/attn/norm_k
   %id_64142_47/attn/norm_k/hpu__cast Unique ID:10000 = n15198_hpu::cast{id_64135_47/attn/norm_k/aten__mul id_64144_47/attn/norm_k/prim__constant } , scope=47/attn/norm_k
   %id_64234_47/attn/aten__slice Unique ID:10018 = n15253_aten::slice{id_64142_47/attn/norm_k/hpu__cast } , scope=47/attn, dim=3, start=96, end=9223372036854775807, step=1
   %id_64303_47/attn/prim__constant Unique ID:0 = n15251_prim::constant{} , scope=47/attn, value=1
   %id_64259_47/attn/prim__constant Unique ID:0 = n15234_prim::constant{} , scope=47/attn, value=15
   %id_25419_0/attn/hpu__input Unique ID:4638 = n5314_hpu::input{} , scope=0/attn
   %id_64254_47/attn/hpu__cast Unique ID:10022 = n15235_hpu::cast{id_25419_0/attn/hpu__input Uniqueid: 4638 id_64259_47/attn/prim__constant } , scope=47/attn
   %id_64256_47/attn/aten__unsqueeze Unique ID:10023 = n15249_aten::unsqueeze{id_64254_47/attn/hpu__cast } , scope=47/attn
   %id_64262_47/attn/aten__unsqueeze Unique ID:10024 = n15248_aten::unsqueeze{id_64256_47/attn/aten__unsqueeze } , scope=47/attn
   %id_64284_47/attn/prim__constant Unique ID:0 = n15242_prim::constant{} , scope=47/attn, value=-1
   %id_64231_47/attn/aten__slice Unique ID:10017 = n15240_aten::slice{id_64142_47/attn/norm_k/hpu__cast } , scope=47/attn, dim=3, start=0, end=96, step=1
   %id_64265_47/attn/aten__slice Unique ID:10025 = n15239_aten::slice{id_64231_47/attn/aten__slice } , scope=47/attn, dim=-1, start=0, end=48, step=1
   %id_64231_47/attn/aten__slice Unique ID:10017 = n15237_aten::slice{id_64142_47/attn/norm_k/hpu__cast } , scope=47/attn, dim=3, start=0, end=96, step=1
   %id_64268_47/attn/aten__slice Unique ID:10026 = n15236_aten::slice{id_64231_47/attn/aten__slice } , scope=47/attn, dim=-1, start=48, end=96, step=1
   %id_64271_47/attn/aten__neg Unique ID:10027 = n15238_aten::neg{id_64268_47/attn/aten__slice } , scope=47/attn
   %id_64282_47/attn/prim__ListConstruct Unique ID:0 = n15241_prim::ListConstruct{id_64271_47/attn/aten__neg id_64265_47/attn/aten__slice } , scope=47/attn
   %id_64277_47/attn/aten__cat Unique ID:10028 = n15243_aten::cat{id_64282_47/attn/prim__ListConstruct id_64284_47/attn/prim__constant } , scope=47/attn
   %id_64294_47/attn/aten__mul Unique ID:10030 = n15250_aten::mul{id_64277_47/attn/aten__cat id_64262_47/attn/aten__unsqueeze } , scope=47/attn
   %id_64243_47/attn/prim__constant Unique ID:0 = n15230_prim::constant{} , scope=47/attn, value=15
   %id_25417_0/attn/hpu__input Unique ID:4637 = n5313_hpu::input{} , scope=0/attn
   %id_64240_47/attn/hpu__cast Unique ID:10019 = n15231_hpu::cast{id_25417_0/attn/hpu__input Uniqueid: 4637 id_64243_47/attn/prim__constant } , scope=47/attn
   %id_64242_47/attn/aten__unsqueeze Unique ID:10020 = n15246_aten::unsqueeze{id_64240_47/attn/hpu__cast } , scope=47/attn
   %id_64248_47/attn/aten__unsqueeze Unique ID:10021 = n15245_aten::unsqueeze{id_64242_47/attn/aten__unsqueeze } , scope=47/attn
   %id_64231_47/attn/aten__slice Unique ID:10017 = n15244_aten::slice{id_64142_47/attn/norm_k/hpu__cast } , scope=47/attn, dim=3, start=0, end=96, step=1
   %id_64285_47/attn/aten__mul Unique ID:10029 = n15247_aten::mul{id_64231_47/attn/aten__slice id_64248_47/attn/aten__unsqueeze } , scope=47/attn
   %id_64300_47/attn/hpu__add Unique ID:10031 = n15252_hpu::add{id_64285_47/attn/aten__mul id_64294_47/attn/aten__mul id_64303_47/attn/prim__constant } , scope=47/attn
   %id_64310_47/attn/prim__ListConstruct Unique ID:0 = n15254_prim::ListConstruct{id_64300_47/attn/hpu__add id_64234_47/attn/aten__slice } , scope=47/attn
   %id_64306_47/attn/aten__cat Unique ID:10032 = n15256_aten::cat{id_64310_47/attn/prim__ListConstruct id_64312_47/attn/prim__constant } , scope=47/attn
   %id_64318_47/attn/aten__transpose Unique ID:10034 = n15258_aten::transpose{id_64306_47/attn/aten__cat } , scope=47/attn, dim0=1, dim1=2
   %id_64228_47/attn/prim__constant Unique ID:0 = n15226_prim::constant{} , scope=47/attn, value=-1
   %id_64099_47/attn/norm_q/prim__constant Unique ID:0 = n15178_prim::constant{} , scope=47/attn/norm_q, value=15
   %id_6014_hpu__input Unique ID:1200 = n1201_hpu::input{} 
   %id_64079_47/attn/norm_q/prim__constant Unique ID:0 = n15171_prim::constant{} , scope=47/attn/norm_q, value=1
   %id_64076_47/attn/norm_q/prim__constant Unique ID:0 = n15169_prim::constant{} , scope=47/attn/norm_q, value=True
   %id_64070_47/attn/norm_q/prim__constant Unique ID:0 = n15167_prim::constant{} , scope=47/attn/norm_q, value=2
   %id_64067_47/attn/to_v/prim__constant Unique ID:0 = n15165_prim::constant{} , scope=47/attn/to_v, value=6
   %id_5984_hpu__input Unique ID:1194 = n1195_hpu::input{} 
   %id_64036_47/attn/to_q/aten__linear Unique ID:9981 = n15158_aten::linear{id_64025_47/hpu__add id_5984_hpu__input Uniqueid: 1194 } @2=None, scope=47/attn/to_q
   %id_64048_47/attn/to_v/aten__view Unique ID:9984 = n15164_aten::view{id_64036_47/attn/to_q/aten__linear } , scope=47/attn/to_v, View Size = [1, 15911, 56, 128]
   %id_64060_47/attn/to_v/hpu__cast Unique ID:9987 = n15166_hpu::cast{id_64048_47/attn/to_v/aten__view id_64067_47/attn/to_v/prim__constant } , scope=47/attn/to_v
   %id_64063_47/attn/norm_q/aten__pow Unique ID:9988 = n15168_aten::pow{id_64060_47/attn/to_v/hpu__cast id_64070_47/attn/norm_q/prim__constant } , scope=47/attn/norm_q
   %id_64073_47/attn/norm_q/aten__mean Unique ID:9989 = n15170_aten::mean{id_64063_47/attn/norm_q/aten__pow id_64076_47/attn/norm_q/prim__constant } @3=None, @1=[3], scope=47/attn/norm_q
   %id_64073_47/attn/norm_q/hpu__add_ Unique ID:9989 = n15172_hpu::add_{id_64073_47/attn/norm_q/aten__mean id_23854_token_refiner/0/norm1/hpu__input Uniqueid: 4645 id_64079_47/attn/norm_q/prim__constant } , scope=47/attn/norm_q
   %id_64082_47/attn/norm_q/aten__rsqrt Unique ID:9990 = n15173_aten::rsqrt{id_64073_47/attn/norm_q/hpu__add_ } , scope=47/attn/norm_q
   %id_64086_47/attn/norm_q/aten__mul Unique ID:9991 = n15174_aten::mul{id_64060_47/attn/to_v/hpu__cast id_64082_47/attn/norm_q/aten__rsqrt } , scope=47/attn/norm_q
   %id_64090_47/attn/norm_q/aten__mul Unique ID:9992 = n15175_aten::mul{id_64086_47/attn/norm_q/aten__mul id_6014_hpu__input Uniqueid: 1200 } , scope=47/attn/norm_q
   %id_64097_47/attn/norm_q/hpu__cast Unique ID:9993 = n15179_hpu::cast{id_64090_47/attn/norm_q/aten__mul id_64099_47/attn/norm_q/prim__constant } , scope=47/attn/norm_q
   %id_64150_47/attn/aten__slice Unique ID:10002 = n15224_aten::slice{id_64097_47/attn/norm_q/hpu__cast } , scope=47/attn, dim=3, start=96, end=9223372036854775807, step=1
   %id_64219_47/attn/prim__constant Unique ID:0 = n15222_prim::constant{} , scope=47/attn, value=1
   %id_64174_47/attn/norm_k/prim__constant Unique ID:0 = n15205_prim::constant{} , scope=47/attn/norm_k, value=15
   %id_64170_47/attn/norm_k/hpu__cast Unique ID:10006 = n15206_hpu::cast{id_25419_0/attn/hpu__input Uniqueid: 4638 id_64174_47/attn/norm_k/prim__constant } , scope=47/attn/norm_k
   %id_64172_47/attn/aten__unsqueeze Unique ID:10007 = n15220_aten::unsqueeze{id_64170_47/attn/norm_k/hpu__cast } , scope=47/attn
   %id_64178_47/attn/aten__unsqueeze Unique ID:10008 = n15219_aten::unsqueeze{id_64172_47/attn/aten__unsqueeze } , scope=47/attn
   %id_64200_47/attn/prim__constant Unique ID:0 = n15213_prim::constant{} , scope=47/attn, value=-1
   %id_64147_47/attn/aten__slice Unique ID:10001 = n15211_aten::slice{id_64097_47/attn/norm_q/hpu__cast } , scope=47/attn, dim=3, start=0, end=96, step=1
   %id_64181_47/attn/aten__slice Unique ID:10009 = n15210_aten::slice{id_64147_47/attn/aten__slice } , scope=47/attn, dim=-1, start=0, end=48, step=1
   %id_64147_47/attn/aten__slice Unique ID:10001 = n15208_aten::slice{id_64097_47/attn/norm_q/hpu__cast } , scope=47/attn, dim=3, start=0, end=96, step=1
   %id_64184_47/attn/aten__slice Unique ID:10010 = n15207_aten::slice{id_64147_47/attn/aten__slice } , scope=47/attn, dim=-1, start=48, end=96, step=1
   %id_64187_47/attn/aten__neg Unique ID:10011 = n15209_aten::neg{id_64184_47/attn/aten__slice } , scope=47/attn
   %id_64198_47/attn/prim__ListConstruct Unique ID:0 = n15212_prim::ListConstruct{id_64187_47/attn/aten__neg id_64181_47/attn/aten__slice } , scope=47/attn
   %id_64193_47/attn/aten__cat Unique ID:10012 = n15214_aten::cat{id_64198_47/attn/prim__ListConstruct id_64200_47/attn/prim__constant } , scope=47/attn
   %id_64207_47/attn/aten__mul Unique ID:10014 = n15221_aten::mul{id_64193_47/attn/aten__cat id_64178_47/attn/aten__unsqueeze } , scope=47/attn
   %id_64158_47/attn/norm_k/prim__constant Unique ID:0 = n15201_prim::constant{} , scope=47/attn/norm_k, value=15
   %id_64156_47/attn/norm_k/hpu__cast Unique ID:10003 = n15202_hpu::cast{id_25417_0/attn/hpu__input Uniqueid: 4637 id_64158_47/attn/norm_k/prim__constant } , scope=47/attn/norm_k
   %id_64161_47/attn/aten__unsqueeze Unique ID:10004 = n15217_aten::unsqueeze{id_64156_47/attn/norm_k/hpu__cast } , scope=47/attn
   %id_64164_47/attn/aten__unsqueeze Unique ID:10005 = n15216_aten::unsqueeze{id_64161_47/attn/aten__unsqueeze } , scope=47/attn
   %id_64147_47/attn/aten__slice Unique ID:10001 = n15215_aten::slice{id_64097_47/attn/norm_q/hpu__cast } , scope=47/attn, dim=3, start=0, end=96, step=1
   %id_64203_47/attn/aten__mul Unique ID:10013 = n15218_aten::mul{id_64147_47/attn/aten__slice id_64164_47/attn/aten__unsqueeze } , scope=47/attn
   %id_64216_47/attn/hpu__add Unique ID:10015 = n15223_hpu::add{id_64203_47/attn/aten__mul id_64207_47/attn/aten__mul id_64219_47/attn/prim__constant } , scope=47/attn
   %id_64226_47/attn/prim__ListConstruct Unique ID:0 = n15225_prim::ListConstruct{id_64216_47/attn/hpu__add id_64150_47/attn/aten__slice } , scope=47/attn
   %id_64222_47/attn/aten__cat Unique ID:10016 = n15227_aten::cat{id_64226_47/attn/prim__ListConstruct id_64228_47/attn/prim__constant } , scope=47/attn
   %id_64315_47/attn/aten__transpose Unique ID:10033 = n15257_aten::transpose{id_64222_47/attn/aten__cat } , scope=47/attn, dim0=1, dim1=2
   %id_64324_47/attn/hpu__sdpa_fwd Unique ID:10036, %id_64327_47/attn/hpu__sdpa_fwd Unique ID:10037, %id_64330_47/attn/hpu__sdpa_fwd Unique ID:10038 = n15264_hpu::sdpa_fwd{id_64315_47/attn/aten__transpose id_64318_47/attn/aten__transpose id_64321_47/attn/aten__transpose id_64337_47/attn/prim__constant id_64340_47/attn/prim__constant id_64344_47/attn/prim__constant } @9=left, @8=None, @7=fast, @3=None, scope=47/attn
   %id_64339_47/attn/aten__transpose Unique ID:10039 = n15265_aten::transpose{id_64324_47/attn/hpu__sdpa_fwd } , scope=47/attn, dim0=1, dim1=2
   %id_64349_47/attn/aten__clone Unique ID:10040 = n15267_aten::clone{id_64339_47/attn/aten__transpose id_64356_47/attn/prim__constant } , scope=47/attn
   %id_64353_47/attn/0/aten__view Unique ID:10041 = n15268_aten::view{id_64349_47/attn/aten__clone } , scope=47/attn/0, View Size = [1, 15911, 7168]
   %id_64359_47/attn/0/aten__linear Unique ID:10042 = n15269_aten::linear{id_64353_47/attn/0/aten__view id_6034_hpu__input Uniqueid: 1204 } @2=None, scope=47/attn/0
   %id_64364_47/aten__view Unique ID:10043 = n15274_aten::view{id_64359_47/attn/0/aten__linear } , scope=47, View Size = [1, 15911, 5376]
   %id_64372_47/prim__constant Unique ID:0 = n15272_prim::constant{} , scope=47, value=0
   %id_63932_47/aten__view Unique ID:9962 = n15271_aten::view{id_63928_47/adaln_proj/linear/aten__linear } , scope=47, View Size = [3, 32256]
   %id_63941_47/aten__slice Unique ID:9965 = n15270_aten::slice{id_63932_47/aten__view } , scope=47, dim=-1, start=10752, end=16128, step=1
   %id_64367_47/aten__index_select Unique ID:10044 = n15273_aten::index_select{id_63941_47/aten__slice id_64372_47/prim__constant id_25431_0/attn/hpu__input Uniqueid: 4787 } , scope=47
   %id_64375_47/aten__mul Unique ID:10045 = n15275_aten::mul{id_64367_47/aten__index_select id_64364_47/aten__view } , scope=47
   %id_64380_47/hpu__add Unique ID:10046 = n15277_hpu::add{id_63906_46/hpu__add id_64375_47/aten__mul id_64383_47/prim__constant } , scope=47
   %id_64389_47/hpu__cast Unique ID:10047 = n15281_hpu::cast{id_64380_47/hpu__add id_64391_47/prim__constant } , scope=47
   %id_64394_47/norm2/aten__pow Unique ID:10048 = n15283_aten::pow{id_64389_47/hpu__cast id_64397_47/norm2/prim__constant } , scope=47/norm2
   %id_64400_47/norm2/aten__mean Unique ID:10049 = n15285_aten::mean{id_64394_47/norm2/aten__pow id_64403_47/norm2/prim__constant } @3=None, @1=[2], scope=47/norm2
   %id_64400_47/norm2/hpu__add_ Unique ID:10049 = n15287_hpu::add_{id_64400_47/norm2/aten__mean id_23854_token_refiner/0/norm1/hpu__input Uniqueid: 4645 id_64406_47/norm2/prim__constant } , scope=47/norm2
   %id_64409_47/norm2/aten__rsqrt Unique ID:10050 = n15288_aten::rsqrt{id_64400_47/norm2/hpu__add_ } , scope=47/norm2
   %id_64413_47/norm2/aten__mul Unique ID:10051 = n15289_aten::mul{id_64389_47/hpu__cast id_64409_47/norm2/aten__rsqrt } , scope=47/norm2
   %id_64417_47/norm2/aten__mul Unique ID:10052 = n15290_aten::mul{id_64413_47/norm2/aten__mul id_6044_hpu__input Uniqueid: 1206 } , scope=47/norm2
   %id_64424_47/norm2/hpu__cast Unique ID:10053 = n15294_hpu::cast{id_64417_47/norm2/aten__mul id_64426_47/norm2/prim__constant } , scope=47/norm2
   %id_64443_47/aten__mul Unique ID:10056 = n15304_aten::mul{id_64424_47/norm2/hpu__cast id_64437_47/hpu__add } , scope=47
   %id_64460_47/hpu__add Unique ID:10058 = n15310_hpu::add{id_64443_47/aten__mul id_64454_47/aten__index_select id_64466_47/prim__constant } , scope=47
   %id_64469_47/ff/0/proj/aten__linear Unique ID:10059 = n15311_aten::linear{id_64460_47/hpu__add id_6054_hpu__input Uniqueid: 1208 } @2=None, scope=47/ff/0/proj
   %id_64476_47/ff/0/activation/aten__slice Unique ID:10061 = n15312_aten::slice{id_64469_47/ff/0/proj/aten__linear } , scope=47/ff/0/activation, dim=-1, start=14336, end=28672, step=1
   %id_64479_47/ff/0/activation/aten__silu Unique ID:10062 = n15313_aten::silu{id_64476_47/ff/0/activation/aten__slice } , scope=47/ff/0/activation
   %id_64473_47/ff/0/aten__slice Unique ID:10060 = n15314_aten::slice{id_64469_47/ff/0/proj/aten__linear } , scope=47/ff/0, dim=-1, start=0, end=14336, step=1
   %id_64484_47/ff/0/aten__mul Unique ID:10063 = n15315_aten::mul{id_64473_47/ff/0/aten__slice id_64479_47/ff/0/activation/aten__silu } , scope=47/ff/0
   %id_64489_47/ff/2/aten__view Unique ID:10064 = n15316_aten::view{id_64484_47/ff/0/aten__mul } , scope=47/ff/2, View Size = [1, 15911, 14336]
   %id_64492_47/ff/2/aten__linear Unique ID:10065 = n15317_aten::linear{id_64489_47/ff/2/aten__view id_6064_hpu__input Uniqueid: 1210 } @2=None, scope=47/ff/2
   %id_64505_47/prim__constant Unique ID:0 = n15320_prim::constant{} , scope=47, value=0
   %id_63932_47/aten__view Unique ID:9962 = n15319_aten::view{id_63928_47/adaln_proj/linear/aten__linear } , scope=47, View Size = [3, 32256]
   %id_63950_47/aten__slice Unique ID:9968 = n15318_aten::slice{id_63932_47/aten__view } , scope=47, dim=-1, start=26880, end=32256, step=1
   %id_64497_47/aten__index_select Unique ID:10066 = n15321_aten::index_select{id_63950_47/aten__slice id_64505_47/prim__constant id_25431_0/attn/hpu__input Uniqueid: 4787 } , scope=47
   %id_64502_47/aten__mul Unique ID:10067 = n15322_aten::mul{id_64497_47/aten__index_select id_64492_47/ff/2/aten__linear } , scope=47
   %id_64509_47/hpu__add Unique ID:10068 = n15324_hpu::add{id_64380_47/hpu__add id_64502_47/aten__mul id_64512_47/prim__constant } , scope=47
   %id_6204_hpu__input Unique ID:1238 = n1239_hpu::input{} 
   %id_6194_hpu__input Unique ID:1236 = n1237_hpu::input{} 
   %id_64524_48/adaln_proj/prim__constant Unique ID:0 = n15328_prim::constant{} , scope=48/adaln_proj, value=15
   %id_64515_48/adaln_proj/aten__silu Unique ID:10069 = n15325_aten::silu{id_25429_0/attn/hpu__input Uniqueid: 4784 } , scope=48/adaln_proj
   %id_64522_48/adaln_proj/hpu__cast Unique ID:10070 = n15329_hpu::cast{id_64515_48/adaln_proj/aten__silu id_64524_48/adaln_proj/prim__constant } , scope=48/adaln_proj
   %id_64527_48/adaln_proj/linear/aten__linear Unique ID:10071 = n15330_aten::linear{id_64522_48/adaln_proj/hpu__cast id_6194_hpu__input Uniqueid: 1236 id_6204_hpu__input Uniqueid: 1238 } , scope=48/adaln_proj/linear
   %id_64632_48/prim__constant Unique ID:0 = n15362_prim::constant{} , scope=48, value=1
   %id_64629_48/prim__constant Unique ID:0 = n15360_prim::constant{} , scope=48, value=0
   %id_64531_48/aten__view Unique ID:10072 = n15359_aten::view{id_64527_48/adaln_proj/linear/aten__linear Uniqueid: 10071 } , scope=48, View Size = [3, 32256]
   %id_64534_48/aten__slice Unique ID:10073 = n15358_aten::slice{id_64531_48/aten__view } , scope=48, dim=-1, start=0, end=5376, step=1
   %id_64618_48/aten__index_select Unique ID:10089 = n15361_aten::index_select{id_64534_48/aten__slice id_64629_48/prim__constant id_25431_0/attn/hpu__input Uniqueid: 4787 } , scope=48
   %id_64615_48/prim__constant Unique ID:0 = n15355_prim::constant{} , scope=48, value=1
   %id_64612_48/prim__constant Unique ID:0 = n15353_prim::constant{} , scope=48, value=15
   %id_64606_48/hpu__cast Unique ID:4611686018427388001 = n15354_hpu::cast{id_24725_0/hpu__input Uniqueid: 4806 id_64612_48/prim__constant } , scope=48
   %id_64600_48/prim__constant Unique ID:0 = n15350_prim::constant{} , scope=48, value=0
   %id_64531_48/aten__view Unique ID:10072 = n15349_aten::view{id_64527_48/adaln_proj/linear/aten__linear Uniqueid: 10071 } , scope=48, View Size = [3, 32256]
   %id_64537_48/aten__slice Unique ID:10074 = n15348_aten::slice{id_64531_48/aten__view } , scope=48, dim=-1, start=5376, end=10752, step=1
   %id_64595_48/aten__index_select Unique ID:10086 = n15351_aten::index_select{id_64537_48/aten__slice id_64600_48/prim__constant id_25431_0/attn/hpu__input Uniqueid: 4787 } , scope=48
   %id_64603_48/hpu__add Unique ID:10087 = n15356_hpu::add{id_64595_48/aten__index_select id_64606_48/hpu__cast id_64615_48/prim__constant } , scope=48
   %id_64592_48/norm1/prim__constant Unique ID:0 = n15346_prim::constant{} , scope=48/norm1, value=15
   %id_6094_hpu__input Unique ID:1216 = n1217_hpu::input{} 
   %id_64572_48/norm1/prim__constant Unique ID:0 = n15339_prim::constant{} , scope=48/norm1, value=1
   %id_64569_48/norm1/prim__constant Unique ID:0 = n15337_prim::constant{} , scope=48/norm1, value=True
   %id_64563_48/norm1/prim__constant Unique ID:0 = n15335_prim::constant{} , scope=48/norm1, value=2
   %id_64557_48/adaln_proj/linear/prim__constant Unique ID:0 = n15333_prim::constant{} , scope=48/adaln_proj/linear, value=6
   %id_64555_48/adaln_proj/linear/hpu__cast Unique ID:10079 = n15334_hpu::cast{id_64509_47/hpu__add Uniqueid: 10068 id_64557_48/adaln_proj/linear/prim__constant } , scope=48/adaln_proj/linear
   %id_64560_48/norm1/aten__pow Unique ID:10080 = n15336_aten::pow{id_64555_48/adaln_proj/linear/hpu__cast id_64563_48/norm1/prim__constant } , scope=48/norm1
   %id_64566_48/norm1/aten__mean Unique ID:10081 = n15338_aten::mean{id_64560_48/norm1/aten__pow id_64569_48/norm1/prim__constant } @3=None, @1=[2], scope=48/norm1
   %id_64566_48/norm1/hpu__add_ Unique ID:10081 = n15340_hpu::add_{id_64566_48/norm1/aten__mean id_23854_token_refiner/0/norm1/hpu__input Uniqueid: 4645 id_64572_48/norm1/prim__constant } , scope=48/norm1
   %id_64575_48/norm1/aten__rsqrt Unique ID:10082 = n15341_aten::rsqrt{id_64566_48/norm1/hpu__add_ } , scope=48/norm1
   %id_64579_48/norm1/aten__mul Unique ID:10083 = n15342_aten::mul{id_64555_48/adaln_proj/linear/hpu__cast id_64575_48/norm1/aten__rsqrt } , scope=48/norm1
   %id_64583_48/norm1/aten__mul Unique ID:10084 = n15343_aten::mul{id_64579_48/norm1/aten__mul id_6094_hpu__input Uniqueid: 1216 } , scope=48/norm1
   %id_64590_48/norm1/hpu__cast Unique ID:10085 = n15347_hpu::cast{id_64583_48/norm1/aten__mul id_64592_48/norm1/prim__constant } , scope=48/norm1
   %id_64609_48/aten__mul Unique ID:10088 = n15357_aten::mul{id_64590_48/norm1/hpu__cast id_64603_48/hpu__add } , scope=48
   %id_64624_48/hpu__add Unique ID:10090 = n15363_hpu::add{id_64609_48/aten__mul id_64618_48/aten__index_select id_64632_48/prim__constant } , scope=48
   %id_6154_hpu__input Unique ID:1228 = n1229_hpu::input{} 
   %id_64955_48/attn/prim__constant Unique ID:0 = n15472_prim::constant{} , scope=48/attn, value=0
   %id_64943_48/attn/prim__constant Unique ID:0 = n15469_prim::constant{} , scope=48/attn, value=False
   %id_64941_48/attn/prim__constant Unique ID:0 = n15468_prim::constant{} , scope=48/attn, value=0.088388347648318433
   %id_64939_48/attn/prim__constant Unique ID:0 = n15467_prim::constant{} , scope=48/attn, value=0.
   %id_6124_hpu__input Unique ID:1222 = n1223_hpu::input{} 
   %id_64643_48/attn/to_v/aten__linear Unique ID:10093 = n15366_aten::linear{id_64624_48/hpu__add Uniqueid: 10090 id_6124_hpu__input Uniqueid: 1222 } @2=None, scope=48/attn/to_v
   %id_64653_48/attn/aten__view Unique ID:10096 = n15466_aten::view{id_64643_48/attn/to_v/aten__linear } , scope=48/attn, View Size = [1, 15911, 56, 128]
   %id_64920_48/attn/aten__transpose Unique ID:10145 = n15465_aten::transpose{id_64653_48/attn/aten__view } , scope=48/attn, dim0=1, dim1=2
   %id_64911_48/attn/prim__constant Unique ID:0 = n15461_prim::constant{} , scope=48/attn, value=-1
   %id_64743_48/attn/norm_k/prim__constant Unique ID:0 = n15403_prim::constant{} , scope=48/attn/norm_k, value=15
   %id_6144_hpu__input Unique ID:1226 = n1227_hpu::input{} 
   %id_64723_48/attn/norm_k/prim__constant Unique ID:0 = n15396_prim::constant{} , scope=48/attn/norm_k, value=1
   %id_64720_48/attn/norm_k/prim__constant Unique ID:0 = n15394_prim::constant{} , scope=48/attn/norm_k, value=True
   %id_64714_48/attn/norm_k/prim__constant Unique ID:0 = n15392_prim::constant{} , scope=48/attn/norm_k, value=2
   %id_64711_48/attn/norm_q/prim__constant Unique ID:0 = n15390_prim::constant{} , scope=48/attn/norm_q, value=6
   %id_6114_hpu__input Unique ID:1220 = n1221_hpu::input{} 
   %id_64639_48/attn/to_k/aten__linear Unique ID:10092 = n15365_aten::linear{id_64624_48/hpu__add Uniqueid: 10090 id_6114_hpu__input Uniqueid: 1220 } @2=None, scope=48/attn/to_k
   %id_64650_48/attn/norm_q/aten__view Unique ID:10095 = n15389_aten::view{id_64639_48/attn/to_k/aten__linear } , scope=48/attn/norm_q, View Size = [1, 15911, 56, 128]
   %id_64704_48/attn/norm_q/hpu__cast Unique ID:10104 = n15391_hpu::cast{id_64650_48/attn/norm_q/aten__view id_64711_48/attn/norm_q/prim__constant } , scope=48/attn/norm_q
   %id_64707_48/attn/norm_k/aten__pow Unique ID:10105 = n15393_aten::pow{id_64704_48/attn/norm_q/hpu__cast id_64714_48/attn/norm_k/prim__constant } , scope=48/attn/norm_k
   %id_64717_48/attn/norm_k/aten__mean Unique ID:10106 = n15395_aten::mean{id_64707_48/attn/norm_k/aten__pow id_64720_48/attn/norm_k/prim__constant } @3=None, @1=[3], scope=48/attn/norm_k
   %id_64717_48/attn/norm_k/hpu__add_ Unique ID:10106 = n15397_hpu::add_{id_64717_48/attn/norm_k/aten__mean id_23854_token_refiner/0/norm1/hpu__input Uniqueid: 4645 id_64723_48/attn/norm_k/prim__constant } , scope=48/attn/norm_k
   %id_64725_48/attn/norm_k/aten__rsqrt Unique ID:10107 = n15398_aten::rsqrt{id_64717_48/attn/norm_k/hpu__add_ } , scope=48/attn/norm_k
   %id_64730_48/attn/norm_k/aten__mul Unique ID:10108 = n15399_aten::mul{id_64704_48/attn/norm_q/hpu__cast id_64725_48/attn/norm_k/aten__rsqrt } , scope=48/attn/norm_k
   %id_64734_48/attn/norm_k/aten__mul Unique ID:10109 = n15400_aten::mul{id_64730_48/attn/norm_k/aten__mul id_6144_hpu__input Uniqueid: 1226 } , scope=48/attn/norm_k
   %id_64741_48/attn/norm_k/hpu__cast Unique ID:10110 = n15404_hpu::cast{id_64734_48/attn/norm_k/aten__mul id_64743_48/attn/norm_k/prim__constant } , scope=48/attn/norm_k
   %id_64833_48/attn/aten__slice Unique ID:10128 = n15459_aten::slice{id_64741_48/attn/norm_k/hpu__cast } , scope=48/attn, dim=3, start=96, end=9223372036854775807, step=1
   %id_64902_48/attn/prim__constant Unique ID:0 = n15457_prim::constant{} , scope=48/attn, value=1
   %id_64858_48/attn/prim__constant Unique ID:0 = n15440_prim::constant{} , scope=48/attn, value=15
   %id_64853_48/attn/hpu__cast Unique ID:10132 = n15441_hpu::cast{id_25419_0/attn/hpu__input Uniqueid: 4638 id_64858_48/attn/prim__constant } , scope=48/attn
   %id_64855_48/attn/aten__unsqueeze Unique ID:10133 = n15455_aten::unsqueeze{id_64853_48/attn/hpu__cast } , scope=48/attn
   %id_64861_48/attn/aten__unsqueeze Unique ID:10134 = n15454_aten::unsqueeze{id_64855_48/attn/aten__unsqueeze } , scope=48/attn
   %id_64886_48/attn/prim__constant Unique ID:0 = n15448_prim::constant{} , scope=48/attn, value=-1
   %id_64830_48/attn/aten__slice Unique ID:10127 = n15446_aten::slice{id_64741_48/attn/norm_k/hpu__cast } , scope=48/attn, dim=3, start=0, end=96, step=1
   %id_64864_48/attn/aten__slice Unique ID:10135 = n15445_aten::slice{id_64830_48/attn/aten__slice } , scope=48/attn, dim=-1, start=0, end=48, step=1
   %id_64830_48/attn/aten__slice Unique ID:10127 = n15443_aten::slice{id_64741_48/attn/norm_k/hpu__cast } , scope=48/attn, dim=3, start=0, end=96, step=1
   %id_64867_48/attn/aten__slice Unique ID:10136 = n15442_aten::slice{id_64830_48/attn/aten__slice } , scope=48/attn, dim=-1, start=48, end=96, step=1
   %id_64870_48/attn/aten__neg Unique ID:10137 = n15444_aten::neg{id_64867_48/attn/aten__slice } , scope=48/attn
   %id_64884_48/attn/prim__ListConstruct Unique ID:0 = n15447_prim::ListConstruct{id_64870_48/attn/aten__neg id_64864_48/attn/aten__slice } , scope=48/attn
   %id_64876_48/attn/aten__cat Unique ID:10138 = n15449_aten::cat{id_64884_48/attn/prim__ListConstruct id_64886_48/attn/prim__constant } , scope=48/attn
   %id_64890_48/attn/aten__mul Unique ID:10140 = n15456_aten::mul{id_64876_48/attn/aten__cat id_64861_48/attn/aten__unsqueeze } , scope=48/attn
   %id_64841_48/attn/prim__constant Unique ID:0 = n15436_prim::constant{} , scope=48/attn, value=15
   %id_64839_48/attn/hpu__cast Unique ID:10129 = n15437_hpu::cast{id_25417_0/attn/hpu__input Uniqueid: 4637 id_64841_48/attn/prim__constant } , scope=48/attn
   %id_64843_48/attn/aten__unsqueeze Unique ID:10130 = n15452_aten::unsqueeze{id_64839_48/attn/hpu__cast } , scope=48/attn
   %id_64847_48/attn/aten__unsqueeze Unique ID:10131 = n15451_aten::unsqueeze{id_64843_48/attn/aten__unsqueeze } , scope=48/attn
   %id_64830_48/attn/aten__slice Unique ID:10127 = n15450_aten::slice{id_64741_48/attn/norm_k/hpu__cast } , scope=48/attn, dim=3, start=0, end=96, step=1
   %id_64881_48/attn/aten__mul Unique ID:10139 = n15453_aten::mul{id_64830_48/attn/aten__slice id_64847_48/attn/aten__unsqueeze } , scope=48/attn
   %id_64898_48/attn/hpu__add Unique ID:10141 = n15458_hpu::add{id_64881_48/attn/aten__mul id_64890_48/attn/aten__mul id_64902_48/attn/prim__constant } , scope=48/attn
   %id_64909_48/attn/prim__ListConstruct Unique ID:0 = n15460_prim::ListConstruct{id_64898_48/attn/hpu__add id_64833_48/attn/aten__slice } , scope=48/attn
   %id_64905_48/attn/aten__cat Unique ID:10142 = n15462_aten::cat{id_64909_48/attn/prim__ListConstruct id_64911_48/attn/prim__constant } , scope=48/attn
   %id_64917_48/attn/aten__transpose Unique ID:10144 = n15464_aten::transpose{id_64905_48/attn/aten__cat } , scope=48/attn, dim0=1, dim1=2
   %id_64827_48/attn/prim__constant Unique ID:0 = n15432_prim::constant{} , scope=48/attn, value=-1
   %id_64698_48/attn/norm_q/prim__constant Unique ID:0 = n15384_prim::constant{} , scope=48/attn/norm_q, value=15
   %id_6134_hpu__input Unique ID:1224 = n1225_hpu::input{} 
   %id_64678_48/attn/norm_q/prim__constant Unique ID:0 = n15377_prim::constant{} , scope=48/attn/norm_q, value=1
   %id_64675_48/attn/norm_q/prim__constant Unique ID:0 = n15375_prim::constant{} , scope=48/attn/norm_q, value=True
   %id_64669_48/attn/norm_q/prim__constant Unique ID:0 = n15373_prim::constant{} , scope=48/attn/norm_q, value=2
   %id_64663_48/attn/to_v/prim__constant Unique ID:0 = n15371_prim::constant{} , scope=48/attn/to_v, value=6
   %id_6104_hpu__input Unique ID:1218 = n1219_hpu::input{} 
   %id_64635_48/attn/to_q/aten__linear Unique ID:10091 = n15364_aten::linear{id_64624_48/hpu__add Uniqueid: 10090 id_6104_hpu__input Uniqueid: 1218 } @2=None, scope=48/attn/to_q
   %id_64647_48/attn/to_v/aten__view Unique ID:10094 = n15370_aten::view{id_64635_48/attn/to_q/aten__linear } , scope=48/attn/to_v, View Size = [1, 15911, 56, 128]
   %id_64659_48/attn/to_v/hpu__cast Unique ID:10097 = n15372_hpu::cast{id_64647_48/attn/to_v/aten__view id_64663_48/attn/to_v/prim__constant } , scope=48/attn/to_v
   %id_64666_48/attn/norm_q/aten__pow Unique ID:10098 = n15374_aten::pow{id_64659_48/attn/to_v/hpu__cast id_64669_48/attn/norm_q/prim__constant } , scope=48/attn/norm_q
   %id_64672_48/attn/norm_q/aten__mean Unique ID:10099 = n15376_aten::mean{id_64666_48/attn/norm_q/aten__pow id_64675_48/attn/norm_q/prim__constant } @3=None, @1=[3], scope=48/attn/norm_q
   %id_64672_48/attn/norm_q/hpu__add_ Unique ID:10099 = n15378_hpu::add_{id_64672_48/attn/norm_q/aten__mean id_23854_token_refiner/0/norm1/hpu__input Uniqueid: 4645 id_64678_48/attn/norm_q/prim__constant } , scope=48/attn/norm_q
   %id_64681_48/attn/norm_q/aten__rsqrt Unique ID:10100 = n15379_aten::rsqrt{id_64672_48/attn/norm_q/hpu__add_ } , scope=48/attn/norm_q
   %id_64685_48/attn/norm_q/aten__mul Unique ID:10101 = n15380_aten::mul{id_64659_48/attn/to_v/hpu__cast id_64681_48/attn/norm_q/aten__rsqrt } , scope=48/attn/norm_q
   %id_64689_48/attn/norm_q/aten__mul Unique ID:10102 = n15381_aten::mul{id_64685_48/attn/norm_q/aten__mul id_6134_hpu__input Uniqueid: 1224 } , scope=48/attn/norm_q
   %id_64696_48/attn/norm_q/hpu__cast Unique ID:10103 = n15385_hpu::cast{id_64689_48/attn/norm_q/aten__mul id_64698_48/attn/norm_q/prim__constant } , scope=48/attn/norm_q
   %id_64749_48/attn/aten__slice Unique ID:10112 = n15430_aten::slice{id_64696_48/attn/norm_q/hpu__cast } , scope=48/attn, dim=3, start=96, end=9223372036854775807, step=1
   %id_64818_48/attn/prim__constant Unique ID:0 = n15428_prim::constant{} , scope=48/attn, value=1
   %id_64774_48/attn/norm_k/prim__constant Unique ID:0 = n15411_prim::constant{} , scope=48/attn/norm_k, value=15
   %id_64769_48/attn/norm_k/hpu__cast Unique ID:10116 = n15412_hpu::cast{id_25419_0/attn/hpu__input Uniqueid: 4638 id_64774_48/attn/norm_k/prim__constant } , scope=48/attn/norm_k
   %id_64771_48/attn/aten__unsqueeze Unique ID:10117 = n15426_aten::unsqueeze{id_64769_48/attn/norm_k/hpu__cast } , scope=48/attn
   %id_64777_48/attn/aten__unsqueeze Unique ID:10118 = n15425_aten::unsqueeze{id_64771_48/attn/aten__unsqueeze } , scope=48/attn
   %id_64799_48/attn/prim__constant Unique ID:0 = n15419_prim::constant{} , scope=48/attn, value=-1
   %id_64746_48/attn/aten__slice Unique ID:10111 = n15417_aten::slice{id_64696_48/attn/norm_q/hpu__cast } , scope=48/attn, dim=3, start=0, end=96, step=1
   %id_64780_48/attn/aten__slice Unique ID:10119 = n15416_aten::slice{id_64746_48/attn/aten__slice } , scope=48/attn, dim=-1, start=0, end=48, step=1
   %id_64746_48/attn/aten__slice Unique ID:10111 = n15414_aten::slice{id_64696_48/attn/norm_q/hpu__cast } , scope=48/attn, dim=3, start=0, end=96, step=1
   %id_64783_48/attn/aten__slice Unique ID:10120 = n15413_aten::slice{id_64746_48/attn/aten__slice } , scope=48/attn, dim=-1, start=48, end=96, step=1
   %id_64786_48/attn/aten__neg Unique ID:10121 = n15415_aten::neg{id_64783_48/attn/aten__slice } , scope=48/attn
   %id_64797_48/attn/prim__ListConstruct Unique ID:0 = n15418_prim::ListConstruct{id_64786_48/attn/aten__neg id_64780_48/attn/aten__slice } , scope=48/attn
   %id_64792_48/attn/aten__cat Unique ID:10122 = n15420_aten::cat{id_64797_48/attn/prim__ListConstruct id_64799_48/attn/prim__constant } , scope=48/attn
   %id_64806_48/attn/aten__mul Unique ID:10124 = n15427_aten::mul{id_64792_48/attn/aten__cat id_64777_48/attn/aten__unsqueeze } , scope=48/attn
   %id_64757_48/attn/norm_k/prim__constant Unique ID:0 = n15407_prim::constant{} , scope=48/attn/norm_k, value=15
   %id_64755_48/attn/norm_k/hpu__cast Unique ID:10113 = n15408_hpu::cast{id_25417_0/attn/hpu__input Uniqueid: 4637 id_64757_48/attn/norm_k/prim__constant } , scope=48/attn/norm_k
   %id_64760_48/attn/aten__unsqueeze Unique ID:10114 = n15423_aten::unsqueeze{id_64755_48/attn/norm_k/hpu__cast } , scope=48/attn
   %id_64763_48/attn/aten__unsqueeze Unique ID:10115 = n15422_aten::unsqueeze{id_64760_48/attn/aten__unsqueeze } , scope=48/attn
   %id_64746_48/attn/aten__slice Unique ID:10111 = n15421_aten::slice{id_64696_48/attn/norm_q/hpu__cast } , scope=48/attn, dim=3, start=0, end=96, step=1
   %id_64801_48/attn/aten__mul Unique ID:10123 = n15424_aten::mul{id_64746_48/attn/aten__slice id_64763_48/attn/aten__unsqueeze } , scope=48/attn
   %id_64814_48/attn/hpu__add Unique ID:10125 = n15429_hpu::add{id_64801_48/attn/aten__mul id_64806_48/attn/aten__mul id_64818_48/attn/prim__constant } , scope=48/attn
   %id_64825_48/attn/prim__ListConstruct Unique ID:0 = n15431_prim::ListConstruct{id_64814_48/attn/hpu__add id_64749_48/attn/aten__slice } , scope=48/attn
   %id_64821_48/attn/aten__cat Unique ID:10126 = n15433_aten::cat{id_64825_48/attn/prim__ListConstruct id_64827_48/attn/prim__constant } , scope=48/attn
   %id_64914_48/attn/aten__transpose Unique ID:10143 = n15463_aten::transpose{id_64821_48/attn/aten__cat } , scope=48/attn, dim0=1, dim1=2
   %id_64923_48/attn/hpu__sdpa_fwd Unique ID:10146, %id_64926_48/attn/hpu__sdpa_fwd Unique ID:10147, %id_64929_48/attn/hpu__sdpa_fwd Unique ID:10148 = n15470_hpu::sdpa_fwd{id_64914_48/attn/aten__transpose id_64917_48/attn/aten__transpose id_64920_48/attn/aten__transpose id_64939_48/attn/prim__constant id_64941_48/attn/prim__constant id_64943_48/attn/prim__constant } @9=left, @8=None, @7=fast, @3=None, scope=48/attn
   %id_64934_48/attn/aten__transpose Unique ID:10149 = n15471_aten::transpose{id_64923_48/attn/hpu__sdpa_fwd } , scope=48/attn, dim0=1, dim1=2
   %id_64948_48/attn/aten__clone Unique ID:10150 = n15473_aten::clone{id_64934_48/attn/aten__transpose id_64955_48/attn/prim__constant } , scope=48/attn
   %id_64951_48/attn/0/aten__view Unique ID:10151 = n15474_aten::view{id_64948_48/attn/aten__clone } , scope=48/attn/0, View Size = [1, 15911, 7168]
   %id_64958_48/attn/0/aten__linear Unique ID:10152 = n15475_aten::linear{id_64951_48/attn/0/aten__view id_6154_hpu__input Uniqueid: 1228 } @2=None, scope=48/attn/0
   %id_64982_48/prim__constant Unique ID:0 = n15482_prim::constant{} , scope=48, value=1
   %id_64963_48/aten__view Unique ID:10153 = n15480_aten::view{id_64958_48/attn/0/aten__linear Uniqueid: 10152 } , scope=48, View Size = [1, 15911, 5376]
   %id_64971_48/prim__constant Unique ID:0 = n15478_prim::constant{} , scope=48, value=0
   %id_64531_48/aten__view Unique ID:10072 = n15477_aten::view{id_64527_48/adaln_proj/linear/aten__linear Uniqueid: 10071 } , scope=48, View Size = [3, 32256]
   %id_64540_48/aten__slice Unique ID:10075 = n15476_aten::slice{id_64531_48/aten__view } , scope=48, dim=-1, start=10752, end=16128, step=1
   %id_64966_48/aten__index_select Unique ID:10154 = n15479_aten::index_select{id_64540_48/aten__slice id_64971_48/prim__constant id_25431_0/attn/hpu__input Uniqueid: 4787 } , scope=48
   %id_64974_48/aten__mul Unique ID:10155 = n15481_aten::mul{id_64966_48/aten__index_select id_64963_48/aten__view } , scope=48
   %id_64979_48/hpu__add Unique ID:10156 = n15483_hpu::add{id_64509_47/hpu__add Uniqueid: 10068 id_64974_48/aten__mul id_64982_48/prim__constant } , scope=48
   %id_64990_48/prim__constant Unique ID:0 = n15486_prim::constant{} , scope=48, value=6
   %id_64988_48/hpu__cast Unique ID:10157 = n15487_hpu::cast{id_64979_48/hpu__add Uniqueid: 10156 id_64990_48/prim__constant } , scope=48
}

[Rank:0] Habana exception raised from ValidateSyncInputTensors at hpu_lazy_tensors.cpp:871

[h3:block] ! SequentialPipelineBlocks: FAILED after 0.291s: RuntimeError: [Rank:0] FATAL ERROR :: MODULE:PT_BRIDGE Exception in Launch thread...
Check $HABANA_LOGS/ for details[Rank:0] FATAL ERROR :: MODULE:PT_LAZY Error, ValidateSyncInputTensors tensor_data is empty. Tensorid:4787 QueueStatus: ThreadPool m_tasks size: 1 irValue:id_25431_0/attn/hpu__input Uniqueid: 4787 Strided Params Has Value: 0 Failing Graph: IR {
   %id_64512_47/prim__constant Unique ID:0 = n15323_prim::constant{} , scope=47, value=1
   %id_6064_hpu__input Unique ID:1210 = n1211_hpu::input{} 
   %id_6054_hpu__input Unique ID:1208 = n1209_hpu::input{} 
   %id_64466_47/prim__constant Unique ID:0 = n15309_prim::constant{} , scope=47, value=1
   %id_25431_0/attn/hpu__input Unique ID:4787 = n5320_hpu::input{} , scope=0/attn
   %id_64463_47/prim__constant Unique ID:0 = n15307_prim::constant{} , scope=47, value=0
   %id_6084_hpu__input Unique ID:1214 = n1215_hpu::input{} 
   %id_6074_hpu__input Unique ID:1212 = n1213_hpu::input{} 
   %id_63925_47/adaln_proj/prim__constant Unique ID:0 = n15122_prim::constant{} , scope=47/adaln_proj, value=15
   %id_25429_0/attn/hpu__input Unique ID:4784 = n5319_hpu::input{} , scope=0/attn
   %id_63916_47/adaln_proj/aten__silu Unique ID:9959 = n15119_aten::silu{id_25429_0/attn/hpu__input Uniqueid: 4784 } , scope=47/adaln_proj
   %id_63923_47/adaln_proj/hpu__cast Unique ID:9960 = n15123_hpu::cast{id_63916_47/adaln_proj/aten__silu id_63925_47/adaln_proj/prim__constant } , scope=47/adaln_proj
   %id_63928_47/adaln_proj/linear/aten__linear Unique ID:9961 = n15124_aten::linear{id_63923_47/adaln_proj/hpu__cast id_6074_hpu__input Uniqueid: 1212 id_6084_hpu__input Uniqueid: 1214 } , scope=47/adaln_proj/linear
   %id_63932_47/aten__view Unique ID:9962 = n15306_aten::view{id_63928_47/adaln_proj/linear/aten__linear } , scope=47, View Size = [3, 32256]
   %id_63944_47/aten__slice Unique ID:9966 = n15305_aten::slice{id_63932_47/aten__view } , scope=47, dim=-1, start=16128, end=21504, step=1
   %id_64454_47/aten__index_select Unique ID:10057 = n15308_aten::index_select{id_63944_47/aten__slice id_64463_47/prim__constant id_25431_0/attn/hpu__input Uniqueid: 4787 } , scope=47
   %id_64449_47/prim__constant Unique ID:0 = n15302_prim::constant{} , scope=47, value=1
   %id_64446_47/prim__constant Unique ID:0 = n15300_prim::constant{} , scope=47, value=15
   %id_24725_0/hpu__input Unique ID:4806 = n5207_hpu::input{} , scope=0
   %id_64440_47/hpu__cast Unique ID:4611686018427388000 = n15301_hpu::cast{id_24725_0/hpu__input Uniqueid: 4806 id_64446_47/prim__constant } , scope=47
   %id_64434_47/prim__constant Unique ID:0 = n15297_prim::constant{} , scope=47, value=0
   %id_63932_47/aten__view Unique ID:9962 = n15296_aten::view{id_63928_47/adaln_proj/linear/aten__linear } , scope=47, View Size = [3, 32256]
   %id_63947_47/aten__slice Unique ID:9967 = n15295_aten::slice{id_63932_47/aten__view } , scope=47, dim=-1, start=21504, end=26880, step=1
   %id_64429_47/aten__index_select Unique ID:10054 = n15298_aten::index_select{id_63947_47/aten__slice id_64434_47/prim__constant id_25431_0/attn/hpu__input Uniqueid: 4787 } , scope=47
   %id_64437_47/hpu__add Unique ID:10055 = n15303_hpu::add{id_64429_47/aten__index_select id_64440_47/hpu__cast id_64449_47/prim__constant } , scope=47
   %id_64426_47/norm2/prim__constant Unique ID:0 = n15293_prim::constant{} , scope=47/norm2, value=15
   %id_6044_hpu__input Unique ID:1206 = n1207_hpu::input{} 
   %id_64406_47/norm2/prim__constant Unique ID:0 = n15286_prim::constant{} , scope=47/norm2, value=1
   %id_23854_token_refiner/0/norm1/hpu__input Unique ID:4645 = n4916_hpu::input{} , scope=token_refiner/0/norm1
   %id_64403_47/norm2/prim__constant Unique ID:0 = n15284_prim::constant{} , scope=47/norm2, value=True
   %id_64397_47/norm2/prim__constant Unique ID:0 = n15282_prim::constant{} , scope=47/norm2, value=2
   %id_64391_47/prim__constant Unique ID:0 = n15280_prim::constant{} , scope=47, value=6
   %id_64383_47/prim__constant Unique ID:0 = n15276_prim::constant{} , scope=47, value=1
   %id_6034_hpu__input Unique ID:1204 = n1205_hpu::input{} 
   %id_64356_47/attn/prim__constant Unique ID:0 = n15266_prim::constant{} , scope=47/attn, value=0
   %id_64344_47/attn/prim__constant Unique ID:0 = n15263_prim::constant{} , scope=47/attn, value=False
   %id_64340_47/attn/prim__constant Unique ID:0 = n15262_prim::constant{} , scope=47/attn, value=0.088388347648318433
   %id_64337_47/attn/prim__constant Unique ID:0 = n15261_prim::constant{} , scope=47/attn, value=0.
   %id_6004_hpu__input Unique ID:1198 = n1199_hpu::input{} 
   %id_64033_47/prim__constant Unique ID:0 = n15156_prim::constant{} , scope=47, value=1
   %id_64030_47/prim__constant Unique ID:0 = n15154_prim::constant{} , scope=47, value=0
   %id_63932_47/aten__view Unique ID:9962 = n15153_aten::view{id_63928_47/adaln_proj/linear/aten__linear } , scope=47, View Size = [3, 32256]
   %id_63935_47/aten__slice Unique ID:9963 = n15152_aten::slice{id_63932_47/aten__view } , scope=47, dim=-1, start=0, end=5376, step=1
   %id_64019_47/aten__index_select Unique ID:9979 = n15155_aten::index_select{id_63935_47/aten__slice id_64030_47/prim__constant id_25431_0/attn/hpu__input Uniqueid: 4787 } , scope=47
   %id_64016_47/prim__constant Unique ID:0 = n15149_prim::constant{} , scope=47, value=1
   %id_64013_47/prim__constant Unique ID:0 = n15147_prim::constant{} , scope=47, value=15
   %id_64007_47/hpu__cast Unique ID:4611686018427387999 = n15148_hpu::cast{id_24725_0/hpu__input Uniqueid: 4806 id_64013_47/prim__constant } , scope=47
   %id_64001_47/prim__constant Unique ID:0 = n15144_prim::constant{} , scope=47, value=0
   %id_63932_47/aten__view Unique ID:9962 = n15143_aten::view{id_63928_47/adaln_proj/linear/aten__linear } , scope=47, View Size = [3, 32256]
   %id_63938_47/aten__slice Unique ID:9964 = n15142_aten::slice{id_63932_47/aten__view } , scope=47, dim=-1, start=5376, end=10752, step=1
   %id_63996_47/aten__index_select Unique ID:9976 = n15145_aten::index_select{id_63938_47/aten__slice id_64001_47/prim__constant id_25431_0/attn/hpu__input Uniqueid: 4787 } , scope=47
   %id_64004_47/hpu__add Unique ID:9977 = n15150_hpu::add{id_63996_47/aten__index_select id_64007_47/hpu__cast id_64016_47/prim__constant } , scope=47
   %id_63993_47/norm1/prim__constant Unique ID:0 = n15140_prim::constant{} , scope=47/norm1, value=15
   %id_5974_hpu__input Unique ID:1192 = n1193_hpu::input{} 
   %id_63973_47/norm1/prim__constant Unique ID:0 = n15133_prim::constant{} , scope=47/norm1, value=1
   %id_63970_47/norm1/prim__constant Unique ID:0 = n15131_prim::constant{} , scope=47/norm1, value=True
   %id_63964_47/norm1/prim__constant Unique ID:0 = n15129_prim::constant{} , scope=47/norm1, value=2
   %id_63958_47/adaln_proj/linear/prim__constant Unique ID:0 = n15127_prim::constant{} , scope=47/adaln_proj/linear, value=6
   %id_63913_46/prim__constant Unique ID:0 = n15117_prim::constant{} , scope=46, value=1
   %id_5944_hpu__input Unique ID:1186 = n1187_hpu::input{} 
   %id_5934_hpu__input Unique ID:1184 = n1185_hpu::input{} 
   %id_63863_46/prim__constant Unique ID:0 = n15103_prim::constant{} , scope=46, value=1
   %id_63860_46/prim__constant Unique ID:0 = n15101_prim::constant{} , scope=46, value=0
   %id_63625_46/attn/hpu__input Unique ID:9851 = n15020_hpu::input{} , scope=46/attn
   %id_63641_46/aten__view Unique ID:9852 = n15100_aten::view{id_63625_46/attn/hpu__input Uniqueid: 9851 } , scope=46, View Size = [3, 32256]
   %id_62847_46/aten__slice Unique ID:9856 = n15099_aten::slice{id_63641_46/aten__view } , scope=46, dim=-1, start=16128, end=21504, step=1
   %id_63848_46/aten__index_select Unique ID:9947 = n15102_aten::index_select{id_62847_46/aten__slice id_63860_46/prim__constant id_25431_0/attn/hpu__input Uniqueid: 4787 } , scope=46
   %id_63846_46/prim__constant Unique ID:0 = n15096_prim::constant{} , scope=46, value=1
   %id_63843_46/prim__constant Unique ID:0 = n15094_prim::constant{} , scope=46, value=15
   %id_63837_46/hpu__cast Unique ID:4611686018427387998 = n15095_hpu::cast{id_24725_0/hpu__input Uniqueid: 4806 id_63843_46/prim__constant } , scope=46
   %id_63831_46/prim__constant Unique ID:0 = n15091_prim::constant{} , scope=46, value=0
   %id_63641_46/aten__view Unique ID:9852 = n15090_aten::view{id_63625_46/attn/hpu__input Uniqueid: 9851 } , scope=46, View Size = [3, 32256]
   %id_62850_46/aten__slice Unique ID:9857 = n15089_aten::slice{id_63641_46/aten__view } , scope=46, dim=-1, start=21504, end=26880, step=1
   %id_63826_46/aten__index_select Unique ID:9944 = n15092_aten::index_select{id_62850_46/aten__slice id_63831_46/prim__constant id_25431_0/attn/hpu__input Uniqueid: 4787 } , scope=46
   %id_63834_46/hpu__add Unique ID:9945 = n15097_hpu::add{id_63826_46/aten__index_select id_63837_46/hpu__cast id_63846_46/prim__constant } , scope=46
   %id_63823_46/norm2/prim__constant Unique ID:0 = n15087_prim::constant{} , scope=46/norm2, value=15
   %id_5924_hpu__input Unique ID:1182 = n1183_hpu::input{} 
   %id_63803_46/norm2/prim__constant Unique ID:0 = n15080_prim::constant{} , scope=46/norm2, value=1
   %id_63800_46/norm2/prim__constant Unique ID:0 = n15078_prim::constant{} , scope=46/norm2, value=True
   %id_63794_46/norm2/prim__constant Unique ID:0 = n15076_prim::constant{} , scope=46/norm2, value=2
   %id_63788_46/prim__constant Unique ID:0 = n15074_prim::constant{} , scope=46, value=6
   %id_63780_46/prim__constant Unique ID:0 = n15070_prim::constant{} , scope=46, value=1
   %id_5914_hpu__input Unique ID:1180 = n1181_hpu::input{} 
   %id_63751_46/attn/prim__constant Unique ID:0 = n15060_prim::constant{} , scope=46/attn, value=0
   %id_63740_46/attn/prim__constant Unique ID:0 = n15057_prim::constant{} , scope=46/attn, value=False
   %id_63736_46/attn/prim__constant Unique ID:0 = n15056_prim::constant{} , scope=46/attn, value=0.088388347648318433
   %id_63734_46/attn/prim__constant Unique ID:0 = n15055_prim::constant{} , scope=46/attn, value=0.
   %id_63629_46/attn/hpu__input Unique ID:9873 = n15022_hpu::input{} , scope=46/attn
   %id_62957_46/attn/aten__view Unique ID:9876 = n15054_aten::view{id_63629_46/attn/hpu__input Uniqueid: 9873 } , scope=46/attn, View Size = [1, 15911, 56, 128]
   %id_63718_46/attn/aten__transpose Unique ID:9925 = n15053_aten::transpose{id_62957_46/attn/aten__view } , scope=46/attn, dim0=1, dim1=2
   %id_63709_46/attn/prim__constant Unique ID:0 = n15049_prim::constant{} , scope=46/attn, value=-1
   %id_63631_46/attn/hpu__input Unique ID:9890 = n15023_hpu::input{} , scope=46/attn
   %id_63137_46/attn/aten__slice Unique ID:9908 = n15047_aten::slice{id_63631_46/attn/hpu__input Uniqueid: 9890 } , scope=46/attn, dim=3, start=96, end=9223372036854775807, step=1
   %id_63700_46/attn/prim__constant Unique ID:0 = n15045_prim::constant{} , scope=46/attn, value=1
   %id_63637_46/attn/hpu__input Unique ID:9912 = n15026_hpu::input{} , scope=46/attn
   %id_63159_46/attn/aten__unsqueeze Unique ID:9913 = n15043_aten::unsqueeze{id_63637_46/attn/hpu__input Uniqueid: 9912 } , scope=46/attn
   %id_63659_46/attn/aten__unsqueeze Unique ID:9914 = n15042_aten::unsqueeze{id_63159_46/attn/aten__unsqueeze } , scope=46/attn
   %id_63681_46/attn/prim__constant Unique ID:0 = n15036_prim::constant{} , scope=46/attn, value=-1
   %id_63133_46/attn/aten__slice Unique ID:9907 = n15034_aten::slice{id_63631_46/attn/hpu__input Uniqueid: 9890 } , scope=46/attn, dim=3, start=0, end=96, step=1
   %id_63662_46/attn/aten__slice Unique ID:9915 = n15033_aten::slice{id_63133_46/attn/aten__slice } , scope=46/attn, dim=-1, start=0, end=48, step=1
   %id_63133_46/attn/aten__slice Unique ID:9907 = n15031_aten::slice{id_63631_46/attn/hpu__input Uniqueid: 9890 } , scope=46/attn, dim=3, start=0, end=96, step=1
   %id_63665_46/attn/aten__slice Unique ID:9916 = n15030_aten::slice{id_63133_46/attn/aten__slice } , scope=46/attn, dim=-1, start=48, end=96, step=1
   %id_63668_46/attn/aten__neg Unique ID:9917 = n15032_aten::neg{id_63665_46/attn/aten__slice } , scope=46/attn
   %id_63679_46/attn/prim__ListConstruct Unique ID:0 = n15035_prim::ListConstruct{id_63668_46/attn/aten__neg id_63662_46/attn/aten__slice } , scope=46/attn
   %id_63673_46/attn/aten__cat Unique ID:9918 = n15037_aten::cat{id_63679_46/attn/prim__ListConstruct id_63681_46/attn/prim__constant } , scope=46/attn
   %id_63688_46/attn/aten__mul Unique ID:9920 = n15044_aten::mul{id_63673_46/attn/aten__cat id_63659_46/attn/aten__unsqueeze } , scope=46/attn
   %id_63635_46/attn/hpu__input Unique ID:9909 = n15025_hpu::input{} , scope=46/attn
   %id_63145_46/attn/aten__unsqueeze Unique ID:9910 = n15040_aten::unsqueeze{id_63635_46/attn/hpu__input Uniqueid: 9909 } , scope=46/attn
   %id_63151_46/attn/aten__unsqueeze Unique ID:9911 = n15039_aten::unsqueeze{id_63145_46/attn/aten__unsqueeze } , scope=46/attn
   %id_63133_46/attn/aten__slice Unique ID:9907 = n15038_aten::slice{id_63631_46/attn/hpu__input Uniqueid: 9890 } , scope=46/attn, dim=3, start=0, end=96, step=1
   %id_63684_46/attn/aten__mul Unique ID:9919 = n15041_aten::mul{id_63133_46/attn/aten__slice id_63151_46/attn/aten__unsqueeze } , scope=46/attn
   %id_63697_46/attn/hpu__add Unique ID:9921 = n15046_hpu::add{id_63684_46/attn/aten__mul id_63688_46/attn/aten__mul id_63700_46/attn/prim__constant } , scope=46/attn
   %id_63707_46/attn/prim__ListConstruct Unique ID:0 = n15048_prim::ListConstruct{id_63697_46/attn/hpu__add id_63137_46/attn/aten__slice } , scope=46/attn
   %id_63703_46/attn/aten__cat Unique ID:9922 = n15050_aten::cat{id_63707_46/attn/prim__ListConstruct id_63709_46/attn/prim__constant } , scope=46/attn
   %id_63715_46/attn/aten__transpose Unique ID:9924 = n15052_aten::transpose{id_63703_46/attn/aten__cat } , scope=46/attn, dim0=1, dim1=2
   %id_63633_46/attn/hpu__input Unique ID:9906 = n15024_hpu::input{} , scope=46/attn
   %id_63712_46/attn/aten__transpose Unique ID:9923 = n15051_aten::transpose{id_63633_46/attn/hpu__input Uniqueid: 9906 } , scope=46/attn, dim0=1, dim1=2
   %id_63721_46/attn/hpu__sdpa_fwd Unique ID:9926, %id_63724_46/attn/hpu__sdpa_fwd Unique ID:9927, %id_63727_46/attn/hpu__sdpa_fwd Unique ID:9928 = n15058_hpu::sdpa_fwd{id_63712_46/attn/aten__transpose id_63715_46/attn/aten__transpose id_63718_46/attn/aten__transpose id_63734_46/attn/prim__constant id_63736_46/attn/prim__constant id_63740_46/attn/prim__constant } @9=left, @8=None, @7=fast, @3=None, scope=46/attn
   %id_63738_46/attn/aten__transpose Unique ID:9929 = n15059_aten::transpose{id_63721_46/attn/hpu__sdpa_fwd } , scope=46/attn, dim0=1, dim1=2
   %id_63746_46/attn/aten__clone Unique ID:9930 = n15061_aten::clone{id_63738_46/attn/aten__transpose id_63751_46/attn/prim__constant } , scope=46/attn
   %id_63750_46/attn/0/aten__view Unique ID:9931 = n15062_aten::view{id_63746_46/attn/aten__clone } , scope=46/attn/0, View Size = [1, 15911, 7168]
   %id_63756_46/attn/0/aten__linear Unique ID:9932 = n15063_aten::linear{id_63750_46/attn/0/aten__view id_5914_hpu__input Uniqueid: 1180 } @2=None, scope=46/attn/0
   %id_63761_46/aten__view Unique ID:9933 = n15068_aten::view{id_63756_46/attn/0/aten__linear } , scope=46, View Size = [1, 15911, 5376]
   %id_63769_46/prim__constant Unique ID:0 = n15066_prim::constant{} , scope=46, value=0
   %id_63641_46/aten__view Unique ID:9852 = n15065_aten::view{id_63625_46/attn/hpu__input Uniqueid: 9851 } , scope=46, View Size = [3, 32256]
   %id_62844_46/aten__slice Unique ID:9855 = n15064_aten::slice{id_63641_46/aten__view } , scope=46, dim=-1, start=10752, end=16128, step=1
   %id_63764_46/aten__index_select Unique ID:9934 = n15067_aten::index_select{id_62844_46/aten__slice id_63769_46/prim__constant id_25431_0/attn/hpu__input Uniqueid: 4787 } , scope=46
   %id_63772_46/aten__mul Unique ID:9935 = n15069_aten::mul{id_63764_46/aten__index_select id_63761_46/aten__view } , scope=46
   %id_63623_46/attn/hpu__input Unique ID:9848 = n15019_hpu::input{} , scope=46/attn
   %id_63777_46/hpu__add Unique ID:9936 = n15071_hpu::add{id_63623_46/attn/hpu__input Uniqueid: 9848 id_63772_46/aten__mul id_63780_46/prim__constant } , scope=46
   %id_63786_46/hpu__cast Unique ID:9937 = n15075_hpu::cast{id_63777_46/hpu__add id_63788_46/prim__constant } , scope=46
   %id_63791_46/norm2/aten__pow Unique ID:9938 = n15077_aten::pow{id_63786_46/hpu__cast id_63794_46/norm2/prim__constant } , scope=46/norm2
   %id_63797_46/norm2/aten__mean Unique ID:9939 = n15079_aten::mean{id_63791_46/norm2/aten__pow id_63800_46/norm2/prim__constant } @3=None, @1=[2], scope=46/norm2
   %id_63797_46/norm2/hpu__add_ Unique ID:9939 = n15081_hpu::add_{id_63797_46/norm2/aten__mean id_23854_token_refiner/0/norm1/hpu__input Uniqueid: 4645 id_63803_46/norm2/prim__constant } , scope=46/norm2
   %id_63806_46/norm2/aten__rsqrt Unique ID:9940 = n15082_aten::rsqrt{id_63797_46/norm2/hpu__add_ } , scope=46/norm2
   %id_63810_46/norm2/aten__mul Unique ID:9941 = n15083_aten::mul{id_63786_46/hpu__cast id_63806_46/norm2/aten__rsqrt } , scope=46/norm2
   %id_63814_46/norm2/aten__mul Unique ID:9942 = n15084_aten::mul{id_63810_46/norm2/aten__mul id_5924_hpu__input Uniqueid: 1182 } , scope=46/norm2
   %id_63821_46/norm2/hpu__cast Unique ID:9943 = n15088_hpu::cast{id_63814_46/norm2/aten__mul id_63823_46/norm2/prim__constant } , scope=46/norm2
   %id_63840_46/aten__mul Unique ID:9946 = n15098_aten::mul{id_63821_46/norm2/hpu__cast id_63834_46/hpu__add } , scope=46
   %id_63857_46/hpu__add Unique ID:9948 = n15104_hpu::add{id_63840_46/aten__mul id_63848_46/aten__index_select id_63863_46/prim__constant } , scope=46
   %id_63866_46/ff/0/proj/aten__linear Unique ID:9949 = n15105_aten::linear{id_63857_46/hpu__add id_5934_hpu__input Uniqueid: 1184 } @2=None, scope=46/ff/0/proj
   %id_63873_46/ff/0/activation/aten__slice Unique ID:9951 = n15106_aten::slice{id_63866_46/ff/0/proj/aten__linear } , scope=46/ff/0/activation, dim=-1, start=14336, end=28672, step=1
   %id_63876_46/ff/0/activation/aten__silu Unique ID:9952 = n15107_aten::silu{id_63873_46/ff/0/activation/aten__slice } , scope=46/ff/0/activation
   %id_63870_46/ff/0/aten__slice Unique ID:9950 = n15108_aten::slice{id_63866_46/ff/0/proj/aten__linear } , scope=46/ff/0, dim=-1, start=0, end=14336, step=1
   %id_63881_46/ff/0/aten__mul Unique ID:9953 = n15109_aten::mul{id_63870_46/ff/0/aten__slice id_63876_46/ff/0/activation/aten__silu } , scope=46/ff/0
   %id_63886_46/ff/2/aten__view Unique ID:9954 = n15110_aten::view{id_63881_46/ff/0/aten__mul } , scope=46/ff/2, View Size = [1, 15911, 14336]
   %id_63889_46/ff/2/aten__linear Unique ID:9955 = n15111_aten::linear{id_63886_46/ff/2/aten__view id_5944_hpu__input Uniqueid: 1186 } @2=None, scope=46/ff/2
   %id_63902_46/prim__constant Unique ID:0 = n15114_prim::constant{} , scope=46, value=0
   %id_63641_46/aten__view Unique ID:9852 = n15113_aten::view{id_63625_46/attn/hpu__input Uniqueid: 9851 } , scope=46, View Size = [3, 32256]
   %id_62853_46/aten__slice Unique ID:9858 = n15112_aten::slice{id_63641_46/aten__view } , scope=46, dim=-1, start=26880, end=32256, step=1
   %id_63894_46/aten__index_select Unique ID:9956 = n15115_aten::index_select{id_62853_46/aten__slice id_63902_46/prim__constant id_25431_0/attn/hpu__input Uniqueid: 4787 } , scope=46
   %id_63898_46/aten__mul Unique ID:9957 = n15116_aten::mul{id_63894_46/aten__index_select id_63889_46/ff/2/aten__linear } , scope=46
   %id_63906_46/hpu__add Unique ID:9958 = n15118_hpu::add{id_63777_46/hpu__add id_63898_46/aten__mul id_63913_46/prim__constant } , scope=46
   %id_63956_47/adaln_proj/linear/hpu__cast Unique ID:9969 = n15128_hpu::cast{id_63906_46/hpu__add id_63958_47/adaln_proj/linear/prim__constant } , scope=47/adaln_proj/linear
   %id_63961_47/norm1/aten__pow Unique ID:9970 = n15130_aten::pow{id_63956_47/adaln_proj/linear/hpu__cast id_63964_47/norm1/prim__constant } , scope=47/norm1
   %id_63967_47/norm1/aten__mean Unique ID:9971 = n15132_aten::mean{id_63961_47/norm1/aten__pow id_63970_47/norm1/prim__constant } @3=None, @1=[2], scope=47/norm1
   %id_63967_47/norm1/hpu__add_ Unique ID:9971 = n15134_hpu::add_{id_63967_47/norm1/aten__mean id_23854_token_refiner/0/norm1/hpu__input Uniqueid: 4645 id_63973_47/norm1/prim__constant } , scope=47/norm1
   %id_63976_47/norm1/aten__rsqrt Unique ID:9972 = n15135_aten::rsqrt{id_63967_47/norm1/hpu__add_ } , scope=47/norm1
   %id_63980_47/norm1/aten__mul Unique ID:9973 = n15136_aten::mul{id_63956_47/adaln_proj/linear/hpu__cast id_63976_47/norm1/aten__rsqrt } , scope=47/norm1
   %id_63984_47/norm1/aten__mul Unique ID:9974 = n15137_aten::mul{id_63980_47/norm1/aten__mul id_5974_hpu__input Uniqueid: 1192 } , scope=47/norm1
   %id_63991_47/norm1/hpu__cast Unique ID:9975 = n15141_hpu::cast{id_63984_47/norm1/aten__mul id_63993_47/norm1/prim__constant } , scope=47/norm1
   %id_64010_47/aten__mul Unique ID:9978 = n15151_aten::mul{id_63991_47/norm1/hpu__cast id_64004_47/hpu__add } , scope=47
   %id_64025_47/hpu__add Unique ID:9980 = n15157_hpu::add{id_64010_47/aten__mul id_64019_47/aten__index_select id_64033_47/prim__constant } , scope=47
   %id_64044_47/attn/to_v/aten__linear Unique ID:9983 = n15160_aten::linear{id_64025_47/hpu__add id_6004_hpu__input Uniqueid: 1198 } @2=None, scope=47/attn/to_v
   %id_64054_47/attn/aten__view Unique ID:9986 = n15260_aten::view{id_64044_47/attn/to_v/aten__linear } , scope=47/attn, View Size = [1, 15911, 56, 128]
   %id_64321_47/attn/aten__transpose Unique ID:10035 = n15259_aten::transpose{id_64054_47/attn/aten__view } , scope=47/attn, dim0=1, dim1=2
   %id_64312_47/attn/prim__constant Unique ID:0 = n15255_prim::constant{} , scope=47/attn, value=-1
   %id_64144_47/attn/norm_k/prim__constant Unique ID:0 = n15197_prim::constant{} , scope=47/attn/norm_k, value=15
   %id_6024_hpu__input Unique ID:1202 = n1203_hpu::input{} 
   %id_64124_47/attn/norm_k/prim__constant Unique ID:0 = n15190_prim::constant{} , scope=47/attn/norm_k, value=1
   %id_64121_47/attn/norm_k/prim__constant Unique ID:0 = n15188_prim::constant{} , scope=47/attn/norm_k, value=True
   %id_64115_47/attn/norm_k/prim__constant Unique ID:0 = n15186_prim::constant{} , scope=47/attn/norm_k, value=2
   %id_64112_47/attn/norm_q/prim__constant Unique ID:0 = n15184_prim::constant{} , scope=47/attn/norm_q, value=6
   %id_5994_hpu__input Unique ID:1196 = n1197_hpu::input{} 
   %id_64040_47/attn/to_k/aten__linear Unique ID:9982 = n15159_aten::linear{id_64025_47/hpu__add id_5994_hpu__input Uniqueid: 1196 } @2=None, scope=47/attn/to_k
   %id_64051_47/attn/norm_q/aten__view Unique ID:9985 = n15183_aten::view{id_64040_47/attn/to_k/aten__linear } , scope=47/attn/norm_q, View Size = [1, 15911, 56, 128]
   %id_64105_47/attn/norm_q/hpu__cast Unique ID:9994 = n15185_hpu::cast{id_64051_47/attn/norm_q/aten__view id_64112_47/attn/norm_q/prim__constant } , scope=47/attn/norm_q
   %id_64108_47/attn/norm_k/aten__pow Unique ID:9995 = n15187_aten::pow{id_64105_47/attn/norm_q/hpu__cast id_64115_47/attn/norm_k/prim__constant } , scope=47/attn/norm_k
   %id_64118_47/attn/norm_k/aten__mean Unique ID:9996 = n15189_aten::mean{id_64108_47/attn/norm_k/aten__pow id_64121_47/attn/norm_k/prim__constant } @3=None, @1=[3], scope=47/attn/norm_k
   %id_64118_47/attn/norm_k/hpu__add_ Unique ID:9996 = n15191_hpu::add_{id_64118_47/attn/norm_k/aten__mean id_23854_token_refiner/0/norm1/hpu__input Uniqueid: 4645 id_64124_47/attn/norm_k/prim__constant } , scope=47/attn/norm_k
   %id_64127_47/attn/norm_k/aten__rsqrt Unique ID:9997 = n15192_aten::rsqrt{id_64118_47/attn/norm_k/hpu__add_ } , scope=47/attn/norm_k
   %id_64131_47/attn/norm_k/aten__mul Unique ID:9998 = n15193_aten::mul{id_64105_47/attn/norm_q/hpu__cast id_64127_47/attn/norm_k/aten__rsqrt } , scope=47/attn/norm_k
   %id_64135_47/attn/norm_k/aten__mul Unique ID:9999 = n15194_aten::mul{id_64131_47/attn/norm_k/aten__mul id_6024_hpu__input Uniqueid: 1202 } , scope=47/attn/norm_k
   %id_64142_47/attn/norm_k/hpu__cast Unique ID:10000 = n15198_hpu::cast{id_64135_47/attn/norm_k/aten__mul id_64144_47/attn/norm_k/prim__constant } , scope=47/attn/norm_k
   %id_64234_47/attn/aten__slice Unique ID:10018 = n15253_aten::slice{id_64142_47/attn/norm_k/hpu__cast } , scope=47/attn, dim=3, start=96, end=9223372036854775807, step=1
   %id_64303_47/attn/prim__constant Unique ID:0 = n15251_prim::constant{} , scope=47/attn, value=1
   %id_64259_47/attn/prim__constant Unique ID:0 = n15234_prim::constant{} , scope=47/attn, value=15
   %id_25419_0/attn/hpu__input Unique ID:4638 = n5314_hpu::input{} , scope=0/attn
   %id_64254_47/attn/hpu__cast Unique ID:10022 = n15235_hpu::cast{id_25419_0/attn/hpu__input Uniqueid: 4638 id_64259_47/attn/prim__constant } , scope=47/attn
   %id_64256_47/attn/aten__unsqueeze Unique ID:10023 = n15249_aten::unsqueeze{id_64254_47/attn/hpu__cast } , scope=47/attn
   %id_64262_47/attn/aten__unsqueeze Unique ID:10024 = n15248_aten::unsqueeze{id_64256_47/attn/aten__unsqueeze } , scope=47/attn
   %id_64284_47/attn/prim__constant Unique ID:0 = n15242_prim::constant{} , scope=47/attn, value=-1
   %id_64231_47/attn/aten__slice Unique ID:10017 = n15240_aten::slice{id_64142_47/attn/norm_k/hpu__cast } , scope=47/attn, dim=3, start=0, end=96, step=1
   %id_64265_47/attn/aten__slice Unique ID:10025 = n15239_aten::slice{id_64231_47/attn/aten__slice } , scope=47/attn, dim=-1, start=0, end=48, step=1
   %id_64231_47/attn/aten__slice Unique ID:10017 = n15237_aten::slice{id_64142_47/attn/norm_k/hpu__cast } , scope=47/attn, dim=3, start=0, end=96, step=1
   %id_64268_47/attn/aten__slice Unique ID:10026 = n15236_aten::slice{id_64231_47/attn/aten__slice } , scope=47/attn, dim=-1, start=48, end=96, step=1
   %id_64271_47/attn/aten__neg Unique ID:10027 = n15238_aten::neg{id_64268_47/attn/aten__slice } , scope=47/attn
   %id_64282_47/attn/prim__ListConstruct Unique ID:0 = n15241_prim::ListConstruct{id_64271_47/attn/aten__neg id_64265_47/attn/aten__slice } , scope=47/attn
   %id_64277_47/attn/aten__cat Unique ID:10028 = n15243_aten::cat{id_64282_47/attn/prim__ListConstruct id_64284_47/attn/prim__constant } , scope=47/attn
   %id_64294_47/attn/aten__mul Unique ID:10030 = n15250_aten::mul{id_64277_47/attn/aten__cat id_64262_47/attn/aten__unsqueeze } , scope=47/attn
   %id_64243_47/attn/prim__constant Unique ID:0 = n15230_prim::constant{} , scope=47/attn, value=15
   %id_25417_0/attn/hpu__input Unique ID:4637 = n5313_hpu::input{} , scope=0/attn
   %id_64240_47/attn/hpu__cast Unique ID:10019 = n15231_hpu::cast{id_25417_0/attn/hpu__input Uniqueid: 4637 id_64243_47/attn/prim__constant } , scope=47/attn
   %id_64242_47/attn/aten__unsqueeze Unique ID:10020 = n15246_aten::unsqueeze{id_64240_47/attn/hpu__cast } , scope=47/attn
   %id_64248_47/attn/aten__unsqueeze Unique ID:10021 = n15245_aten::unsqueeze{id_64242_47/attn/aten__unsqueeze } , scope=47/attn
   %id_64231_47/attn/aten__slice Unique ID:10017 = n15244_aten::slice{id_64142_47/attn/norm_k/hpu__cast } , scope=47/attn, dim=3, start=0, end=96, step=1
   %id_64285_47/attn/aten__mul Unique ID:10029 = n15247_aten::mul{id_64231_47/attn/aten__slice id_64248_47/attn/aten__unsqueeze } , scope=47/attn
   %id_64300_47/attn/hpu__add Unique ID:10031 = n15252_hpu::add{id_64285_47/attn/aten__mul id_64294_47/attn/aten__mul id_64303_47/attn/prim__constant } , scope=47/attn
   %id_64310_47/attn/prim__ListConstruct Unique ID:0 = n15254_prim::ListConstruct{id_64300_47/attn/hpu__add id_64234_47/attn/aten__slice } , scope=47/attn
   %id_64306_47/attn/aten__cat Unique ID:10032 = n15256_aten::cat{id_64310_47/attn/prim__ListConstruct id_64312_47/attn/prim__constant } , scope=47/attn
   %id_64318_47/attn/aten__transpose Unique ID:10034 = n15258_aten::transpose{id_64306_47/attn/aten__cat } , scope=47/attn, dim0=1, dim1=2
   %id_64228_47/attn/prim__constant Unique ID:0 = n15226_prim::constant{} , scope=47/attn, value=-1
   %id_64099_47/attn/norm_q/prim__constant Unique ID:0 = n15178_prim::constant{} , scope=47/attn/norm_q, value=15
   %id_6014_hpu__input Unique ID:1200 = n1201_hpu::input{} 
   %id_64079_47/attn/norm_q/prim__constant Unique ID:0 = n15171_prim::constant{} , scope=47/attn/norm_q, value=1
   %id_64076_47/attn/norm_q/prim__constant Unique ID:0 = n15169_prim::constant{} , scope=47/attn/norm_q, value=True
   %id_64070_47/attn/norm_q/prim__constant Unique ID:0 = n15167_prim::constant{} , scope=47/attn/norm_q, value=2
   %id_64067_47/attn/to_v/prim__constant Unique ID:0 = n15165_prim::constant{} , scope=47/attn/to_v, value=6
   %id_5984_hpu__input Unique ID:1194 = n1195_hpu::input{} 
   %id_64036_47/attn/to_q/aten__linear Unique ID:9981 = n15158_aten::linear{id_64025_47/hpu__add id_5984_hpu__input Uniqueid: 1194 } @2=None, scope=47/attn/to_q
   %id_64048_47/attn/to_v/aten__view Unique ID:9984 = n15164_aten::view{id_64036_47/attn/to_q/aten__linear } , scope=47/attn/to_v, View Size = [1, 15911, 56, 128]
   %id_64060_47/attn/to_v/hpu__cast Unique ID:9987 = n15166_hpu::cast{id_64048_47/attn/to_v/aten__view id_64067_47/attn/to_v/prim__constant } , scope=47/attn/to_v
   %id_64063_47/attn/norm_q/aten__pow Unique ID:9988 = n15168_aten::pow{id_64060_47/attn/to_v/hpu__cast id_64070_47/attn/norm_q/prim__constant } , scope=47/attn/norm_q
   %id_64073_47/attn/norm_q/aten__mean Unique ID:9989 = n15170_aten::mean{id_64063_47/attn/norm_q/aten__pow id_64076_47/attn/norm_q/prim__constant } @3=None, @1=[3], scope=47/attn/norm_q
   %id_64073_47/attn/norm_q/hpu__add_ Unique ID:9989 = n15172_hpu::add_{id_64073_47/attn/norm_q/aten__mean id_23854_token_refiner/0/norm1/hpu__input Uniqueid: 4645 id_64079_47/attn/norm_q/prim__constant } , scope=47/attn/norm_q
   %id_64082_47/attn/norm_q/aten__rsqrt Unique ID:9990 = n15173_aten::rsqrt{id_64073_47/attn/norm_q/hpu__add_ } , scope=47/attn/norm_q
   %id_64086_47/attn/norm_q/aten__mul Unique ID:9991 = n15174_aten::mul{id_64060_47/attn/to_v/hpu__cast id_64082_47/attn/norm_q/aten__rsqrt } , scope=47/attn/norm_q
   %id_64090_47/attn/norm_q/aten__mul Unique ID:9992 = n15175_aten::mul{id_64086_47/attn/norm_q/aten__mul id_6014_hpu__input Uniqueid: 1200 } , scope=47/attn/norm_q
   %id_64097_47/attn/norm_q/hpu__cast Unique ID:9993 = n15179_hpu::cast{id_64090_47/attn/norm_q/aten__mul id_64099_47/attn/norm_q/prim__constant } , scope=47/attn/norm_q
   %id_64150_47/attn/aten__slice Unique ID:10002 = n15224_aten::slice{id_64097_47/attn/norm_q/hpu__cast } , scope=47/attn, dim=3, start=96, end=9223372036854775807, step=1
   %id_64219_47/attn/prim__constant Unique ID:0 = n15222_prim::constant{} , scope=47/attn, value=1
   %id_64174_47/attn/norm_k/prim__constant Unique ID:0 = n15205_prim::constant{} , scope=47/attn/norm_k, value=15
   %id_64170_47/attn/norm_k/hpu__cast Unique ID:10006 = n15206_hpu::cast{id_25419_0/attn/hpu__input Uniqueid: 4638 id_64174_47/attn/norm_k/prim__constant } , scope=47/attn/norm_k
   %id_64172_47/attn/aten__unsqueeze Unique ID:10007 = n15220_aten::unsqueeze{id_64170_47/attn/norm_k/hpu__cast } , scope=47/attn
   %id_64178_47/attn/aten__unsqueeze Unique ID:10008 = n15219_aten::unsqueeze{id_64172_47/attn/aten__unsqueeze } , scope=47/attn
   %id_64200_47/attn/prim__constant Unique ID:0 = n15213_prim::constant{} , scope=47/attn, value=-1
   %id_64147_47/attn/aten__slice Unique ID:10001 = n15211_aten::slice{id_64097_47/attn/norm_q/hpu__cast } , scope=47/attn, dim=3, start=0, end=96, step=1
   %id_64181_47/attn/aten__slice Unique ID:10009 = n15210_aten::slice{id_64147_47/attn/aten__slice } , scope=47/attn, dim=-1, start=0, end=48, step=1
   %id_64147_47/attn/aten__slice Unique ID:10001 = n15208_aten::slice{id_64097_47/attn/norm_q/hpu__cast } , scope=47/attn, dim=3, start=0, end=96, step=1
   %id_64184_47/attn/aten__slice Unique ID:10010 = n15207_aten::slice{id_64147_47/attn/aten__slice } , scope=47/attn, dim=-1, start=48, end=96, step=1
   %id_64187_47/attn/aten__neg Unique ID:10011 = n15209_aten::neg{id_64184_47/attn/aten__slice } , scope=47/attn
   %id_64198_47/attn/prim__ListConstruct Unique ID:0 = n15212_prim::ListConstruct{id_64187_47/attn/aten__neg id_64181_47/attn/aten__slice } , scope=47/attn
   %id_64193_47/attn/aten__cat Unique ID:10012 = n15214_aten::cat{id_64198_47/attn/prim__ListConstruct id_64200_47/attn/prim__constant } , scope=47/attn
   %id_64207_47/attn/aten__mul Unique ID:10014 = n15221_aten::mul{id_64193_47/attn/aten__cat id_64178_47/attn/aten__unsqueeze } , scope=47/attn
   %id_64158_47/attn/norm_k/prim__constant Unique ID:0 = n15201_prim::constant{} , scope=47/attn/norm_k, value=15
   %id_64156_47/attn/norm_k/hpu__cast Unique ID:10003 = n15202_hpu::cast{id_25417_0/attn/hpu__input Uniqueid: 4637 id_64158_47/attn/norm_k/prim__constant } , scope=47/attn/norm_k
   %id_64161_47/attn/aten__unsqueeze Unique ID:10004 = n15217_aten::unsqueeze{id_64156_47/attn/norm_k/hpu__cast } , scope=47/attn
   %id_64164_47/attn/aten__unsqueeze Unique ID:10005 = n15216_aten::unsqueeze{id_64161_47/attn/aten__unsqueeze } , scope=47/attn
   %id_64147_47/attn/aten__slice Unique ID:10001 = n15215_aten::slice{id_64097_47/attn/norm_q/hpu__cast } , scope=47/attn, dim=3, start=0, end=96, step=1
   %id_64203_47/attn/aten__mul Unique ID:10013 = n15218_aten::mul{id_64147_47/attn/aten__slice id_64164_47/attn/aten__unsqueeze } , scope=47/attn
   %id_64216_47/attn/hpu__add Unique ID:10015 = n15223_hpu::add{id_64203_47/attn/aten__mul id_64207_47/attn/aten__mul id_64219_47/attn/prim__constant } , scope=47/attn
   %id_64226_47/attn/prim__ListConstruct Unique ID:0 = n15225_prim::ListConstruct{id_64216_47/attn/hpu__add id_64150_47/attn/aten__slice } , scope=47/attn
   %id_64222_47/attn/aten__cat Unique ID:10016 = n15227_aten::cat{id_64226_47/attn/prim__ListConstruct id_64228_47/attn/prim__constant } , scope=47/attn
   %id_64315_47/attn/aten__transpose Unique ID:10033 = n15257_aten::transpose{id_64222_47/attn/aten__cat } , scope=47/attn, dim0=1, dim1=2
   %id_64324_47/attn/hpu__sdpa_fwd Unique ID:10036, %id_64327_47/attn/hpu__sdpa_fwd Unique ID:10037, %id_64330_47/attn/hpu__sdpa_fwd Unique ID:10038 = n15264_hpu::sdpa_fwd{id_64315_47/attn/aten__transpose id_64318_47/attn/aten__transpose id_64321_47/attn/aten__transpose id_64337_47/attn/prim__constant id_64340_47/attn/prim__constant id_64344_47/attn/prim__constant } @9=left, @8=None, @7=fast, @3=None, scope=47/attn
   %id_64339_47/attn/aten__transpose Unique ID:10039 = n15265_aten::transpose{id_64324_47/attn/hpu__sdpa_fwd } , scope=47/attn, dim0=1, dim1=2
   %id_64349_47/attn/aten__clone Unique ID:10040 = n15267_aten::clone{id_64339_47/attn/aten__transpose id_64356_47/attn/prim__constant } , scope=47/attn
   %id_64353_47/attn/0/aten__view Unique ID:10041 = n15268_aten::view{id_64349_47/attn/aten__clone } , scope=47/attn/0, View Size = [1, 15911, 7168]
   %id_64359_47/attn/0/aten__linear Unique ID:10042 = n15269_aten::linear{id_64353_47/attn/0/aten__view id_6034_hpu__input Uniqueid: 1204 } @2=None, scope=47/attn/0
   %id_64364_47/aten__view Unique ID:10043 = n15274_aten::view{id_64359_47/attn/0/aten__linear } , scope=47, View Size = [1, 15911, 5376]
   %id_64372_47/prim__constant Unique ID:0 = n15272_prim::constant{} , scope=47, value=0
   %id_63932_47/aten__view Unique ID:9962 = n15271_aten::view{id_63928_47/adaln_proj/linear/aten__linear } , scope=47, View Size = [3, 32256]
   %id_63941_47/aten__slice Unique ID:9965 = n15270_aten::slice{id_63932_47/aten__view } , scope=47, dim=-1, start=10752, end=16128, step=1
   %id_64367_47/aten__index_select Unique ID:10044 = n15273_aten::index_select{id_63941_47/aten__slice id_64372_47/prim__constant id_25431_0/attn/hpu__input Uniqueid: 4787 } , scope=47
   %id_64375_47/aten__mul Unique ID:10045 = n15275_aten::mul{id_64367_47/aten__index_select id_64364_47/aten__view } , scope=47
   %id_64380_47/hpu__add Unique ID:10046 = n15277_hpu::add{id_63906_46/hpu__add id_64375_47/aten__mul id_64383_47/prim__constant } , scope=47
   %id_64389_47/hpu__cast Unique ID:10047 = n15281_hpu::cast{id_64380_47/hpu__add id_64391_47/prim__constant } , scope=47
   %id_64394_47/norm2/aten__pow Unique ID:10048 = n15283_aten::pow{id_64389_47/hpu__cast id_64397_47/norm2/prim__constant } , scope=47/norm2
   %id_64400_47/norm2/aten__mean Unique ID:10049 = n15285_aten::mean{id_64394_47/norm2/aten__pow id_64403_47/norm2/prim__constant } @3=None, @1=[2], scope=47/norm2
   %id_64400_47/norm2/hpu__add_ Unique ID:10049 = n15287_hpu::add_{id_64400_47/norm2/aten__mean id_23854_token_refiner/0/norm1/hpu__input Uniqueid: 4645 id_64406_47/norm2/prim__constant } , scope=47/norm2
   %id_64409_47/norm2/aten__rsqrt Unique ID:10050 = n15288_aten::rsqrt{id_64400_47/norm2/hpu__add_ } , scope=47/norm2
   %id_64413_47/norm2/aten__mul Unique ID:10051 = n15289_aten::mul{id_64389_47/hpu__cast id_64409_47/norm2/aten__rsqrt } , scope=47/norm2
   %id_64417_47/norm2/aten__mul Unique ID:10052 = n15290_aten::mul{id_64413_47/norm2/aten__mul id_6044_hpu__input Uniqueid: 1206 } , scope=47/norm2
   %id_64424_47/norm2/hpu__cast Unique ID:10053 = n15294_hpu::cast{id_64417_47/norm2/aten__mul id_64426_47/norm2/prim__constant } , scope=47/norm2
   %id_64443_47/aten__mul Unique ID:10056 = n15304_aten::mul{id_64424_47/norm2/hpu__cast id_64437_47/hpu__add } , scope=47
   %id_64460_47/hpu__add Unique ID:10058 = n15310_hpu::add{id_64443_47/aten__mul id_64454_47/aten__index_select id_64466_47/prim__constant } , scope=47
   %id_64469_47/ff/0/proj/aten__linear Unique ID:10059 = n15311_aten::linear{id_64460_47/hpu__add id_6054_hpu__input Uniqueid: 1208 } @2=None, scope=47/ff/0/proj
   %id_64476_47/ff/0/activation/aten__slice Unique ID:10061 = n15312_aten::slice{id_64469_47/ff/0/proj/aten__linear } , scope=47/ff/0/activation, dim=-1, start=14336, end=28672, step=1
   %id_64479_47/ff/0/activation/aten__silu Unique ID:10062 = n15313_aten::silu{id_64476_47/ff/0/activation/aten__slice } , scope=47/ff/0/activation
   %id_64473_47/ff/0/aten__slice Unique ID:10060 = n15314_aten::slice{id_64469_47/ff/0/proj/aten__linear } , scope=47/ff/0, dim=-1, start=0, end=14336, step=1
   %id_64484_47/ff/0/aten__mul Unique ID:10063 = n15315_aten::mul{id_64473_47/ff/0/aten__slice id_64479_47/ff/0/activation/aten__silu } , scope=47/ff/0
   %id_64489_47/ff/2/aten__view Unique ID:10064 = n15316_aten::view{id_64484_47/ff/0/aten__mul } , scope=47/ff/2, View Size = [1, 15911, 14336]
   %id_64492_47/ff/2/aten__linear Unique ID:10065 = n15317_aten::linear{id_64489_47/ff/2/aten__view id_6064_hpu__input Uniqueid: 1210 } @2=None, scope=47/ff/2
   %id_64505_47/prim__constant Unique ID:0 = n15320_prim::constant{} , scope=47, value=0
   %id_63932_47/aten__view Unique ID:9962 = n15319_aten::view{id_63928_47/adaln_proj/linear/aten__linear } , scope=47, View Size = [3, 32256]
   %id_63950_47/aten__slice Unique ID:9968 = n15318_aten::slice{id_63932_47/aten__view } , scope=47, dim=-1, start=26880, end=32256, step=1
   %id_64497_47/aten__index_select Unique ID:10066 = n15321_aten::index_select{id_63950_47/aten__slice id_64505_47/prim__constant id_25431_0/attn/hpu__input Uniqueid: 4787 } , scope=47
   %id_64502_47/aten__mul Unique ID:10067 = n15322_aten::mul{id_64497_47/aten__index_select id_64492_47/ff/2/aten__linear } , scope=47
   %id_64509_47/hpu__add Unique ID:10068 = n15324_hpu::add{id_64380_47/hpu__add id_64502_47/aten__mul id_64512_47/prim__constant } , scope=47
   %id_6204_hpu__input Unique ID:1238 = n1239_hpu::input{} 
   %id_6194_hpu__input Unique ID:1236 = n1237_hpu::input{} 
   %id_64524_48/adaln_proj/prim__constant Unique ID:0 = n15328_prim::constant{} , scope=48/adaln_proj, value=15
   %id_64515_48/adaln_proj/aten__silu Unique ID:10069 = n15325_aten::silu{id_25429_0/attn/hpu__input Uniqueid: 4784 } , scope=48/adaln_proj
   %id_64522_48/adaln_proj/hpu__cast Unique ID:10070 = n15329_hpu::cast{id_64515_48/adaln_proj/aten__silu id_64524_48/adaln_proj/prim__constant } , scope=48/adaln_proj
   %id_64527_48/adaln_proj/linear/aten__linear Unique ID:10071 = n15330_aten::linear{id_64522_48/adaln_proj/hpu__cast id_6194_hpu__input Uniqueid: 1236 id_6204_hpu__input Uniqueid: 1238 } , scope=48/adaln_proj/linear
   %id_64632_48/prim__constant Unique ID:0 = n15362_prim::constant{} , scope=48, value=1
   %id_64629_48/prim__constant Unique ID:0 = n15360_prim::constant{} , scope=48, value=0
   %id_64531_48/aten__view Unique ID:10072 = n15359_aten::view{id_64527_48/adaln_proj/linear/aten__linear Uniqueid: 10071 } , scope=48, View Size = [3, 32256]
   %id_64534_48/aten__slice Unique ID:10073 = n15358_aten::slice{id_64531_48/aten__view } , scope=48, dim=-1, start=0, end=5376, step=1
   %id_64618_48/aten__index_select Unique ID:10089 = n15361_aten::index_select{id_64534_48/aten__slice id_64629_48/prim__constant id_25431_0/attn/hpu__input Uniqueid: 4787 } , scope=48
   %id_64615_48/prim__constant Unique ID:0 = n15355_prim::constant{} , scope=48, value=1
   %id_64612_48/prim__constant Unique ID:0 = n15353_prim::constant{} , scope=48, value=15
   %id_64606_48/hpu__cast Unique ID:4611686018427388001 = n15354_hpu::cast{id_24725_0/hpu__input Uniqueid: 4806 id_64612_48/prim__constant } , scope=48
   %id_64600_48/prim__constant Unique ID:0 = n15350_prim::constant{} , scope=48, value=0
   %id_64531_48/aten__view Unique ID:10072 = n15349_aten::view{id_64527_48/adaln_proj/linear/aten__linear Uniqueid: 10071 } , scope=48, View Size = [3, 32256]
   %id_64537_48/aten__slice Unique ID:10074 = n15348_aten::slice{id_64531_48/aten__view } , scope=48, dim=-1, start=5376, end=10752, step=1
   %id_64595_48/aten__index_select Unique ID:10086 = n15351_aten::index_select{id_64537_48/aten__slice id_64600_48/prim__constant id_25431_0/attn/hpu__input Uniqueid: 4787 } , scope=48
   %id_64603_48/hpu__add Unique ID:10087 = n15356_hpu::add{id_64595_48/aten__index_select id_64606_48/hpu__cast id_64615_48/prim__constant } , scope=48
   %id_64592_48/norm1/prim__constant Unique ID:0 = n15346_prim::constant{} , scope=48/norm1, value=15
   %id_6094_hpu__input Unique ID:1216 = n1217_hpu::input{} 
   %id_64572_48/norm1/prim__constant Unique ID:0 = n15339_prim::constant{} , scope=48/norm1, value=1
   %id_64569_48/norm1/prim__constant Unique ID:0 = n15337_prim::constant{} , scope=48/norm1, value=True
   %id_64563_48/norm1/prim__constant Unique ID:0 = n15335_prim::constant{} , scope=48/norm1, value=2
   %id_64557_48/adaln_proj/linear/prim__constant Unique ID:0 = n15333_prim::constant{} , scope=48/adaln_proj/linear, value=6
   %id_64555_48/adaln_proj/linear/hpu__cast Unique ID:10079 = n15334_hpu::cast{id_64509_47/hpu__add Uniqueid: 10068 id_64557_48/adaln_proj/linear/prim__constant } , scope=48/adaln_proj/linear
   %id_64560_48/norm1/aten__pow Unique ID:10080 = n15336_aten::pow{id_64555_48/adaln_proj/linear/hpu__cast id_64563_48/norm1/prim__constant } , scope=48/norm1
   %id_64566_48/norm1/aten__mean Unique ID:10081 = n15338_aten::mean{id_64560_48/norm1/aten__pow id_64569_48/norm1/prim__constant } @3=None, @1=[2], scope=48/norm1
   %id_64566_48/norm1/hpu__add_ Unique ID:10081 = n15340_hpu::add_{id_64566_48/norm1/aten__mean id_23854_token_refiner/0/norm1/hpu__input Uniqueid: 4645 id_64572_48/norm1/prim__constant } , scope=48/norm1
   %id_64575_48/norm1/aten__rsqrt Unique ID:10082 = n15341_aten::rsqrt{id_64566_48/norm1/hpu__add_ } , scope=48/norm1
   %id_64579_48/norm1/aten__mul Unique ID:10083 = n15342_aten::mul{id_64555_48/adaln_proj/linear/hpu__cast id_64575_48/norm1/aten__rsqrt } , scope=48/norm1
   %id_64583_48/norm1/aten__mul Unique ID:10084 = n15343_aten::mul{id_64579_48/norm1/aten__mul id_6094_hpu__input Uniqueid: 1216 } , scope=48/norm1
   %id_64590_48/norm1/hpu__cast Unique ID:10085 = n15347_hpu::cast{id_64583_48/norm1/aten__mul id_64592_48/norm1/prim__constant } , scope=48/norm1
   %id_64609_48/aten__mul Unique ID:10088 = n15357_aten::mul{id_64590_48/norm1/hpu__cast id_64603_48/hpu__add } , scope=48
   %id_64624_48/hpu__add Unique ID:10090 = n15363_hpu::add{id_64609_48/aten__mul id_64618_48/aten__index_select id_64632_48/prim__constant } , scope=48
   %id_6154_hpu__input Unique ID:1228 = n1229_hpu::input{} 
   %id_64955_48/attn/prim__constant Unique ID:0 = n15472_prim::constant{} , scope=48/attn, value=0
   %id_64943_48/attn/prim__constant Unique ID:0 = n15469_prim::constant{} , scope=48/attn, value=False
   %id_64941_48/attn/prim__constant Unique ID:0 = n15468_prim::constant{} , scope=48/attn, value=0.088388347648318433
   %id_64939_48/attn/prim__constant Unique ID:0 = n15467_prim::constant{} , scope=48/attn, value=0.
   %id_6124_hpu__input Unique ID:1222 = n1223_hpu::input{} 
   %id_64643_48/attn/to_v/aten__linear Unique ID:10093 = n15366_aten::linear{id_64624_48/hpu__add Uniqueid: 10090 id_6124_hpu__input Uniqueid: 1222 } @2=None, scope=48/attn/to_v
   %id_64653_48/attn/aten__view Unique ID:10096 = n15466_aten::view{id_64643_48/attn/to_v/aten__linear } , scope=48/attn, View Size = [1, 15911, 56, 128]
   %id_64920_48/attn/aten__transpose Unique ID:10145 = n15465_aten::transpose{id_64653_48/attn/aten__view } , scope=48/attn, dim0=1, dim1=2
   %id_64911_48/attn/prim__constant Unique ID:0 = n15461_prim::constant{} , scope=48/attn, value=-1
   %id_64743_48/attn/norm_k/prim__constant Unique ID:0 = n15403_prim::constant{} , scope=48/attn/norm_k, value=15
   %id_6144_hpu__input Unique ID:1226 = n1227_hpu::input{} 
   %id_64723_48/attn/norm_k/prim__constant Unique ID:0 = n15396_prim::constant{} , scope=48/attn/norm_k, value=1
   %id_64720_48/attn/norm_k/prim__constant Unique ID:0 = n15394_prim::constant{} , scope=48/attn/norm_k, value=True
   %id_64714_48/attn/norm_k/prim__constant Unique ID:0 = n15392_prim::constant{} , scope=48/attn/norm_k, value=2
   %id_64711_48/attn/norm_q/prim__constant Unique ID:0 = n15390_prim::constant{} , scope=48/attn/norm_q, value=6
   %id_6114_hpu__input Unique ID:1220 = n1221_hpu::input{} 
   %id_64639_48/attn/to_k/aten__linear Unique ID:10092 = n15365_aten::linear{id_64624_48/hpu__add Uniqueid: 10090 id_6114_hpu__input Uniqueid: 1220 } @2=None, scope=48/attn/to_k
   %id_64650_48/attn/norm_q/aten__view Unique ID:10095 = n15389_aten::view{id_64639_48/attn/to_k/aten__linear } , scope=48/attn/norm_q, View Size = [1, 15911, 56, 128]
   %id_64704_48/attn/norm_q/hpu__cast Unique ID:10104 = n15391_hpu::cast{id_64650_48/attn/norm_q/aten__view id_64711_48/attn/norm_q/prim__constant } , scope=48/attn/norm_q
   %id_64707_48/attn/norm_k/aten__pow Unique ID:10105 = n15393_aten::pow{id_64704_48/attn/norm_q/hpu__cast id_64714_48/attn/norm_k/prim__constant } , scope=48/attn/norm_k
   %id_64717_48/attn/norm_k/aten__mean Unique ID:10106 = n15395_aten::mean{id_64707_48/attn/norm_k/aten__pow id_64720_48/attn/norm_k/prim__constant } @3=None, @1=[3], scope=48/attn/norm_k
   %id_64717_48/attn/norm_k/hpu__add_ Unique ID:10106 = n15397_hpu::add_{id_64717_48/attn/norm_k/aten__mean id_23854_token_refiner/0/norm1/hpu__input Uniqueid: 4645 id_64723_48/attn/norm_k/prim__constant } , scope=48/attn/norm_k
   %id_64725_48/attn/norm_k/aten__rsqrt Unique ID:10107 = n15398_aten::rsqrt{id_64717_48/attn/norm_k/hpu__add_ } , scope=48/attn/norm_k
   %id_64730_48/attn/norm_k/aten__mul Unique ID:10108 = n15399_aten::mul{id_64704_48/attn/norm_q/hpu__cast id_64725_48/attn/norm_k/aten__rsqrt } , scope=48/attn/norm_k
   %id_64734_48/attn/norm_k/aten__mul Unique ID:10109 = n15400_aten::mul{id_64730_48/attn/norm_k/aten__mul id_6144_hpu__input Uniqueid: 1226 } , scope=48/attn/norm_k
   %id_64741_48/attn/norm_k/hpu__cast Unique ID:10110 = n15404_hpu::cast{id_64734_48/attn/norm_k/aten__mul id_64743_48/attn/norm_k/prim__constant } , scope=48/attn/norm_k
   %id_64833_48/attn/aten__slice Unique ID:10128 = n15459_aten::slice{id_64741_48/attn/norm_k/hpu__cast } , scope=48/attn, dim=3, start=96, end=9223372036854775807, step=1
   %id_64902_48/attn/prim__constant Unique ID:0 = n15457_prim::constant{} , scope=48/attn, value=1
   %id_64858_48/attn/prim__constant Unique ID:0 = n15440_prim::constant{} , scope=48/attn, value=15
   %id_64853_48/attn/hpu__cast Unique ID:10132 = n15441_hpu::cast{id_25419_0/attn/hpu__input Uniqueid: 4638 id_64858_48/attn/prim__constant } , scope=48/attn
   %id_64855_48/attn/aten__unsqueeze Unique ID:10133 = n15455_aten::unsqueeze{id_64853_48/attn/hpu__cast } , scope=48/attn
   %id_64861_48/attn/aten__unsqueeze Unique ID:10134 = n15454_aten::unsqueeze{id_64855_48/attn/aten__unsqueeze } , scope=48/attn
   %id_64886_48/attn/prim__constant Unique ID:0 = n15448_prim::constant{} , scope=48/attn, value=-1
   %id_64830_48/attn/aten__slice Unique ID:10127 = n15446_aten::slice{id_64741_48/attn/norm_k/hpu__cast } , scope=48/attn, dim=3, start=0, end=96, step=1
   %id_64864_48/attn/aten__slice Unique ID:10135 = n15445_aten::slice{id_64830_48/attn/aten__slice } , scope=48/attn, dim=-1, start=0, end=48, step=1
   %id_64830_48/attn/aten__slice Unique ID:10127 = n15443_aten::slice{id_64741_48/attn/norm_k/hpu__cast } , scope=48/attn, dim=3, start=0, end=96, step=1
   %id_64867_48/attn/aten__slice Unique ID:10136 = n15442_aten::slice{id_64830_48/attn/aten__slice } , scope=48/attn, dim=-1, start=48, end=96, step=1
   %id_64870_48/attn/aten__neg Unique ID:10137 = n15444_aten::neg{id_64867_48/attn/aten__slice } , scope=48/attn
   %id_64884_48/attn/prim__ListConstruct Unique ID:0 = n15447_prim::ListConstruct{id_64870_48/attn/aten__neg id_64864_48/attn/aten__slice } , scope=48/attn
   %id_64876_48/attn/aten__cat Unique ID:10138 = n15449_aten::cat{id_64884_48/attn/prim__ListConstruct id_64886_48/attn/prim__constant } , scope=48/attn
   %id_64890_48/attn/aten__mul Unique ID:10140 = n15456_aten::mul{id_64876_48/attn/aten__cat id_64861_48/attn/aten__unsqueeze } , scope=48/attn
   %id_64841_48/attn/prim__constant Unique ID:0 = n15436_prim::constant{} , scope=48/attn, value=15
   %id_64839_48/attn/hpu__cast Unique ID:10129 = n15437_hpu::cast{id_25417_0/attn/hpu__input Uniqueid: 4637 id_64841_48/attn/prim__constant } , scope=48/attn
   %id_64843_48/attn/aten__unsqueeze Unique ID:10130 = n15452_aten::unsqueeze{id_64839_48/attn/hpu__cast } , scope=48/attn
   %id_64847_48/attn/aten__unsqueeze Unique ID:10131 = n15451_aten::unsqueeze{id_64843_48/attn/aten__unsqueeze } , scope=48/attn
   %id_64830_48/attn/aten__slice Unique ID:10127 = n15450_aten::slice{id_64741_48/attn/norm_k/hpu__cast } , scope=48/attn, dim=3, start=0, end=96, step=1
   %id_64881_48/attn/aten__mul Unique ID:10139 = n15453_aten::mul{id_64830_48/attn/aten__slice id_64847_48/attn/aten__unsqueeze } , scope=48/attn
   %id_64898_48/attn/hpu__add Unique ID:10141 = n15458_hpu::add{id_64881_48/attn/aten__mul id_64890_48/attn/aten__mul id_64902_48/attn/prim__constant } , scope=48/attn
   %id_64909_48/attn/prim__ListConstruct Unique ID:0 = n15460_prim::ListConstruct{id_64898_48/attn/hpu__add id_64833_48/attn/aten__slice } , scope=48/attn
   %id_64905_48/attn/aten__cat Unique ID:10142 = n15462_aten::cat{id_64909_48/attn/prim__ListConstruct id_64911_48/attn/prim__constant } , scope=48/attn
   %id_64917_48/attn/aten__transpose Unique ID:10144 = n15464_aten::transpose{id_64905_48/attn/aten__cat } , scope=48/attn, dim0=1, dim1=2
   %id_64827_48/attn/prim__constant Unique ID:0 = n15432_prim::constant{} , scope=48/attn, value=-1
   %id_64698_48/attn/norm_q/prim__constant Unique ID:0 = n15384_prim::constant{} , scope=48/attn/norm_q, value=15
   %id_6134_hpu__input Unique ID:1224 = n1225_hpu::input{} 
   %id_64678_48/attn/norm_q/prim__constant Unique ID:0 = n15377_prim::constant{} , scope=48/attn/norm_q, value=1
   %id_64675_48/attn/norm_q/prim__constant Unique ID:0 = n15375_prim::constant{} , scope=48/attn/norm_q, value=True
   %id_64669_48/attn/norm_q/prim__constant Unique ID:0 = n15373_prim::constant{} , scope=48/attn/norm_q, value=2
   %id_64663_48/attn/to_v/prim__constant Unique ID:0 = n15371_prim::constant{} , scope=48/attn/to_v, value=6
   %id_6104_hpu__input Unique ID:1218 = n1219_hpu::input{} 
   %id_64635_48/attn/to_q/aten__linear Unique ID:10091 = n15364_aten::linear{id_64624_48/hpu__add Uniqueid: 10090 id_6104_hpu__input Uniqueid: 1218 } @2=None, scope=48/attn/to_q
   %id_64647_48/attn/to_v/aten__view Unique ID:10094 = n15370_aten::view{id_64635_48/attn/to_q/aten__linear } , scope=48/attn/to_v, View Size = [1, 15911, 56, 128]
   %id_64659_48/attn/to_v/hpu__cast Unique ID:10097 = n15372_hpu::cast{id_64647_48/attn/to_v/aten__view id_64663_48/attn/to_v/prim__constant } , scope=48/attn/to_v
   %id_64666_48/attn/norm_q/aten__pow Unique ID:10098 = n15374_aten::pow{id_64659_48/attn/to_v/hpu__cast id_64669_48/attn/norm_q/prim__constant } , scope=48/attn/norm_q
   %id_64672_48/attn/norm_q/aten__mean Unique ID:10099 = n15376_aten::mean{id_64666_48/attn/norm_q/aten__pow id_64675_48/attn/norm_q/prim__constant } @3=None, @1=[3], scope=48/attn/norm_q
   %id_64672_48/attn/norm_q/hpu__add_ Unique ID:10099 = n15378_hpu::add_{id_64672_48/attn/norm_q/aten__mean id_23854_token_refiner/0/norm1/hpu__input Uniqueid: 4645 id_64678_48/attn/norm_q/prim__constant } , scope=48/attn/norm_q
   %id_64681_48/attn/norm_q/aten__rsqrt Unique ID:10100 = n15379_aten::rsqrt{id_64672_48/attn/norm_q/hpu__add_ } , scope=48/attn/norm_q
   %id_64685_48/attn/norm_q/aten__mul Unique ID:10101 = n15380_aten::mul{id_64659_48/attn/to_v/hpu__cast id_64681_48/attn/norm_q/aten__rsqrt } , scope=48/attn/norm_q
   %id_64689_48/attn/norm_q/aten__mul Unique ID:10102 = n15381_aten::mul{id_64685_48/attn/norm_q/aten__mul id_6134_hpu__input Uniqueid: 1224 } , scope=48/attn/norm_q
   %id_64696_48/attn/norm_q/hpu__cast Unique ID:10103 = n15385_hpu::cast{id_64689_48/attn/norm_q/aten__mul id_64698_48/attn/norm_q/prim__constant } , scope=48/attn/norm_q
   %id_64749_48/attn/aten__slice Unique ID:10112 = n15430_aten::slice{id_64696_48/attn/norm_q/hpu__cast } , scope=48/attn, dim=3, start=96, end=9223372036854775807, step=1
   %id_64818_48/attn/prim__constant Unique ID:0 = n15428_prim::constant{} , scope=48/attn, value=1
   %id_64774_48/attn/norm_k/prim__constant Unique ID:0 = n15411_prim::constant{} , scope=48/attn/norm_k, value=15
   %id_64769_48/attn/norm_k/hpu__cast Unique ID:10116 = n15412_hpu::cast{id_25419_0/attn/hpu__input Uniqueid: 4638 id_64774_48/attn/norm_k/prim__constant } , scope=48/attn/norm_k
   %id_64771_48/attn/aten__unsqueeze Unique ID:10117 = n15426_aten::unsqueeze{id_64769_48/attn/norm_k/hpu__cast } , scope=48/attn
   %id_64777_48/attn/aten__unsqueeze Unique ID:10118 = n15425_aten::unsqueeze{id_64771_48/attn/aten__unsqueeze } , scope=48/attn
   %id_64799_48/attn/prim__constant Unique ID:0 = n15419_prim::constant{} , scope=48/attn, value=-1
   %id_64746_48/attn/aten__slice Unique ID:10111 = n15417_aten::slice{id_64696_48/attn/norm_q/hpu__cast } , scope=48/attn, dim=3, start=0, end=96, step=1
   %id_64780_48/attn/aten__slice Unique ID:10119 = n15416_aten::slice{id_64746_48/attn/aten__slice } , scope=48/attn, dim=-1, start=0, end=48, step=1
   %id_64746_48/attn/aten__slice Unique ID:10111 = n15414_aten::slice{id_64696_48/attn/norm_q/hpu__cast } , scope=48/attn, dim=3, start=0, end=96, step=1
   %id_64783_48/attn/aten__slice Unique ID:10120 = n15413_aten::slice{id_64746_48/attn/aten__slice } , scope=48/attn, dim=-1, start=48, end=96, step=1
   %id_64786_48/attn/aten__neg Unique ID:10121 = n15415_aten::neg{id_64783_48/attn/aten__slice } , scope=48/attn
   %id_64797_48/attn/prim__ListConstruct Unique ID:0 = n15418_prim::ListConstruct{id_64786_48/attn/aten__neg id_64780_48/attn/aten__slice } , scope=48/attn
   %id_64792_48/attn/aten__cat Unique ID:10122 = n15420_aten::cat{id_64797_48/attn/prim__ListConstruct id_64799_48/attn/prim__constant } , scope=48/attn
   %id_64806_48/attn/aten__mul Unique ID:10124 = n15427_aten::mul{id_64792_48/attn/aten__cat id_64777_48/attn/aten__unsqueeze } , scope=48/attn
   %id_64757_48/attn/norm_k/prim__constant Unique ID:0 = n15407_prim::constant{} , scope=48/attn/norm_k, value=15
   %id_64755_48/attn/norm_k/hpu__cast Unique ID:10113 = n15408_hpu::cast{id_25417_0/attn/hpu__input Uniqueid: 4637 id_64757_48/attn/norm_k/prim__constant } , scope=48/attn/norm_k
   %id_64760_48/attn/aten__unsqueeze Unique ID:10114 = n15423_aten::unsqueeze{id_64755_48/attn/norm_k/hpu__cast } , scope=48/attn
   %id_64763_48/attn/aten__unsqueeze Unique ID:10115 = n15422_aten::unsqueeze{id_64760_48/attn/aten__unsqueeze } , scope=48/attn
   %id_64746_48/attn/aten__slice Unique ID:10111 = n15421_aten::slice{id_64696_48/attn/norm_q/hpu__cast } , scope=48/attn, dim=3, start=0, end=96, step=1
   %id_64801_48/attn/aten__mul Unique ID:10123 = n15424_aten::mul{id_64746_48/attn/aten__slice id_64763_48/attn/aten__unsqueeze } , scope=48/attn
   %id_64814_48/attn/hpu__add Unique ID:10125 = n15429_hpu::add{id_64801_48/attn/aten__mul id_64806_48/attn/aten__mul id_64818_48/attn/prim__constant } , scope=48/attn
   %id_64825_48/attn/prim__ListConstruct Unique ID:0 = n15431_prim::ListConstruct{id_64814_48/attn/hpu__add id_64749_48/attn/aten__slice } , scope=48/attn
   %id_64821_48/attn/aten__cat Unique ID:10126 = n15433_aten::cat{id_64825_48/attn/prim__ListConstruct id_64827_48/attn/prim__constant } , scope=48/attn
   %id_64914_48/attn/aten__transpose Unique ID:10143 = n15463_aten::transpose{id_64821_48/attn/aten__cat } , scope=48/attn, dim0=1, dim1=2
   %id_64923_48/attn/hpu__sdpa_fwd Unique ID:10146, %id_64926_48/attn/hpu__sdpa_fwd Unique ID:10147, %id_64929_48/attn/hpu__sdpa_fwd Unique ID:10148 = n15470_hpu::sdpa_fwd{id_64914_48/attn/aten__transpose id_64917_48/attn/aten__transpose id_64920_48/attn/aten__transpose id_64939_48/attn/prim__constant id_64941_48/attn/prim__constant id_64943_48/attn/prim__constant } @9=left, @8=None, @7=fast, @3=None, scope=48/attn
   %id_64934_48/attn/aten__transpose Unique ID:10149 = n15471_aten::transpose{id_64923_48/attn/hpu__sdpa_fwd } , scope=48/attn, dim0=1, dim1=2
   %id_64948_48/attn/aten__clone Unique ID:10150 = n15473_aten::clone{id_64934_48/attn/aten__transpose id_64955_48/attn/prim__constant } , scope=48/attn
   %id_64951_48/attn/0/aten__view Unique ID:10151 = n15474_aten::view{id_64948_48/attn/aten__clone } , scope=48/attn/0, View Size = [1, 15911, 7168]
   %id_64958_48/attn/0/aten__linear Unique ID:10152 = n15475_aten::linear{id_64951_48/attn/0/aten__view id_6154_hpu__input Uniqueid: 1228 } @2=None, scope=48/attn/0
   %id_64982_48/prim__constant Unique ID:0 = n15482_prim::constant{} , scope=48, value=1
   %id_64963_48/aten__view Unique ID:10153 = n15480_aten::view{id_64958_48/attn/0/aten__linear Uniqueid: 10152 } , scope=48, View Size = [1, 15911, 5376]
   %id_64971_48/prim__constant Unique ID:0 = n15478_prim::constant{} , scope=48, value=0
   %id_64531_48/aten__view Unique ID:10072 = n15477_aten::view{id_64527_48/adaln_proj/linear/aten__linear Uniqueid: 10071 } , scope=48, View Size = [3, 32256]
   %id_64540_48/aten__slice Unique ID:10075 = n15476_aten::slice{id_64531_48/aten__view } , scope=48, dim=-1, start=10752, end=16128, step=1
   %id_64966_48/aten__index_select Unique ID:10154 = n15479_aten::index_select{id_64540_48/aten__slice id_64971_48/prim__constant id_25431_0/attn/hpu__input Uniqueid: 4787 } , scope=48
   %id_64974_48/aten__mul Unique ID:10155 = n15481_aten::mul{id_64966_48/aten__index_select id_64963_48/aten__view } , scope=48
   %id_64979_48/hpu__add Unique ID:10156 = n15483_hpu::add{id_64509_47/hpu__add Uniqueid: 10068 id_64974_48/aten__mul id_64982_48/prim__constant } , scope=48
   %id_64990_48/prim__constant Unique ID:0 = n15486_prim::constant{} , scope=48, value=6
   %id_64988_48/hpu__cast Unique ID:10157 = n15487_hpu::cast{id_64979_48/hpu__add Uniqueid: 10156 id_64990_48/prim__constant } , scope=48
}

[Rank:0] Habana exception raised from ValidateSyncInputTensors at hpu_lazy_tensors.cpp:871
Error in block: (SequentialPipelineBlocks):

Traceback (most recent call last):
  File "/root/src/h3/hpu_port/run_t2va.py", line 1851, in <module>
    sys.exit(main())
             ^^^^^^
  File "/root/src/h3/hpu_port/run_t2va.py", line 1808, in main
    state = pipe(**{**kwargs, "num_inference_steps": run_steps})
            ^^^^^^^^^^^^^^^^^^^^^^^^^^^^^^^^^^^^^^^^^^^^^^^^^^^^
  File "/root/src/h3/.venv/lib/python3.12/site-packages/diffusers/modular_pipelines/modular_pipeline.py", line 2927, in __call__
    _, state = self._blocks(self, state)
               ^^^^^^^^^^^^^^^^^^^^^^^^^
  File "/root/src/h3/hpu_port/run_t2va.py", line 935, in logged
    out = orig(self, *args, **kwargs)
          ^^^^^^^^^^^^^^^^^^^^^^^^^^^
  File "/root/src/h3/.venv/lib/python3.12/site-packages/torch/utils/_contextlib.py", line 124, in decorate_context
    return func(*args, **kwargs)
           ^^^^^^^^^^^^^^^^^^^^^
  File "/root/src/h3/.venv/lib/python3.12/site-packages/diffusers/modular_pipelines/modular_pipeline.py", line 1145, in __call__
    pipeline, state = block(pipeline, state)
                      ^^^^^^^^^^^^^^^^^^^^^^
  File "/root/src/h3/hpu_port/run_t2va.py", line 935, in logged
    out = orig(self, *args, **kwargs)
          ^^^^^^^^^^^^^^^^^^^^^^^^^^^
  File "/root/src/h3/.venv/lib/python3.12/site-packages/torch/utils/_contextlib.py", line 124, in decorate_context
    return func(*args, **kwargs)
           ^^^^^^^^^^^^^^^^^^^^^
  File "/root/src/h3/.venv/lib/python3.12/site-packages/diffusers/modular_pipelines/minimax_h3/denoise.py", line 265, in __call__
    components, block_state = self.loop_step(components, block_state, i=i, t=t)
                              ^^^^^^^^^^^^^^^^^^^^^^^^^^^^^^^^^^^^^^^^^^^^^^^^^
  File "/root/src/h3/.venv/lib/python3.12/site-packages/diffusers/modular_pipelines/modular_pipeline.py", line 1515, in loop_step
    components, state = block(components, state, **kwargs)
                        ^^^^^^^^^^^^^^^^^^^^^^^^^^^^^^^^^^
  File "/root/src/h3/hpu_port/run_t2va.py", line 950, in logged
    torch.hpu.synchronize()
  File "/root/src/h3/.venv/lib/python3.12/site-packages/habana_frameworks/torch/hpu/__init__.py", line 164, in synchronize
    return _hpu_C.synchronize_device()
           ^^^^^^^^^^^^^^^^^^^^^^^^^^^
RuntimeError: [Rank:0] FATAL ERROR :: MODULE:PT_BRIDGE Exception in Launch thread...
Check $HABANA_LOGS/ for details[Rank:0] FATAL ERROR :: MODULE:PT_LAZY Error, ValidateSyncInputTensors tensor_data is empty. Tensorid:4787 QueueStatus: ThreadPool m_tasks size: 1 irValue:id_25431_0/attn/hpu__input Uniqueid: 4787 Strided Params Has Value: 0 Failing Graph: IR {
   %id_64512_47/prim__constant Unique ID:0 = n15323_prim::constant{} , scope=47, value=1
   %id_6064_hpu__input Unique ID:1210 = n1211_hpu::input{} 
   %id_6054_hpu__input Unique ID:1208 = n1209_hpu::input{} 
   %id_64466_47/prim__constant Unique ID:0 = n15309_prim::constant{} , scope=47, value=1
   %id_25431_0/attn/hpu__input Unique ID:4787 = n5320_hpu::input{} , scope=0/attn
   %id_64463_47/prim__constant Unique ID:0 = n15307_prim::constant{} , scope=47, value=0
   %id_6084_hpu__input Unique ID:1214 = n1215_hpu::input{} 
   %id_6074_hpu__input Unique ID:1212 = n1213_hpu::input{} 
   %id_63925_47/adaln_proj/prim__constant Unique ID:0 = n15122_prim::constant{} , scope=47/adaln_proj, value=15
   %id_25429_0/attn/hpu__input Unique ID:4784 = n5319_hpu::input{} , scope=0/attn
   %id_63916_47/adaln_proj/aten__silu Unique ID:9959 = n15119_aten::silu{id_25429_0/attn/hpu__input Uniqueid: 4784 } , scope=47/adaln_proj
   %id_63923_47/adaln_proj/hpu__cast Unique ID:9960 = n15123_hpu::cast{id_63916_47/adaln_proj/aten__silu id_63925_47/adaln_proj/prim__constant } , scope=47/adaln_proj
   %id_63928_47/adaln_proj/linear/aten__linear Unique ID:9961 = n15124_aten::linear{id_63923_47/adaln_proj/hpu__cast id_6074_hpu__input Uniqueid: 1212 id_6084_hpu__input Uniqueid: 1214 } , scope=47/adaln_proj/linear
   %id_63932_47/aten__view Unique ID:9962 = n15306_aten::view{id_63928_47/adaln_proj/linear/aten__linear } , scope=47, View Size = [3, 32256]
   %id_63944_47/aten__slice Unique ID:9966 = n15305_aten::slice{id_63932_47/aten__view } , scope=47, dim=-1, start=16128, end=21504, step=1
   %id_64454_47/aten__index_select Unique ID:10057 = n15308_aten::index_select{id_63944_47/aten__slice id_64463_47/prim__constant id_25431_0/attn/hpu__input Uniqueid: 4787 } , scope=47
   %id_64449_47/prim__constant Unique ID:0 = n15302_prim::constant{} , scope=47, value=1
   %id_64446_47/prim__constant Unique ID:0 = n15300_prim::constant{} , scope=47, value=15
   %id_24725_0/hpu__input Unique ID:4806 = n5207_hpu::input{} , scope=0
   %id_64440_47/hpu__cast Unique ID:4611686018427388000 = n15301_hpu::cast{id_24725_0/hpu__input Uniqueid: 4806 id_64446_47/prim__constant } , scope=47
   %id_64434_47/prim__constant Unique ID:0 = n15297_prim::constant{} , scope=47, value=0
   %id_63932_47/aten__view Unique ID:9962 = n15296_aten::view{id_63928_47/adaln_proj/linear/aten__linear } , scope=47, View Size = [3, 32256]
   %id_63947_47/aten__slice Unique ID:9967 = n15295_aten::slice{id_63932_47/aten__view } , scope=47, dim=-1, start=21504, end=26880, step=1
   %id_64429_47/aten__index_select Unique ID:10054 = n15298_aten::index_select{id_63947_47/aten__slice id_64434_47/prim__constant id_25431_0/attn/hpu__input Uniqueid: 4787 } , scope=47
   %id_64437_47/hpu__add Unique ID:10055 = n15303_hpu::add{id_64429_47/aten__index_select id_64440_47/hpu__cast id_64449_47/prim__constant } , scope=47
   %id_64426_47/norm2/prim__constant Unique ID:0 = n15293_prim::constant{} , scope=47/norm2, value=15
   %id_6044_hpu__input Unique ID:1206 = n1207_hpu::input{} 
   %id_64406_47/norm2/prim__constant Unique ID:0 = n15286_prim::constant{} , scope=47/norm2, value=1
   %id_23854_token_refiner/0/norm1/hpu__input Unique ID:4645 = n4916_hpu::input{} , scope=token_refiner/0/norm1
   %id_64403_47/norm2/prim__constant Unique ID:0 = n15284_prim::constant{} , scope=47/norm2, value=True
   %id_64397_47/norm2/prim__constant Unique ID:0 = n15282_prim::constant{} , scope=47/norm2, value=2
   %id_64391_47/prim__constant Unique ID:0 = n15280_prim::constant{} , scope=47, value=6
   %id_64383_47/prim__constant Unique ID:0 = n15276_prim::constant{} , scope=47, value=1
   %id_6034_hpu__input Unique ID:1204 = n1205_hpu::input{} 
   %id_64356_47/attn/prim__constant Unique ID:0 = n15266_prim::constant{} , scope=47/attn, value=0
   %id_64344_47/attn/prim__constant Unique ID:0 = n15263_prim::constant{} , scope=47/attn, value=False
   %id_64340_47/attn/prim__constant Unique ID:0 = n15262_prim::constant{} , scope=47/attn, value=0.088388347648318433
   %id_64337_47/attn/prim__constant Unique ID:0 = n15261_prim::constant{} , scope=47/attn, value=0.
   %id_6004_hpu__input Unique ID:1198 = n1199_hpu::input{} 
   %id_64033_47/prim__constant Unique ID:0 = n15156_prim::constant{} , scope=47, value=1
   %id_64030_47/prim__constant Unique ID:0 = n15154_prim::constant{} , scope=47, value=0
   %id_63932_47/aten__view Unique ID:9962 = n15153_aten::view{id_63928_47/adaln_proj/linear/aten__linear } , scope=47, View Size = [3, 32256]
   %id_63935_47/aten__slice Unique ID:9963 = n15152_aten::slice{id_63932_47/aten__view } , scope=47, dim=-1, start=0, end=5376, step=1
   %id_64019_47/aten__index_select Unique ID:9979 = n15155_aten::index_select{id_63935_47/aten__slice id_64030_47/prim__constant id_25431_0/attn/hpu__input Uniqueid: 4787 } , scope=47
   %id_64016_47/prim__constant Unique ID:0 = n15149_prim::constant{} , scope=47, value=1
   %id_64013_47/prim__constant Unique ID:0 = n15147_prim::constant{} , scope=47, value=15
   %id_64007_47/hpu__cast Unique ID:4611686018427387999 = n15148_hpu::cast{id_24725_0/hpu__input Uniqueid: 4806 id_64013_47/prim__constant } , scope=47
   %id_64001_47/prim__constant Unique ID:0 = n15144_prim::constant{} , scope=47, value=0
   %id_63932_47/aten__view Unique ID:9962 = n15143_aten::view{id_63928_47/adaln_proj/linear/aten__linear } , scope=47, View Size = [3, 32256]
   %id_63938_47/aten__slice Unique ID:9964 = n15142_aten::slice{id_63932_47/aten__view } , scope=47, dim=-1, start=5376, end=10752, step=1
   %id_63996_47/aten__index_select Unique ID:9976 = n15145_aten::index_select{id_63938_47/aten__slice id_64001_47/prim__constant id_25431_0/attn/hpu__input Uniqueid: 4787 } , scope=47
   %id_64004_47/hpu__add Unique ID:9977 = n15150_hpu::add{id_63996_47/aten__index_select id_64007_47/hpu__cast id_64016_47/prim__constant } , scope=47
   %id_63993_47/norm1/prim__constant Unique ID:0 = n15140_prim::constant{} , scope=47/norm1, value=15
   %id_5974_hpu__input Unique ID:1192 = n1193_hpu::input{} 
   %id_63973_47/norm1/prim__constant Unique ID:0 = n15133_prim::constant{} , scope=47/norm1, value=1
   %id_63970_47/norm1/prim__constant Unique ID:0 = n15131_prim::constant{} , scope=47/norm1, value=True
   %id_63964_47/norm1/prim__constant Unique ID:0 = n15129_prim::constant{} , scope=47/norm1, value=2
   %id_63958_47/adaln_proj/linear/prim__constant Unique ID:0 = n15127_prim::constant{} , scope=47/adaln_proj/linear, value=6
   %id_63913_46/prim__constant Unique ID:0 = n15117_prim::constant{} , scope=46, value=1
   %id_5944_hpu__input Unique ID:1186 = n1187_hpu::input{} 
   %id_5934_hpu__input Unique ID:1184 = n1185_hpu::input{} 
   %id_63863_46/prim__constant Unique ID:0 = n15103_prim::constant{} , scope=46, value=1
   %id_63860_46/prim__constant Unique ID:0 = n15101_prim::constant{} , scope=46, value=0
   %id_63625_46/attn/hpu__input Unique ID:9851 = n15020_hpu::input{} , scope=46/attn
   %id_63641_46/aten__view Unique ID:9852 = n15100_aten::view{id_63625_46/attn/hpu__input Uniqueid: 9851 } , scope=46, View Size = [3, 32256]
   %id_62847_46/aten__slice Unique ID:9856 = n15099_aten::slice{id_63641_46/aten__view } , scope=46, dim=-1, start=16128, end=21504, step=1
   %id_63848_46/aten__index_select Unique ID:9947 = n15102_aten::index_select{id_62847_46/aten__slice id_63860_46/prim__constant id_25431_0/attn/hpu__input Uniqueid: 4787 } , scope=46
   %id_63846_46/prim__constant Unique ID:0 = n15096_prim::constant{} , scope=46, value=1
   %id_63843_46/prim__constant Unique ID:0 = n15094_prim::constant{} , scope=46, value=15
   %id_63837_46/hpu__cast Unique ID:4611686018427387998 = n15095_hpu::cast{id_24725_0/hpu__input Uniqueid: 4806 id_63843_46/prim__constant } , scope=46
   %id_63831_46/prim__constant Unique ID:0 = n15091_prim::constant{} , scope=46, value=0
   %id_63641_46/aten__view Unique ID:9852 = n15090_aten::view{id_63625_46/attn/hpu__input Uniqueid: 9851 } , scope=46, View Size = [3, 32256]
   %id_62850_46/aten__slice Unique ID:9857 = n15089_aten::slice{id_63641_46/aten__view } , scope=46, dim=-1, start=21504, end=26880, step=1
   %id_63826_46/aten__index_select Unique ID:9944 = n15092_aten::index_select{id_62850_46/aten__slice id_63831_46/prim__constant id_25431_0/attn/hpu__input Uniqueid: 4787 } , scope=46
   %id_63834_46/hpu__add Unique ID:9945 = n15097_hpu::add{id_63826_46/aten__index_select id_63837_46/hpu__cast id_63846_46/prim__constant } , scope=46
   %id_63823_46/norm2/prim__constant Unique ID:0 = n15087_prim::constant{} , scope=46/norm2, value=15
   %id_5924_hpu__input Unique ID:1182 = n1183_hpu::input{} 
   %id_63803_46/norm2/prim__constant Unique ID:0 = n15080_prim::constant{} , scope=46/norm2, value=1
   %id_63800_46/norm2/prim__constant Unique ID:0 = n15078_prim::constant{} , scope=46/norm2, value=True
   %id_63794_46/norm2/prim__constant Unique ID:0 = n15076_prim::constant{} , scope=46/norm2, value=2
   %id_63788_46/prim__constant Unique ID:0 = n15074_prim::constant{} , scope=46, value=6
   %id_63780_46/prim__constant Unique ID:0 = n15070_prim::constant{} , scope=46, value=1
   %id_5914_hpu__input Unique ID:1180 = n1181_hpu::input{} 
   %id_63751_46/attn/prim__constant Unique ID:0 = n15060_prim::constant{} , scope=46/attn, value=0
   %id_63740_46/attn/prim__constant Unique ID:0 = n15057_prim::constant{} , scope=46/attn, value=False
   %id_63736_46/attn/prim__constant Unique ID:0 = n15056_prim::constant{} , scope=46/attn, value=0.088388347648318433
   %id_63734_46/attn/prim__constant Unique ID:0 = n15055_prim::constant{} , scope=46/attn, value=0.
   %id_63629_46/attn/hpu__input Unique ID:9873 = n15022_hpu::input{} , scope=46/attn
   %id_62957_46/attn/aten__view Unique ID:9876 = n15054_aten::view{id_63629_46/attn/hpu__input Uniqueid: 9873 } , scope=46/attn, View Size = [1, 15911, 56, 128]
   %id_63718_46/attn/aten__transpose Unique ID:9925 = n15053_aten::transpose{id_62957_46/attn/aten__view } , scope=46/attn, dim0=1, dim1=2
   %id_63709_46/attn/prim__constant Unique ID:0 = n15049_prim::constant{} , scope=46/attn, value=-1
   %id_63631_46/attn/hpu__input Unique ID:9890 = n15023_hpu::input{} , scope=46/attn
   %id_63137_46/attn/aten__slice Unique ID:9908 = n15047_aten::slice{id_63631_46/attn/hpu__input Uniqueid: 9890 } , scope=46/attn, dim=3, start=96, end=9223372036854775807, step=1
   %id_63700_46/attn/prim__constant Unique ID:0 = n15045_prim::constant{} , scope=46/attn, value=1
   %id_63637_46/attn/hpu__input Unique ID:9912 = n15026_hpu::input{} , scope=46/attn
   %id_63159_46/attn/aten__unsqueeze Unique ID:9913 = n15043_aten::unsqueeze{id_63637_46/attn/hpu__input Uniqueid: 9912 } , scope=46/attn
   %id_63659_46/attn/aten__unsqueeze Unique ID:9914 = n15042_aten::unsqueeze{id_63159_46/attn/aten__unsqueeze } , scope=46/attn
   %id_63681_46/attn/prim__constant Unique ID:0 = n15036_prim::constant{} , scope=46/attn, value=-1
   %id_63133_46/attn/aten__slice Unique ID:9907 = n15034_aten::slice{id_63631_46/attn/hpu__input Uniqueid: 9890 } , scope=46/attn, dim=3, start=0, end=96, step=1
   %id_63662_46/attn/aten__slice Unique ID:9915 = n15033_aten::slice{id_63133_46/attn/aten__slice } , scope=46/attn, dim=-1, start=0, end=48, step=1
   %id_63133_46/attn/aten__slice Unique ID:9907 = n15031_aten::slice{id_63631_46/attn/hpu__input Uniqueid: 9890 } , scope=46/attn, dim=3, start=0, end=96, step=1
   %id_63665_46/attn/aten__slice Unique ID:9916 = n15030_aten::slice{id_63133_46/attn/aten__slice } , scope=46/attn, dim=-1, start=48, end=96, step=1
   %id_63668_46/attn/aten__neg Unique ID:9917 = n15032_aten::neg{id_63665_46/attn/aten__slice } , scope=46/attn
   %id_63679_46/attn/prim__ListConstruct Unique ID:0 = n15035_prim::ListConstruct{id_63668_46/attn/aten__neg id_63662_46/attn/aten__slice } , scope=46/attn
   %id_63673_46/attn/aten__cat Unique ID:9918 = n15037_aten::cat{id_63679_46/attn/prim__ListConstruct id_63681_46/attn/prim__constant } , scope=46/attn
   %id_63688_46/attn/aten__mul Unique ID:9920 = n15044_aten::mul{id_63673_46/attn/aten__cat id_63659_46/attn/aten__unsqueeze } , scope=46/attn
   %id_63635_46/attn/hpu__input Unique ID:9909 = n15025_hpu::input{} , scope=46/attn
   %id_63145_46/attn/aten__unsqueeze Unique ID:9910 = n15040_aten::unsqueeze{id_63635_46/attn/hpu__input Uniqueid: 9909 } , scope=46/attn
   %id_63151_46/attn/aten__unsqueeze Unique ID:9911 = n15039_aten::unsqueeze{id_63145_46/attn/aten__unsqueeze } , scope=46/attn
   %id_63133_46/attn/aten__slice Unique ID:9907 = n15038_aten::slice{id_63631_46/attn/hpu__input Uniqueid: 9890 } , scope=46/attn, dim=3, start=0, end=96, step=1
   %id_63684_46/attn/aten__mul Unique ID:9919 = n15041_aten::mul{id_63133_46/attn/aten__slice id_63151_46/attn/aten__unsqueeze } , scope=46/attn
   %id_63697_46/attn/hpu__add Unique ID:9921 = n15046_hpu::add{id_63684_46/attn/aten__mul id_63688_46/attn/aten__mul id_63700_46/attn/prim__constant } , scope=46/attn
   %id_63707_46/attn/prim__ListConstruct Unique ID:0 = n15048_prim::ListConstruct{id_63697_46/attn/hpu__add id_63137_46/attn/aten__slice } , scope=46/attn
   %id_63703_46/attn/aten__cat Unique ID:9922 = n15050_aten::cat{id_63707_46/attn/prim__ListConstruct id_63709_46/attn/prim__constant } , scope=46/attn
   %id_63715_46/attn/aten__transpose Unique ID:9924 = n15052_aten::transpose{id_63703_46/attn/aten__cat } , scope=46/attn, dim0=1, dim1=2
   %id_63633_46/attn/hpu__input Unique ID:9906 = n15024_hpu::input{} , scope=46/attn
   %id_63712_46/attn/aten__transpose Unique ID:9923 = n15051_aten::transpose{id_63633_46/attn/hpu__input Uniqueid: 9906 } , scope=46/attn, dim0=1, dim1=2
   %id_63721_46/attn/hpu__sdpa_fwd Unique ID:9926, %id_63724_46/attn/hpu__sdpa_fwd Unique ID:9927, %id_63727_46/attn/hpu__sdpa_fwd Unique ID:9928 = n15058_hpu::sdpa_fwd{id_63712_46/attn/aten__transpose id_63715_46/attn/aten__transpose id_63718_46/attn/aten__transpose id_63734_46/attn/prim__constant id_63736_46/attn/prim__constant id_63740_46/attn/prim__constant } @9=left, @8=None, @7=fast, @3=None, scope=46/attn
   %id_63738_46/attn/aten__transpose Unique ID:9929 = n15059_aten::transpose{id_63721_46/attn/hpu__sdpa_fwd } , scope=46/attn, dim0=1, dim1=2
   %id_63746_46/attn/aten__clone Unique ID:9930 = n15061_aten::clone{id_63738_46/attn/aten__transpose id_63751_46/attn/prim__constant } , scope=46/attn
   %id_63750_46/attn/0/aten__view Unique ID:9931 = n15062_aten::view{id_63746_46/attn/aten__clone } , scope=46/attn/0, View Size = [1, 15911, 7168]
   %id_63756_46/attn/0/aten__linear Unique ID:9932 = n15063_aten::linear{id_63750_46/attn/0/aten__view id_5914_hpu__input Uniqueid: 1180 } @2=None, scope=46/attn/0
   %id_63761_46/aten__view Unique ID:9933 = n15068_aten::view{id_63756_46/attn/0/aten__linear } , scope=46, View Size = [1, 15911, 5376]
   %id_63769_46/prim__constant Unique ID:0 = n15066_prim::constant{} , scope=46, value=0
   %id_63641_46/aten__view Unique ID:9852 = n15065_aten::view{id_63625_46/attn/hpu__input Uniqueid: 9851 } , scope=46, View Size = [3, 32256]
   %id_62844_46/aten__slice Unique ID:9855 = n15064_aten::slice{id_63641_46/aten__view } , scope=46, dim=-1, start=10752, end=16128, step=1
   %id_63764_46/aten__index_select Unique ID:9934 = n15067_aten::index_select{id_62844_46/aten__slice id_63769_46/prim__constant id_25431_0/attn/hpu__input Uniqueid: 4787 } , scope=46
   %id_63772_46/aten__mul Unique ID:9935 = n15069_aten::mul{id_63764_46/aten__index_select id_63761_46/aten__view } , scope=46
   %id_63623_46/attn/hpu__input Unique ID:9848 = n15019_hpu::input{} , scope=46/attn
   %id_63777_46/hpu__add Unique ID:9936 = n15071_hpu::add{id_63623_46/attn/hpu__input Uniqueid: 9848 id_63772_46/aten__mul id_63780_46/prim__constant } , scope=46
   %id_63786_46/hpu__cast Unique ID:9937 = n15075_hpu::cast{id_63777_46/hpu__add id_63788_46/prim__constant } , scope=46
   %id_63791_46/norm2/aten__pow Unique ID:9938 = n15077_aten::pow{id_63786_46/hpu__cast id_63794_46/norm2/prim__constant } , scope=46/norm2
   %id_63797_46/norm2/aten__mean Unique ID:9939 = n15079_aten::mean{id_63791_46/norm2/aten__pow id_63800_46/norm2/prim__constant } @3=None, @1=[2], scope=46/norm2
   %id_63797_46/norm2/hpu__add_ Unique ID:9939 = n15081_hpu::add_{id_63797_46/norm2/aten__mean id_23854_token_refiner/0/norm1/hpu__input Uniqueid: 4645 id_63803_46/norm2/prim__constant } , scope=46/norm2
   %id_63806_46/norm2/aten__rsqrt Unique ID:9940 = n15082_aten::rsqrt{id_63797_46/norm2/hpu__add_ } , scope=46/norm2
   %id_63810_46/norm2/aten__mul Unique ID:9941 = n15083_aten::mul{id_63786_46/hpu__cast id_63806_46/norm2/aten__rsqrt } , scope=46/norm2
   %id_63814_46/norm2/aten__mul Unique ID:9942 = n15084_aten::mul{id_63810_46/norm2/aten__mul id_5924_hpu__input Uniqueid: 1182 } , scope=46/norm2
   %id_63821_46/norm2/hpu__cast Unique ID:9943 = n15088_hpu::cast{id_63814_46/norm2/aten__mul id_63823_46/norm2/prim__constant } , scope=46/norm2
   %id_63840_46/aten__mul Unique ID:9946 = n15098_aten::mul{id_63821_46/norm2/hpu__cast id_63834_46/hpu__add } , scope=46
   %id_63857_46/hpu__add Unique ID:9948 = n15104_hpu::add{id_63840_46/aten__mul id_63848_46/aten__index_select id_63863_46/prim__constant } , scope=46
   %id_63866_46/ff/0/proj/aten__linear Unique ID:9949 = n15105_aten::linear{id_63857_46/hpu__add id_5934_hpu__input Uniqueid: 1184 } @2=None, scope=46/ff/0/proj
   %id_63873_46/ff/0/activation/aten__slice Unique ID:9951 = n15106_aten::slice{id_63866_46/ff/0/proj/aten__linear } , scope=46/ff/0/activation, dim=-1, start=14336, end=28672, step=1
   %id_63876_46/ff/0/activation/aten__silu Unique ID:9952 = n15107_aten::silu{id_63873_46/ff/0/activation/aten__slice } , scope=46/ff/0/activation
   %id_63870_46/ff/0/aten__slice Unique ID:9950 = n15108_aten::slice{id_63866_46/ff/0/proj/aten__linear } , scope=46/ff/0, dim=-1, start=0, end=14336, step=1
   %id_63881_46/ff/0/aten__mul Unique ID:9953 = n15109_aten::mul{id_63870_46/ff/0/aten__slice id_63876_46/ff/0/activation/aten__silu } , scope=46/ff/0
   %id_63886_46/ff/2/aten__view Unique ID:9954 = n15110_aten::view{id_63881_46/ff/0/aten__mul } , scope=46/ff/2, View Size = [1, 15911, 14336]
   %id_63889_46/ff/2/aten__linear Unique ID:9955 = n15111_aten::linear{id_63886_46/ff/2/aten__view id_5944_hpu__input Uniqueid: 1186 } @2=None, scope=46/ff/2
   %id_63902_46/prim__constant Unique ID:0 = n15114_prim::constant{} , scope=46, value=0
   %id_63641_46/aten__view Unique ID:9852 = n15113_aten::view{id_63625_46/attn/hpu__input Uniqueid: 9851 } , scope=46, View Size = [3, 32256]
   %id_62853_46/aten__slice Unique ID:9858 = n15112_aten::slice{id_63641_46/aten__view } , scope=46, dim=-1, start=26880, end=32256, step=1
   %id_63894_46/aten__index_select Unique ID:9956 = n15115_aten::index_select{id_62853_46/aten__slice id_63902_46/prim__constant id_25431_0/attn/hpu__input Uniqueid: 4787 } , scope=46
   %id_63898_46/aten__mul Unique ID:9957 = n15116_aten::mul{id_63894_46/aten__index_select id_63889_46/ff/2/aten__linear } , scope=46
   %id_63906_46/hpu__add Unique ID:9958 = n15118_hpu::add{id_63777_46/hpu__add id_63898_46/aten__mul id_63913_46/prim__constant } , scope=46
   %id_63956_47/adaln_proj/linear/hpu__cast Unique ID:9969 = n15128_hpu::cast{id_63906_46/hpu__add id_63958_47/adaln_proj/linear/prim__constant } , scope=47/adaln_proj/linear
   %id_63961_47/norm1/aten__pow Unique ID:9970 = n15130_aten::pow{id_63956_47/adaln_proj/linear/hpu__cast id_63964_47/norm1/prim__constant } , scope=47/norm1
   %id_63967_47/norm1/aten__mean Unique ID:9971 = n15132_aten::mean{id_63961_47/norm1/aten__pow id_63970_47/norm1/prim__constant } @3=None, @1=[2], scope=47/norm1
   %id_63967_47/norm1/hpu__add_ Unique ID:9971 = n15134_hpu::add_{id_63967_47/norm1/aten__mean id_23854_token_refiner/0/norm1/hpu__input Uniqueid: 4645 id_63973_47/norm1/prim__constant } , scope=47/norm1
   %id_63976_47/norm1/aten__rsqrt Unique ID:9972 = n15135_aten::rsqrt{id_63967_47/norm1/hpu__add_ } , scope=47/norm1
   %id_63980_47/norm1/aten__mul Unique ID:9973 = n15136_aten::mul{id_63956_47/adaln_proj/linear/hpu__cast id_63976_47/norm1/aten__rsqrt } , scope=47/norm1
   %id_63984_47/norm1/aten__mul Unique ID:9974 = n15137_aten::mul{id_63980_47/norm1/aten__mul id_5974_hpu__input Uniqueid: 1192 } , scope=47/norm1
   %id_63991_47/norm1/hpu__cast Unique ID:9975 = n15141_hpu::cast{id_63984_47/norm1/aten__mul id_63993_47/norm1/prim__constant } , scope=47/norm1
   %id_64010_47/aten__mul Unique ID:9978 = n15151_aten::mul{id_63991_47/norm1/hpu__cast id_64004_47/hpu__add } , scope=47
   %id_64025_47/hpu__add Unique ID:9980 = n15157_hpu::add{id_64010_47/aten__mul id_64019_47/aten__index_select id_64033_47/prim__constant } , scope=47
   %id_64044_47/attn/to_v/aten__linear Unique ID:9983 = n15160_aten::linear{id_64025_47/hpu__add id_6004_hpu__input Uniqueid: 1198 } @2=None, scope=47/attn/to_v
   %id_64054_47/attn/aten__view Unique ID:9986 = n15260_aten::view{id_64044_47/attn/to_v/aten__linear } , scope=47/attn, View Size = [1, 15911, 56, 128]
   %id_64321_47/attn/aten__transpose Unique ID:10035 = n15259_aten::transpose{id_64054_47/attn/aten__view } , scope=47/attn, dim0=1, dim1=2
   %id_64312_47/attn/prim__constant Unique ID:0 = n15255_prim::constant{} , scope=47/attn, value=-1
   %id_64144_47/attn/norm_k/prim__constant Unique ID:0 = n15197_prim::constant{} , scope=47/attn/norm_k, value=15
   %id_6024_hpu__input Unique ID:1202 = n1203_hpu::input{} 
   %id_64124_47/attn/norm_k/prim__constant Unique ID:0 = n15190_prim::constant{} , scope=47/attn/norm_k, value=1
   %id_64121_47/attn/norm_k/prim__constant Unique ID:0 = n15188_prim::constant{} , scope=47/attn/norm_k, value=True
   %id_64115_47/attn/norm_k/prim__constant Unique ID:0 = n15186_prim::constant{} , scope=47/attn/norm_k, value=2
   %id_64112_47/attn/norm_q/prim__constant Unique ID:0 = n15184_prim::constant{} , scope=47/attn/norm_q, value=6
   %id_5994_hpu__input Unique ID:1196 = n1197_hpu::input{} 
   %id_64040_47/attn/to_k/aten__linear Unique ID:9982 = n15159_aten::linear{id_64025_47/hpu__add id_5994_hpu__input Uniqueid: 1196 } @2=None, scope=47/attn/to_k
   %id_64051_47/attn/norm_q/aten__view Unique ID:9985 = n15183_aten::view{id_64040_47/attn/to_k/aten__linear } , scope=47/attn/norm_q, View Size = [1, 15911, 56, 128]
   %id_64105_47/attn/norm_q/hpu__cast Unique ID:9994 = n15185_hpu::cast{id_64051_47/attn/norm_q/aten__view id_64112_47/attn/norm_q/prim__constant } , scope=47/attn/norm_q
   %id_64108_47/attn/norm_k/aten__pow Unique ID:9995 = n15187_aten::pow{id_64105_47/attn/norm_q/hpu__cast id_64115_47/attn/norm_k/prim__constant } , scope=47/attn/norm_k
   %id_64118_47/attn/norm_k/aten__mean Unique ID:9996 = n15189_aten::mean{id_64108_47/attn/norm_k/aten__pow id_64121_47/attn/norm_k/prim__constant } @3=None, @1=[3], scope=47/attn/norm_k
   %id_64118_47/attn/norm_k/hpu__add_ Unique ID:9996 = n15191_hpu::add_{id_64118_47/attn/norm_k/aten__mean id_23854_token_refiner/0/norm1/hpu__input Uniqueid: 4645 id_64124_47/attn/norm_k/prim__constant } , scope=47/attn/norm_k
   %id_64127_47/attn/norm_k/aten__rsqrt Unique ID:9997 = n15192_aten::rsqrt{id_64118_47/attn/norm_k/hpu__add_ } , scope=47/attn/norm_k
   %id_64131_47/attn/norm_k/aten__mul Unique ID:9998 = n15193_aten::mul{id_64105_47/attn/norm_q/hpu__cast id_64127_47/attn/norm_k/aten__rsqrt } , scope=47/attn/norm_k
   %id_64135_47/attn/norm_k/aten__mul Unique ID:9999 = n15194_aten::mul{id_64131_47/attn/norm_k/aten__mul id_6024_hpu__input Uniqueid: 1202 } , scope=47/attn/norm_k
   %id_64142_47/attn/norm_k/hpu__cast Unique ID:10000 = n15198_hpu::cast{id_64135_47/attn/norm_k/aten__mul id_64144_47/attn/norm_k/prim__constant } , scope=47/attn/norm_k
   %id_64234_47/attn/aten__slice Unique ID:10018 = n15253_aten::slice{id_64142_47/attn/norm_k/hpu__cast } , scope=47/attn, dim=3, start=96, end=9223372036854775807, step=1
   %id_64303_47/attn/prim__constant Unique ID:0 = n15251_prim::constant{} , scope=47/attn, value=1
   %id_64259_47/attn/prim__constant Unique ID:0 = n15234_prim::constant{} , scope=47/attn, value=15
   %id_25419_0/attn/hpu__input Unique ID:4638 = n5314_hpu::input{} , scope=0/attn
   %id_64254_47/attn/hpu__cast Unique ID:10022 = n15235_hpu::cast{id_25419_0/attn/hpu__input Uniqueid: 4638 id_64259_47/attn/prim__constant } , scope=47/attn
   %id_64256_47/attn/aten__unsqueeze Unique ID:10023 = n15249_aten::unsqueeze{id_64254_47/attn/hpu__cast } , scope=47/attn
   %id_64262_47/attn/aten__unsqueeze Unique ID:10024 = n15248_aten::unsqueeze{id_64256_47/attn/aten__unsqueeze } , scope=47/attn
   %id_64284_47/attn/prim__constant Unique ID:0 = n15242_prim::constant{} , scope=47/attn, value=-1
   %id_64231_47/attn/aten__slice Unique ID:10017 = n15240_aten::slice{id_64142_47/attn/norm_k/hpu__cast } , scope=47/attn, dim=3, start=0, end=96, step=1
   %id_64265_47/attn/aten__slice Unique ID:10025 = n15239_aten::slice{id_64231_47/attn/aten__slice } , scope=47/attn, dim=-1, start=0, end=48, step=1
   %id_64231_47/attn/aten__slice Unique ID:10017 = n15237_aten::slice{id_64142_47/attn/norm_k/hpu__cast } , scope=47/attn, dim=3, start=0, end=96, step=1
   %id_64268_47/attn/aten__slice Unique ID:10026 = n15236_aten::slice{id_64231_47/attn/aten__slice } , scope=47/attn, dim=-1, start=48, end=96, step=1
   %id_64271_47/attn/aten__neg Unique ID:10027 = n15238_aten::neg{id_64268_47/attn/aten__slice } , scope=47/attn
   %id_64282_47/attn/prim__ListConstruct Unique ID:0 = n15241_prim::ListConstruct{id_64271_47/attn/aten__neg id_64265_47/attn/aten__slice } , scope=47/attn
   %id_64277_47/attn/aten__cat Unique ID:10028 = n15243_aten::cat{id_64282_47/attn/prim__ListConstruct id_64284_47/attn/prim__constant } , scope=47/attn
   %id_64294_47/attn/aten__mul Unique ID:10030 = n15250_aten::mul{id_64277_47/attn/aten__cat id_64262_47/attn/aten__unsqueeze } , scope=47/attn
   %id_64243_47/attn/prim__constant Unique ID:0 = n15230_prim::constant{} , scope=47/attn, value=15
   %id_25417_0/attn/hpu__input Unique ID:4637 = n5313_hpu::input{} , scope=0/attn
   %id_64240_47/attn/hpu__cast Unique ID:10019 = n15231_hpu::cast{id_25417_0/attn/hpu__input Uniqueid: 4637 id_64243_47/attn/prim__constant } , scope=47/attn
   %id_64242_47/attn/aten__unsqueeze Unique ID:10020 = n15246_aten::unsqueeze{id_64240_47/attn/hpu__cast } , scope=47/attn
   %id_64248_47/attn/aten__unsqueeze Unique ID:10021 = n15245_aten::unsqueeze{id_64242_47/attn/aten__unsqueeze } , scope=47/attn
   %id_64231_47/attn/aten__slice Unique ID:10017 = n15244_aten::slice{id_64142_47/attn/norm_k/hpu__cast } , scope=47/attn, dim=3, start=0, end=96, step=1
   %id_64285_47/attn/aten__mul Unique ID:10029 = n15247_aten::mul{id_64231_47/attn/aten__slice id_64248_47/attn/aten__unsqueeze } , scope=47/attn
   %id_64300_47/attn/hpu__add Unique ID:10031 = n15252_hpu::add{id_64285_47/attn/aten__mul id_64294_47/attn/aten__mul id_64303_47/attn/prim__constant } , scope=47/attn
   %id_64310_47/attn/prim__ListConstruct Unique ID:0 = n15254_prim::ListConstruct{id_64300_47/attn/hpu__add id_64234_47/attn/aten__slice } , scope=47/attn
   %id_64306_47/attn/aten__cat Unique ID:10032 = n15256_aten::cat{id_64310_47/attn/prim__ListConstruct id_64312_47/attn/prim__constant } , scope=47/attn
   %id_64318_47/attn/aten__transpose Unique ID:10034 = n15258_aten::transpose{id_64306_47/attn/aten__cat } , scope=47/attn, dim0=1, dim1=2
   %id_64228_47/attn/prim__constant Unique ID:0 = n15226_prim::constant{} , scope=47/attn, value=-1
   %id_64099_47/attn/norm_q/prim__constant Unique ID:0 = n15178_prim::constant{} , scope=47/attn/norm_q, value=15
   %id_6014_hpu__input Unique ID:1200 = n1201_hpu::input{} 
   %id_64079_47/attn/norm_q/prim__constant Unique ID:0 = n15171_prim::constant{} , scope=47/attn/norm_q, value=1
   %id_64076_47/attn/norm_q/prim__constant Unique ID:0 = n15169_prim::constant{} , scope=47/attn/norm_q, value=True
   %id_64070_47/attn/norm_q/prim__constant Unique ID:0 = n15167_prim::constant{} , scope=47/attn/norm_q, value=2
   %id_64067_47/attn/to_v/prim__constant Unique ID:0 = n15165_prim::constant{} , scope=47/attn/to_v, value=6
   %id_5984_hpu__input Unique ID:1194 = n1195_hpu::input{} 
   %id_64036_47/attn/to_q/aten__linear Unique ID:9981 = n15158_aten::linear{id_64025_47/hpu__add id_5984_hpu__input Uniqueid: 1194 } @2=None, scope=47/attn/to_q
   %id_64048_47/attn/to_v/aten__view Unique ID:9984 = n15164_aten::view{id_64036_47/attn/to_q/aten__linear } , scope=47/attn/to_v, View Size = [1, 15911, 56, 128]
   %id_64060_47/attn/to_v/hpu__cast Unique ID:9987 = n15166_hpu::cast{id_64048_47/attn/to_v/aten__view id_64067_47/attn/to_v/prim__constant } , scope=47/attn/to_v
   %id_64063_47/attn/norm_q/aten__pow Unique ID:9988 = n15168_aten::pow{id_64060_47/attn/to_v/hpu__cast id_64070_47/attn/norm_q/prim__constant } , scope=47/attn/norm_q
   %id_64073_47/attn/norm_q/aten__mean Unique ID:9989 = n15170_aten::mean{id_64063_47/attn/norm_q/aten__pow id_64076_47/attn/norm_q/prim__constant } @3=None, @1=[3], scope=47/attn/norm_q
   %id_64073_47/attn/norm_q/hpu__add_ Unique ID:9989 = n15172_hpu::add_{id_64073_47/attn/norm_q/aten__mean id_23854_token_refiner/0/norm1/hpu__input Uniqueid: 4645 id_64079_47/attn/norm_q/prim__constant } , scope=47/attn/norm_q
   %id_64082_47/attn/norm_q/aten__rsqrt Unique ID:9990 = n15173_aten::rsqrt{id_64073_47/attn/norm_q/hpu__add_ } , scope=47/attn/norm_q
   %id_64086_47/attn/norm_q/aten__mul Unique ID:9991 = n15174_aten::mul{id_64060_47/attn/to_v/hpu__cast id_64082_47/attn/norm_q/aten__rsqrt } , scope=47/attn/norm_q
   %id_64090_47/attn/norm_q/aten__mul Unique ID:9992 = n15175_aten::mul{id_64086_47/attn/norm_q/aten__mul id_6014_hpu__input Uniqueid: 1200 } , scope=47/attn/norm_q
   %id_64097_47/attn/norm_q/hpu__cast Unique ID:9993 = n15179_hpu::cast{id_64090_47/attn/norm_q/aten__mul id_64099_47/attn/norm_q/prim__constant } , scope=47/attn/norm_q
   %id_64150_47/attn/aten__slice Unique ID:10002 = n15224_aten::slice{id_64097_47/attn/norm_q/hpu__cast } , scope=47/attn, dim=3, start=96, end=9223372036854775807, step=1
   %id_64219_47/attn/prim__constant Unique ID:0 = n15222_prim::constant{} , scope=47/attn, value=1
   %id_64174_47/attn/norm_k/prim__constant Unique ID:0 = n15205_prim::constant{} , scope=47/attn/norm_k, value=15
   %id_64170_47/attn/norm_k/hpu__cast Unique ID:10006 = n15206_hpu::cast{id_25419_0/attn/hpu__input Uniqueid: 4638 id_64174_47/attn/norm_k/prim__constant } , scope=47/attn/norm_k
   %id_64172_47/attn/aten__unsqueeze Unique ID:10007 = n15220_aten::unsqueeze{id_64170_47/attn/norm_k/hpu__cast } , scope=47/attn
   %id_64178_47/attn/aten__unsqueeze Unique ID:10008 = n15219_aten::unsqueeze{id_64172_47/attn/aten__unsqueeze } , scope=47/attn
   %id_64200_47/attn/prim__constant Unique ID:0 = n15213_prim::constant{} , scope=47/attn, value=-1
   %id_64147_47/attn/aten__slice Unique ID:10001 = n15211_aten::slice{id_64097_47/attn/norm_q/hpu__cast } , scope=47/attn, dim=3, start=0, end=96, step=1
   %id_64181_47/attn/aten__slice Unique ID:10009 = n15210_aten::slice{id_64147_47/attn/aten__slice } , scope=47/attn, dim=-1, start=0, end=48, step=1
   %id_64147_47/attn/aten__slice Unique ID:10001 = n15208_aten::slice{id_64097_47/attn/norm_q/hpu__cast } , scope=47/attn, dim=3, start=0, end=96, step=1
   %id_64184_47/attn/aten__slice Unique ID:10010 = n15207_aten::slice{id_64147_47/attn/aten__slice } , scope=47/attn, dim=-1, start=48, end=96, step=1
   %id_64187_47/attn/aten__neg Unique ID:10011 = n15209_aten::neg{id_64184_47/attn/aten__slice } , scope=47/attn
   %id_64198_47/attn/prim__ListConstruct Unique ID:0 = n15212_prim::ListConstruct{id_64187_47/attn/aten__neg id_64181_47/attn/aten__slice } , scope=47/attn
   %id_64193_47/attn/aten__cat Unique ID:10012 = n15214_aten::cat{id_64198_47/attn/prim__ListConstruct id_64200_47/attn/prim__constant } , scope=47/attn
   %id_64207_47/attn/aten__mul Unique ID:10014 = n15221_aten::mul{id_64193_47/attn/aten__cat id_64178_47/attn/aten__unsqueeze } , scope=47/attn
   %id_64158_47/attn/norm_k/prim__constant Unique ID:0 = n15201_prim::constant{} , scope=47/attn/norm_k, value=15
   %id_64156_47/attn/norm_k/hpu__cast Unique ID:10003 = n15202_hpu::cast{id_25417_0/attn/hpu__input Uniqueid: 4637 id_64158_47/attn/norm_k/prim__constant } , scope=47/attn/norm_k
   %id_64161_47/attn/aten__unsqueeze Unique ID:10004 = n15217_aten::unsqueeze{id_64156_47/attn/norm_k/hpu__cast } , scope=47/attn
   %id_64164_47/attn/aten__unsqueeze Unique ID:10005 = n15216_aten::unsqueeze{id_64161_47/attn/aten__unsqueeze } , scope=47/attn
   %id_64147_47/attn/aten__slice Unique ID:10001 = n15215_aten::slice{id_64097_47/attn/norm_q/hpu__cast } , scope=47/attn, dim=3, start=0, end=96, step=1
   %id_64203_47/attn/aten__mul Unique ID:10013 = n15218_aten::mul{id_64147_47/attn/aten__slice id_64164_47/attn/aten__unsqueeze } , scope=47/attn
   %id_64216_47/attn/hpu__add Unique ID:10015 = n15223_hpu::add{id_64203_47/attn/aten__mul id_64207_47/attn/aten__mul id_64219_47/attn/prim__constant } , scope=47/attn
   %id_64226_47/attn/prim__ListConstruct Unique ID:0 = n15225_prim::ListConstruct{id_64216_47/attn/hpu__add id_64150_47/attn/aten__slice } , scope=47/attn
   %id_64222_47/attn/aten__cat Unique ID:10016 = n15227_aten::cat{id_64226_47/attn/prim__ListConstruct id_64228_47/attn/prim__constant } , scope=47/attn
   %id_64315_47/attn/aten__transpose Unique ID:10033 = n15257_aten::transpose{id_64222_47/attn/aten__cat } , scope=47/attn, dim0=1, dim1=2
   %id_64324_47/attn/hpu__sdpa_fwd Unique ID:10036, %id_64327_47/attn/hpu__sdpa_fwd Unique ID:10037, %id_64330_47/attn/hpu__sdpa_fwd Unique ID:10038 = n15264_hpu::sdpa_fwd{id_64315_47/attn/aten__transpose id_64318_47/attn/aten__transpose id_64321_47/attn/aten__transpose id_64337_47/attn/prim__constant id_64340_47/attn/prim__constant id_64344_47/attn/prim__constant } @9=left, @8=None, @7=fast, @3=None, scope=47/attn
   %id_64339_47/attn/aten__transpose Unique ID:10039 = n15265_aten::transpose{id_64324_47/attn/hpu__sdpa_fwd } , scope=47/attn, dim0=1, dim1=2
   %id_64349_47/attn/aten__clone Unique ID:10040 = n15267_aten::clone{id_64339_47/attn/aten__transpose id_64356_47/attn/prim__constant } , scope=47/attn
   %id_64353_47/attn/0/aten__view Unique ID:10041 = n15268_aten::view{id_64349_47/attn/aten__clone } , scope=47/attn/0, View Size = [1, 15911, 7168]
   %id_64359_47/attn/0/aten__linear Unique ID:10042 = n15269_aten::linear{id_64353_47/attn/0/aten__view id_6034_hpu__input Uniqueid: 1204 } @2=None, scope=47/attn/0
   %id_64364_47/aten__view Unique ID:10043 = n15274_aten::view{id_64359_47/attn/0/aten__linear } , scope=47, View Size = [1, 15911, 5376]
   %id_64372_47/prim__constant Unique ID:0 = n15272_prim::constant{} , scope=47, value=0
   %id_63932_47/aten__view Unique ID:9962 = n15271_aten::view{id_63928_47/adaln_proj/linear/aten__linear } , scope=47, View Size = [3, 32256]
   %id_63941_47/aten__slice Unique ID:9965 = n15270_aten::slice{id_63932_47/aten__view } , scope=47, dim=-1, start=10752, end=16128, step=1
   %id_64367_47/aten__index_select Unique ID:10044 = n15273_aten::index_select{id_63941_47/aten__slice id_64372_47/prim__constant id_25431_0/attn/hpu__input Uniqueid: 4787 } , scope=47
   %id_64375_47/aten__mul Unique ID:10045 = n15275_aten::mul{id_64367_47/aten__index_select id_64364_47/aten__view } , scope=47
   %id_64380_47/hpu__add Unique ID:10046 = n15277_hpu::add{id_63906_46/hpu__add id_64375_47/aten__mul id_64383_47/prim__constant } , scope=47
   %id_64389_47/hpu__cast Unique ID:10047 = n15281_hpu::cast{id_64380_47/hpu__add id_64391_47/prim__constant } , scope=47
   %id_64394_47/norm2/aten__pow Unique ID:10048 = n15283_aten::pow{id_64389_47/hpu__cast id_64397_47/norm2/prim__constant } , scope=47/norm2
   %id_64400_47/norm2/aten__mean Unique ID:10049 = n15285_aten::mean{id_64394_47/norm2/aten__pow id_64403_47/norm2/prim__constant } @3=None, @1=[2], scope=47/norm2
   %id_64400_47/norm2/hpu__add_ Unique ID:10049 = n15287_hpu::add_{id_64400_47/norm2/aten__mean id_23854_token_refiner/0/norm1/hpu__input Uniqueid: 4645 id_64406_47/norm2/prim__constant } , scope=47/norm2
   %id_64409_47/norm2/aten__rsqrt Unique ID:10050 = n15288_aten::rsqrt{id_64400_47/norm2/hpu__add_ } , scope=47/norm2
   %id_64413_47/norm2/aten__mul Unique ID:10051 = n15289_aten::mul{id_64389_47/hpu__cast id_64409_47/norm2/aten__rsqrt } , scope=47/norm2
   %id_64417_47/norm2/aten__mul Unique ID:10052 = n15290_aten::mul{id_64413_47/norm2/aten__mul id_6044_hpu__input Uniqueid: 1206 } , scope=47/norm2
   %id_64424_47/norm2/hpu__cast Unique ID:10053 = n15294_hpu::cast{id_64417_47/norm2/aten__mul id_64426_47/norm2/prim__constant } , scope=47/norm2
   %id_64443_47/aten__mul Unique ID:10056 = n15304_aten::mul{id_64424_47/norm2/hpu__cast id_64437_47/hpu__add } , scope=47
   %id_64460_47/hpu__add Unique ID:10058 = n15310_hpu::add{id_64443_47/aten__mul id_64454_47/aten__index_select id_64466_47/prim__constant } , scope=47
   %id_64469_47/ff/0/proj/aten__linear Unique ID:10059 = n15311_aten::linear{id_64460_47/hpu__add id_6054_hpu__input Uniqueid: 1208 } @2=None, scope=47/ff/0/proj
   %id_64476_47/ff/0/activation/aten__slice Unique ID:10061 = n15312_aten::slice{id_64469_47/ff/0/proj/aten__linear } , scope=47/ff/0/activation, dim=-1, start=14336, end=28672, step=1
   %id_64479_47/ff/0/activation/aten__silu Unique ID:10062 = n15313_aten::silu{id_64476_47/ff/0/activation/aten__slice } , scope=47/ff/0/activation
   %id_64473_47/ff/0/aten__slice Unique ID:10060 = n15314_aten::slice{id_64469_47/ff/0/proj/aten__linear } , scope=47/ff/0, dim=-1, start=0, end=14336, step=1
   %id_64484_47/ff/0/aten__mul Unique ID:10063 = n15315_aten::mul{id_64473_47/ff/0/aten__slice id_64479_47/ff/0/activation/aten__silu } , scope=47/ff/0
   %id_64489_47/ff/2/aten__view Unique ID:10064 = n15316_aten::view{id_64484_47/ff/0/aten__mul } , scope=47/ff/2, View Size = [1, 15911, 14336]
   %id_64492_47/ff/2/aten__linear Unique ID:10065 = n15317_aten::linear{id_64489_47/ff/2/aten__view id_6064_hpu__input Uniqueid: 1210 } @2=None, scope=47/ff/2
   %id_64505_47/prim__constant Unique ID:0 = n15320_prim::constant{} , scope=47, value=0
   %id_63932_47/aten__view Unique ID:9962 = n15319_aten::view{id_63928_47/adaln_proj/linear/aten__linear } , scope=47, View Size = [3, 32256]
   %id_63950_47/aten__slice Unique ID:9968 = n15318_aten::slice{id_63932_47/aten__view } , scope=47, dim=-1, start=26880, end=32256, step=1
   %id_64497_47/aten__index_select Unique ID:10066 = n15321_aten::index_select{id_63950_47/aten__slice id_64505_47/prim__constant id_25431_0/attn/hpu__input Uniqueid: 4787 } , scope=47
   %id_64502_47/aten__mul Unique ID:10067 = n15322_aten::mul{id_64497_47/aten__index_select id_64492_47/ff/2/aten__linear } , scope=47
   %id_64509_47/hpu__add Unique ID:10068 = n15324_hpu::add{id_64380_47/hpu__add id_64502_47/aten__mul id_64512_47/prim__constant } , scope=47
   %id_6204_hpu__input Unique ID:1238 = n1239_hpu::input{} 
   %id_6194_hpu__input Unique ID:1236 = n1237_hpu::input{} 
   %id_64524_48/adaln_proj/prim__constant Unique ID:0 = n15328_prim::constant{} , scope=48/adaln_proj, value=15
   %id_64515_48/adaln_proj/aten__silu Unique ID:10069 = n15325_aten::silu{id_25429_0/attn/hpu__input Uniqueid: 4784 } , scope=48/adaln_proj
   %id_64522_48/adaln_proj/hpu__cast Unique ID:10070 = n15329_hpu::cast{id_64515_48/adaln_proj/aten__silu id_64524_48/adaln_proj/prim__constant } , scope=48/adaln_proj
   %id_64527_48/adaln_proj/linear/aten__linear Unique ID:10071 = n15330_aten::linear{id_64522_48/adaln_proj/hpu__cast id_6194_hpu__input Uniqueid: 1236 id_6204_hpu__input Uniqueid: 1238 } , scope=48/adaln_proj/linear
   %id_64632_48/prim__constant Unique ID:0 = n15362_prim::constant{} , scope=48, value=1
   %id_64629_48/prim__constant Unique ID:0 = n15360_prim::constant{} , scope=48, value=0
   %id_64531_48/aten__view Unique ID:10072 = n15359_aten::view{id_64527_48/adaln_proj/linear/aten__linear Uniqueid: 10071 } , scope=48, View Size = [3, 32256]
   %id_64534_48/aten__slice Unique ID:10073 = n15358_aten::slice{id_64531_48/aten__view } , scope=48, dim=-1, start=0, end=5376, step=1
   %id_64618_48/aten__index_select Unique ID:10089 = n15361_aten::index_select{id_64534_48/aten__slice id_64629_48/prim__constant id_25431_0/attn/hpu__input Uniqueid: 4787 } , scope=48
   %id_64615_48/prim__constant Unique ID:0 = n15355_prim::constant{} , scope=48, value=1
   %id_64612_48/prim__constant Unique ID:0 = n15353_prim::constant{} , scope=48, value=15
   %id_64606_48/hpu__cast Unique ID:4611686018427388001 = n15354_hpu::cast{id_24725_0/hpu__input Uniqueid: 4806 id_64612_48/prim__constant } , scope=48
   %id_64600_48/prim__constant Unique ID:0 = n15350_prim::constant{} , scope=48, value=0
   %id_64531_48/aten__view Unique ID:10072 = n15349_aten::view{id_64527_48/adaln_proj/linear/aten__linear Uniqueid: 10071 } , scope=48, View Size = [3, 32256]
   %id_64537_48/aten__slice Unique ID:10074 = n15348_aten::slice{id_64531_48/aten__view } , scope=48, dim=-1, start=5376, end=10752, step=1
   %id_64595_48/aten__index_select Unique ID:10086 = n15351_aten::index_select{id_64537_48/aten__slice id_64600_48/prim__constant id_25431_0/attn/hpu__input Uniqueid: 4787 } , scope=48
   %id_64603_48/hpu__add Unique ID:10087 = n15356_hpu::add{id_64595_48/aten__index_select id_64606_48/hpu__cast id_64615_48/prim__constant } , scope=48
   %id_64592_48/norm1/prim__constant Unique ID:0 = n15346_prim::constant{} , scope=48/norm1, value=15
   %id_6094_hpu__input Unique ID:1216 = n1217_hpu::input{} 
   %id_64572_48/norm1/prim__constant Unique ID:0 = n15339_prim::constant{} , scope=48/norm1, value=1
   %id_64569_48/norm1/prim__constant Unique ID:0 = n15337_prim::constant{} , scope=48/norm1, value=True
   %id_64563_48/norm1/prim__constant Unique ID:0 = n15335_prim::constant{} , scope=48/norm1, value=2
   %id_64557_48/adaln_proj/linear/prim__constant Unique ID:0 = n15333_prim::constant{} , scope=48/adaln_proj/linear, value=6
   %id_64555_48/adaln_proj/linear/hpu__cast Unique ID:10079 = n15334_hpu::cast{id_64509_47/hpu__add Uniqueid: 10068 id_64557_48/adaln_proj/linear/prim__constant } , scope=48/adaln_proj/linear
   %id_64560_48/norm1/aten__pow Unique ID:10080 = n15336_aten::pow{id_64555_48/adaln_proj/linear/hpu__cast id_64563_48/norm1/prim__constant } , scope=48/norm1
   %id_64566_48/norm1/aten__mean Unique ID:10081 = n15338_aten::mean{id_64560_48/norm1/aten__pow id_64569_48/norm1/prim__constant } @3=None, @1=[2], scope=48/norm1
   %id_64566_48/norm1/hpu__add_ Unique ID:10081 = n15340_hpu::add_{id_64566_48/norm1/aten__mean id_23854_token_refiner/0/norm1/hpu__input Uniqueid: 4645 id_64572_48/norm1/prim__constant } , scope=48/norm1
   %id_64575_48/norm1/aten__rsqrt Unique ID:10082 = n15341_aten::rsqrt{id_64566_48/norm1/hpu__add_ } , scope=48/norm1
   %id_64579_48/norm1/aten__mul Unique ID:10083 = n15342_aten::mul{id_64555_48/adaln_proj/linear/hpu__cast id_64575_48/norm1/aten__rsqrt } , scope=48/norm1
   %id_64583_48/norm1/aten__mul Unique ID:10084 = n15343_aten::mul{id_64579_48/norm1/aten__mul id_6094_hpu__input Uniqueid: 1216 } , scope=48/norm1
   %id_64590_48/norm1/hpu__cast Unique ID:10085 = n15347_hpu::cast{id_64583_48/norm1/aten__mul id_64592_48/norm1/prim__constant } , scope=48/norm1
   %id_64609_48/aten__mul Unique ID:10088 = n15357_aten::mul{id_64590_48/norm1/hpu__cast id_64603_48/hpu__add } , scope=48
   %id_64624_48/hpu__add Unique ID:10090 = n15363_hpu::add{id_64609_48/aten__mul id_64618_48/aten__index_select id_64632_48/prim__constant } , scope=48
   %id_6154_hpu__input Unique ID:1228 = n1229_hpu::input{} 
   %id_64955_48/attn/prim__constant Unique ID:0 = n15472_prim::constant{} , scope=48/attn, value=0
   %id_64943_48/attn/prim__constant Unique ID:0 = n15469_prim::constant{} , scope=48/attn, value=False
   %id_64941_48/attn/prim__constant Unique ID:0 = n15468_prim::constant{} , scope=48/attn, value=0.088388347648318433
   %id_64939_48/attn/prim__constant Unique ID:0 = n15467_prim::constant{} , scope=48/attn, value=0.
   %id_6124_hpu__input Unique ID:1222 = n1223_hpu::input{} 
   %id_64643_48/attn/to_v/aten__linear Unique ID:10093 = n15366_aten::linear{id_64624_48/hpu__add Uniqueid: 10090 id_6124_hpu__input Uniqueid: 1222 } @2=None, scope=48/attn/to_v
   %id_64653_48/attn/aten__view Unique ID:10096 = n15466_aten::view{id_64643_48/attn/to_v/aten__linear } , scope=48/attn, View Size = [1, 15911, 56, 128]
   %id_64920_48/attn/aten__transpose Unique ID:10145 = n15465_aten::transpose{id_64653_48/attn/aten__view } , scope=48/attn, dim0=1, dim1=2
   %id_64911_48/attn/prim__constant Unique ID:0 = n15461_prim::constant{} , scope=48/attn, value=-1
   %id_64743_48/attn/norm_k/prim__constant Unique ID:0 = n15403_prim::constant{} , scope=48/attn/norm_k, value=15
   %id_6144_hpu__input Unique ID:1226 = n1227_hpu::input{} 
   %id_64723_48/attn/norm_k/prim__constant Unique ID:0 = n15396_prim::constant{} , scope=48/attn/norm_k, value=1
   %id_64720_48/attn/norm_k/prim__constant Unique ID:0 = n15394_prim::constant{} , scope=48/attn/norm_k, value=True
   %id_64714_48/attn/norm_k/prim__constant Unique ID:0 = n15392_prim::constant{} , scope=48/attn/norm_k, value=2
   %id_64711_48/attn/norm_q/prim__constant Unique ID:0 = n15390_prim::constant{} , scope=48/attn/norm_q, value=6
   %id_6114_hpu__input Unique ID:1220 = n1221_hpu::input{} 
   %id_64639_48/attn/to_k/aten__linear Unique ID:10092 = n15365_aten::linear{id_64624_48/hpu__add Uniqueid: 10090 id_6114_hpu__input Uniqueid: 1220 } @2=None, scope=48/attn/to_k
   %id_64650_48/attn/norm_q/aten__view Unique ID:10095 = n15389_aten::view{id_64639_48/attn/to_k/aten__linear } , scope=48/attn/norm_q, View Size = [1, 15911, 56, 128]
   %id_64704_48/attn/norm_q/hpu__cast Unique ID:10104 = n15391_hpu::cast{id_64650_48/attn/norm_q/aten__view id_64711_48/attn/norm_q/prim__constant } , scope=48/attn/norm_q
   %id_64707_48/attn/norm_k/aten__pow Unique ID:10105 = n15393_aten::pow{id_64704_48/attn/norm_q/hpu__cast id_64714_48/attn/norm_k/prim__constant } , scope=48/attn/norm_k
   %id_64717_48/attn/norm_k/aten__mean Unique ID:10106 = n15395_aten::mean{id_64707_48/attn/norm_k/aten__pow id_64720_48/attn/norm_k/prim__constant } @3=None, @1=[3], scope=48/attn/norm_k
   %id_64717_48/attn/norm_k/hpu__add_ Unique ID:10106 = n15397_hpu::add_{id_64717_48/attn/norm_k/aten__mean id_23854_token_refiner/0/norm1/hpu__input Uniqueid: 4645 id_64723_48/attn/norm_k/prim__constant } , scope=48/attn/norm_k
   %id_64725_48/attn/norm_k/aten__rsqrt Unique ID:10107 = n15398_aten::rsqrt{id_64717_48/attn/norm_k/hpu__add_ } , scope=48/attn/norm_k
   %id_64730_48/attn/norm_k/aten__mul Unique ID:10108 = n15399_aten::mul{id_64704_48/attn/norm_q/hpu__cast id_64725_48/attn/norm_k/aten__rsqrt } , scope=48/attn/norm_k
   %id_64734_48/attn/norm_k/aten__mul Unique ID:10109 = n15400_aten::mul{id_64730_48/attn/norm_k/aten__mul id_6144_hpu__input Uniqueid: 1226 } , scope=48/attn/norm_k
   %id_64741_48/attn/norm_k/hpu__cast Unique ID:10110 = n15404_hpu::cast{id_64734_48/attn/norm_k/aten__mul id_64743_48/attn/norm_k/prim__constant } , scope=48/attn/norm_k
   %id_64833_48/attn/aten__slice Unique ID:10128 = n15459_aten::slice{id_64741_48/attn/norm_k/hpu__cast } , scope=48/attn, dim=3, start=96, end=9223372036854775807, step=1
   %id_64902_48/attn/prim__constant Unique ID:0 = n15457_prim::constant{} , scope=48/attn, value=1
   %id_64858_48/attn/prim__constant Unique ID:0 = n15440_prim::constant{} , scope=48/attn, value=15
   %id_64853_48/attn/hpu__cast Unique ID:10132 = n15441_hpu::cast{id_25419_0/attn/hpu__input Uniqueid: 4638 id_64858_48/attn/prim__constant } , scope=48/attn
   %id_64855_48/attn/aten__unsqueeze Unique ID:10133 = n15455_aten::unsqueeze{id_64853_48/attn/hpu__cast } , scope=48/attn
   %id_64861_48/attn/aten__unsqueeze Unique ID:10134 = n15454_aten::unsqueeze{id_64855_48/attn/aten__unsqueeze } , scope=48/attn
   %id_64886_48/attn/prim__constant Unique ID:0 = n15448_prim::constant{} , scope=48/attn, value=-1
   %id_64830_48/attn/aten__slice Unique ID:10127 = n15446_aten::slice{id_64741_48/attn/norm_k/hpu__cast } , scope=48/attn, dim=3, start=0, end=96, step=1
   %id_64864_48/attn/aten__slice Unique ID:10135 = n15445_aten::slice{id_64830_48/attn/aten__slice } , scope=48/attn, dim=-1, start=0, end=48, step=1
   %id_64830_48/attn/aten__slice Unique ID:10127 = n15443_aten::slice{id_64741_48/attn/norm_k/hpu__cast } , scope=48/attn, dim=3, start=0, end=96, step=1
   %id_64867_48/attn/aten__slice Unique ID:10136 = n15442_aten::slice{id_64830_48/attn/aten__slice } , scope=48/attn, dim=-1, start=48, end=96, step=1
   %id_64870_48/attn/aten__neg Unique ID:10137 = n15444_aten::neg{id_64867_48/attn/aten__slice } , scope=48/attn
   %id_64884_48/attn/prim__ListConstruct Unique ID:0 = n15447_prim::ListConstruct{id_64870_48/attn/aten__neg id_64864_48/attn/aten__slice } , scope=48/attn
   %id_64876_48/attn/aten__cat Unique ID:10138 = n15449_aten::cat{id_64884_48/attn/prim__ListConstruct id_64886_48/attn/prim__constant } , scope=48/attn
   %id_64890_48/attn/aten__mul Unique ID:10140 = n15456_aten::mul{id_64876_48/attn/aten__cat id_64861_48/attn/aten__unsqueeze } , scope=48/attn
   %id_64841_48/attn/prim__constant Unique ID:0 = n15436_prim::constant{} , scope=48/attn, value=15
   %id_64839_48/attn/hpu__cast Unique ID:10129 = n15437_hpu::cast{id_25417_0/attn/hpu__input Uniqueid: 4637 id_64841_48/attn/prim__constant } , scope=48/attn
   %id_64843_48/attn/aten__unsqueeze Unique ID:10130 = n15452_aten::unsqueeze{id_64839_48/attn/hpu__cast } , scope=48/attn
   %id_64847_48/attn/aten__unsqueeze Unique ID:10131 = n15451_aten::unsqueeze{id_64843_48/attn/aten__unsqueeze } , scope=48/attn
   %id_64830_48/attn/aten__slice Unique ID:10127 = n15450_aten::slice{id_64741_48/attn/norm_k/hpu__cast } , scope=48/attn, dim=3, start=0, end=96, step=1
   %id_64881_48/attn/aten__mul Unique ID:10139 = n15453_aten::mul{id_64830_48/attn/aten__slice id_64847_48/attn/aten__unsqueeze } , scope=48/attn
   %id_64898_48/attn/hpu__add Unique ID:10141 = n15458_hpu::add{id_64881_48/attn/aten__mul id_64890_48/attn/aten__mul id_64902_48/attn/prim__constant } , scope=48/attn
   %id_64909_48/attn/prim__ListConstruct Unique ID:0 = n15460_prim::ListConstruct{id_64898_48/attn/hpu__add id_64833_48/attn/aten__slice } , scope=48/attn
   %id_64905_48/attn/aten__cat Unique ID:10142 = n15462_aten::cat{id_64909_48/attn/prim__ListConstruct id_64911_48/attn/prim__constant } , scope=48/attn
   %id_64917_48/attn/aten__transpose Unique ID:10144 = n15464_aten::transpose{id_64905_48/attn/aten__cat } , scope=48/attn, dim0=1, dim1=2
   %id_64827_48/attn/prim__constant Unique ID:0 = n15432_prim::constant{} , scope=48/attn, value=-1
   %id_64698_48/attn/norm_q/prim__constant Unique ID:0 = n15384_prim::constant{} , scope=48/attn/norm_q, value=15
   %id_6134_hpu__input Unique ID:1224 = n1225_hpu::input{} 
   %id_64678_48/attn/norm_q/prim__constant Unique ID:0 = n15377_prim::constant{} , scope=48/attn/norm_q, value=1
   %id_64675_48/attn/norm_q/prim__constant Unique ID:0 = n15375_prim::constant{} , scope=48/attn/norm_q, value=True
   %id_64669_48/attn/norm_q/prim__constant Unique ID:0 = n15373_prim::constant{} , scope=48/attn/norm_q, value=2
   %id_64663_48/attn/to_v/prim__constant Unique ID:0 = n15371_prim::constant{} , scope=48/attn/to_v, value=6
   %id_6104_hpu__input Unique ID:1218 = n1219_hpu::input{} 
   %id_64635_48/attn/to_q/aten__linear Unique ID:10091 = n15364_aten::linear{id_64624_48/hpu__add Uniqueid: 10090 id_6104_hpu__input Uniqueid: 1218 } @2=None, scope=48/attn/to_q
   %id_64647_48/attn/to_v/aten__view Unique ID:10094 = n15370_aten::view{id_64635_48/attn/to_q/aten__linear } , scope=48/attn/to_v, View Size = [1, 15911, 56, 128]
   %id_64659_48/attn/to_v/hpu__cast Unique ID:10097 = n15372_hpu::cast{id_64647_48/attn/to_v/aten__view id_64663_48/attn/to_v/prim__constant } , scope=48/attn/to_v
   %id_64666_48/attn/norm_q/aten__pow Unique ID:10098 = n15374_aten::pow{id_64659_48/attn/to_v/hpu__cast id_64669_48/attn/norm_q/prim__constant } , scope=48/attn/norm_q
   %id_64672_48/attn/norm_q/aten__mean Unique ID:10099 = n15376_aten::mean{id_64666_48/attn/norm_q/aten__pow id_64675_48/attn/norm_q/prim__constant } @3=None, @1=[3], scope=48/attn/norm_q
   %id_64672_48/attn/norm_q/hpu__add_ Unique ID:10099 = n15378_hpu::add_{id_64672_48/attn/norm_q/aten__mean id_23854_token_refiner/0/norm1/hpu__input Uniqueid: 4645 id_64678_48/attn/norm_q/prim__constant } , scope=48/attn/norm_q
   %id_64681_48/attn/norm_q/aten__rsqrt Unique ID:10100 = n15379_aten::rsqrt{id_64672_48/attn/norm_q/hpu__add_ } , scope=48/attn/norm_q
   %id_64685_48/attn/norm_q/aten__mul Unique ID:10101 = n15380_aten::mul{id_64659_48/attn/to_v/hpu__cast id_64681_48/attn/norm_q/aten__rsqrt } , scope=48/attn/norm_q
   %id_64689_48/attn/norm_q/aten__mul Unique ID:10102 = n15381_aten::mul{id_64685_48/attn/norm_q/aten__mul id_6134_hpu__input Uniqueid: 1224 } , scope=48/attn/norm_q
   %id_64696_48/attn/norm_q/hpu__cast Unique ID:10103 = n15385_hpu::cast{id_64689_48/attn/norm_q/aten__mul id_64698_48/attn/norm_q/prim__constant } , scope=48/attn/norm_q
   %id_64749_48/attn/aten__slice Unique ID:10112 = n15430_aten::slice{id_64696_48/attn/norm_q/hpu__cast } , scope=48/attn, dim=3, start=96, end=9223372036854775807, step=1
   %id_64818_48/attn/prim__constant Unique ID:0 = n15428_prim::constant{} , scope=48/attn, value=1
   %id_64774_48/attn/norm_k/prim__constant Unique ID:0 = n15411_prim::constant{} , scope=48/attn/norm_k, value=15
   %id_64769_48/attn/norm_k/hpu__cast Unique ID:10116 = n15412_hpu::cast{id_25419_0/attn/hpu__input Uniqueid: 4638 id_64774_48/attn/norm_k/prim__constant } , scope=48/attn/norm_k
   %id_64771_48/attn/aten__unsqueeze Unique ID:10117 = n15426_aten::unsqueeze{id_64769_48/attn/norm_k/hpu__cast } , scope=48/attn
   %id_64777_48/attn/aten__unsqueeze Unique ID:10118 = n15425_aten::unsqueeze{id_64771_48/attn/aten__unsqueeze } , scope=48/attn
   %id_64799_48/attn/prim__constant Unique ID:0 = n15419_prim::constant{} , scope=48/attn, value=-1
   %id_64746_48/attn/aten__slice Unique ID:10111 = n15417_aten::slice{id_64696_48/attn/norm_q/hpu__cast } , scope=48/attn, dim=3, start=0, end=96, step=1
   %id_64780_48/attn/aten__slice Unique ID:10119 = n15416_aten::slice{id_64746_48/attn/aten__slice } , scope=48/attn, dim=-1, start=0, end=48, step=1
   %id_64746_48/attn/aten__slice Unique ID:10111 = n15414_aten::slice{id_64696_48/attn/norm_q/hpu__cast } , scope=48/attn, dim=3, start=0, end=96, step=1
   %id_64783_48/attn/aten__slice Unique ID:10120 = n15413_aten::slice{id_64746_48/attn/aten__slice } , scope=48/attn, dim=-1, start=48, end=96, step=1
   %id_64786_48/attn/aten__neg Unique ID:10121 = n15415_aten::neg{id_64783_48/attn/aten__slice } , scope=48/attn
   %id_64797_48/attn/prim__ListConstruct Unique ID:0 = n15418_prim::ListConstruct{id_64786_48/attn/aten__neg id_64780_48/attn/aten__slice } , scope=48/attn
   %id_64792_48/attn/aten__cat Unique ID:10122 = n15420_aten::cat{id_64797_48/attn/prim__ListConstruct id_64799_48/attn/prim__constant } , scope=48/attn
   %id_64806_48/attn/aten__mul Unique ID:10124 = n15427_aten::mul{id_64792_48/attn/aten__cat id_64777_48/attn/aten__unsqueeze } , scope=48/attn
   %id_64757_48/attn/norm_k/prim__constant Unique ID:0 = n15407_prim::constant{} , scope=48/attn/norm_k, value=15
   %id_64755_48/attn/norm_k/hpu__cast Unique ID:10113 = n15408_hpu::cast{id_25417_0/attn/hpu__input Uniqueid: 4637 id_64757_48/attn/norm_k/prim__constant } , scope=48/attn/norm_k
   %id_64760_48/attn/aten__unsqueeze Unique ID:10114 = n15423_aten::unsqueeze{id_64755_48/attn/norm_k/hpu__cast } , scope=48/attn
   %id_64763_48/attn/aten__unsqueeze Unique ID:10115 = n15422_aten::unsqueeze{id_64760_48/attn/aten__unsqueeze } , scope=48/attn
   %id_64746_48/attn/aten__slice Unique ID:10111 = n15421_aten::slice{id_64696_48/attn/norm_q/hpu__cast } , scope=48/attn, dim=3, start=0, end=96, step=1
   %id_64801_48/attn/aten__mul Unique ID:10123 = n15424_aten::mul{id_64746_48/attn/aten__slice id_64763_48/attn/aten__unsqueeze } , scope=48/attn
   %id_64814_48/attn/hpu__add Unique ID:10125 = n15429_hpu::add{id_64801_48/attn/aten__mul id_64806_48/attn/aten__mul id_64818_48/attn/prim__constant } , scope=48/attn
   %id_64825_48/attn/prim__ListConstruct Unique ID:0 = n15431_prim::ListConstruct{id_64814_48/attn/hpu__add id_64749_48/attn/aten__slice } , scope=48/attn
   %id_64821_48/attn/aten__cat Unique ID:10126 = n15433_aten::cat{id_64825_48/attn/prim__ListConstruct id_64827_48/attn/prim__constant } , scope=48/attn
   %id_64914_48/attn/aten__transpose Unique ID:10143 = n15463_aten::transpose{id_64821_48/attn/aten__cat } , scope=48/attn, dim0=1, dim1=2
   %id_64923_48/attn/hpu__sdpa_fwd Unique ID:10146, %id_64926_48/attn/hpu__sdpa_fwd Unique ID:10147, %id_64929_48/attn/hpu__sdpa_fwd Unique ID:10148 = n15470_hpu::sdpa_fwd{id_64914_48/attn/aten__transpose id_64917_48/attn/aten__transpose id_64920_48/attn/aten__transpose id_64939_48/attn/prim__constant id_64941_48/attn/prim__constant id_64943_48/attn/prim__constant } @9=left, @8=None, @7=fast, @3=None, scope=48/attn
   %id_64934_48/attn/aten__transpose Unique ID:10149 = n15471_aten::transpose{id_64923_48/attn/hpu__sdpa_fwd } , scope=48/attn, dim0=1, dim1=2
   %id_64948_48/attn/aten__clone Unique ID:10150 = n15473_aten::clone{id_64934_48/attn/aten__transpose id_64955_48/attn/prim__constant } , scope=48/attn
   %id_64951_48/attn/0/aten__view Unique ID:10151 = n15474_aten::view{id_64948_48/attn/aten__clone } , scope=48/attn/0, View Size = [1, 15911, 7168]
   %id_64958_48/attn/0/aten__linear Unique ID:10152 = n15475_aten::linear{id_64951_48/attn/0/aten__view id_6154_hpu__input Uniqueid: 1228 } @2=None, scope=48/attn/0
   %id_64982_48/prim__constant Unique ID:0 = n15482_prim::constant{} , scope=48, value=1
   %id_64963_48/aten__view Unique ID:10153 = n15480_aten::view{id_64958_48/attn/0/aten__linear Uniqueid: 10152 } , scope=48, View Size = [1, 15911, 5376]
   %id_64971_48/prim__constant Unique ID:0 = n15478_prim::constant{} , scope=48, value=0
   %id_64531_48/aten__view Unique ID:10072 = n15477_aten::view{id_64527_48/adaln_proj/linear/aten__linear Uniqueid: 10071 } , scope=48, View Size = [3, 32256]
   %id_64540_48/aten__slice Unique ID:10075 = n15476_aten::slice{id_64531_48/aten__view } , scope=48, dim=-1, start=10752, end=16128, step=1
   %id_64966_48/aten__index_select Unique ID:10154 = n15479_aten::index_select{id_64540_48/aten__slice id_64971_48/prim__constant id_25431_0/attn/hpu__input Uniqueid: 4787 } , scope=48
   %id_64974_48/aten__mul Unique ID:10155 = n15481_aten::mul{id_64966_48/aten__index_select id_64963_48/aten__view } , scope=48
   %id_64979_48/hpu__add Unique ID:10156 = n15483_hpu::add{id_64509_47/hpu__add Uniqueid: 10068 id_64974_48/aten__mul id_64982_48/prim__constant } , scope=48
   %id_64990_48/prim__constant Unique ID:0 = n15486_prim::constant{} , scope=48, value=6
   %id_64988_48/hpu__cast Unique ID:10157 = n15487_hpu::cast{id_64979_48/hpu__add Uniqueid: 10156 id_64990_48/prim__constant } , scope=48
}

[Rank:0] Habana exception raised from ValidateSyncInputTensors at hpu_lazy_tensors.cpp:871
